学校,专业,代码,招生院系,总分,政治,外语,专业课一,专业课二,录取年份
上海工程技术大学,法学,03,不区分院系,326,45,45,68,68,2023
上海工程技术大学,理学,07,不区分院系,279,38,38,57,57,2023
上海工程技术大学,电子信息,0854,不区分院系,273,38,38,57,57,2023
上海工程技术大学,机械,0855,不区分院系,273,38,38,57,57,2023
上海工程技术大学,材料与化工,0856,不区分院系,273,38,38,57,57,2023
上海工程技术大学,资源与环境,0857,不区分院系,273,38,38,57,57,2023
上海工程技术大学,交通运输,0861,不区分院系,273,38,38,57,57,2023
上海工程技术大学,工学（不含工学照顾专业）,08,不区分院系,273,38,38,57,57,2023
上海工程技术大学,医学（不含中医类照顾专业）,10,不区分院系,296,39,39,117,0,2023
上海工程技术大学,工商管理,1251,不区分院系,167,0,41,82,0,2023
上海工程技术大学,公共管理,1252,不区分院系,175,0,44,88,0,2023
上海工程技术大学,管理学,12,不区分院系,340,47,47,71,71,2023
上海工程技术大学,艺术,1351,不区分院系,362,40,40,60,60,2023
上海工程技术大学,艺术学,13,不区分院系,362,40,40,60,60,2023
上海工程技术大学,法学,03,不区分院系,331,47,47,71,71,2024
上海工程技术大学,理学,07,不区分院系,288,41,41,62,62,2024
上海工程技术大学,电子信息,0854,不区分院系,273,37,37,56,56,2024
上海工程技术大学,机械,0855,不区分院系,273,37,37,56,56,2024
上海工程技术大学,材料与化工,0856,不区分院系,273,37,37,56,56,2024
上海工程技术大学,资源与环境,0857,不区分院系,273,37,37,56,56,2024
上海工程技术大学,交通运输,0861,不区分院系,273,37,37,56,56,2024
上海工程技术大学,工学（不含工学照顾专业）,08,不区分院系,273,37,37,56,56,2024
上海工程技术大学,医学（不含中医类照顾专业）,10,不区分院系,304,42,42,126,126,2024
上海工程技术大学,工商管理,1251,不区分院系,162,0,39,78,0,2024
上海工程技术大学,公共管理,1252,不区分院系,173,0,43,86,0,2024
上海工程技术大学,管理学,12,不区分院系,347,49,49,74,74,2024
上海工程技术大学,设计,1357,不区分院系,362,40,40,60,60,2024
上海工程技术大学,交叉学科,14,不区分院系,275,39,39,59,59,2024
上海工程技术大学,应用统计,0252,不区分院系,323,40,40,60,60,2025
上海工程技术大学,法学,03,不区分院系,323,40,40,60,60,2025
上海工程技术大学,理学,07,不区分院系,274,34,34,51,51,2025
上海工程技术大学,电子信息,0854,不区分院系,260,34,34,51,51,2025
上海工程技术大学,机械,0855,不区分院系,260,34,34,51,51,2025
上海工程技术大学,材料与化工,0856,不区分院系,260,34,34,51,51,2025
上海工程技术大学,资源与环境,0857,不区分院系,260,34,34,51,51,2025
上海工程技术大学,能源动力,0858,不区分院系,260,34,34,51,51,2025
上海工程技术大学,生物与医药,0860,不区分院系,260,34,34,51,51,2025
上海工程技术大学,交通运输,0861,不区分院系,260,34,34,51,51,2025
上海工程技术大学,工学（不含工学照顾专业）,08,不区分院系,260,34,34,51,51,2025
上海工程技术大学,医学（不含中医类照顾专业）,10,不区分院系,293,36,36,108,0,2025
上海工程技术大学,工商管理,1251,不区分院系,151,0,35,70,0,2025
上海工程技术大学,公共管理,1252,不区分院系,164,0,38,76,0,2025
上海工程技术大学,工程管理,1256,不区分院系,162,0,38,76,0,2025
上海工程技术大学,管理学,12,不区分院系,333,41,41,62,62,2025
上海工程技术大学,设计,1357,不区分院系,351,37,37,56,56,2025
上海工程技术大学,交叉学科,14,不区分院系,266,34,34,51,51,2025
上海工程技术大学,应用统计,025200,数理与统计学院,324,40,40,60,60,2026
上海工程技术大学,马克思主义理论,030500,马克思主义学院,321,40,40,60,60,2026
上海工程技术大学,统计学,071400,数理与统计学院,275,35,35,53,53,2026
上海工程技术大学,机械工程,080200,机械与汽车工程学院,264,35,35,53,53,2026
上海工程技术大学,光学工程,080300,数理与统计学院,264,35,35,53,53,2026
上海工程技术大学,材料科学与工程,080500,材料科学与工程学院,264,35,35,53,53,2026
上海工程技术大学,控制科学与工程,081100,电子电气工程学院,264,35,35,53,53,2026
上海工程技术大学,化学工程与技术,081700,化学化工学院,264,35,35,53,53,2026
上海工程技术大学,纺织科学与工程,082100,纺织服装学院,264,35,35,53,53,2026
上海工程技术大学,交通运输工程,082300,城市轨道交通学院,264,35,35,53,53,2026
上海工程技术大学,电子信息,085400,电子电气工程学院,264,35,35,53,53,2026
上海工程技术大学,机械,085500,机械与汽车工程学院,264,35,35,53,53,2026
上海工程技术大学,机械,085500,艺术设计学院,264,35,35,53,53,2026
上海工程技术大学,材料与化工,085600,材料科学与工程学院,264,35,35,53,53,2026
上海工程技术大学,材料与化工,085600,纺织服装学院,264,35,35,53,53,2026
上海工程技术大学,资源与环境,085700,化学化工学院,264,35,35,53,53,2026
上海工程技术大学,能源动力,085800,机械与汽车工程学院,264,35,35,53,53,2026
上海工程技术大学,能源动力,085800,电子电气工程学院,264,35,35,53,53,2026
上海工程技术大学,生物与医药,086000,化学化工学院,264,35,35,53,53,2026
上海工程技术大学,交通运输,086100,航空运输学院,264,35,35,53,53,2026
上海工程技术大学,交通运输,086100,城市轨道交通学院,264,35,35,53,53,2026
上海工程技术大学,药学,100700,化学化工学院,294,36,36,108,0,2026
上海工程技术大学,工商管理学,120200,管理学院,332,41,41,62,62,2026
上海工程技术大学,公共管理学,120400,管理学院,345,41,41,62,62,2026
上海工程技术大学,工商管理,125100,管理学院,146,0,35,70,0,2026
上海工程技术大学,公共管理,125200,管理学院,168,0,39,78,0,2026
上海工程技术大学,工程管理,125600,管理学院,166,0,39,78,0,2026
上海工程技术大学,设计,135700,艺术设计学院,354,38,38,57,57,2026
上海工程技术大学,设计,135700,国际创意设计学院,354,38,38,57,57,2026
上海工程技术大学,集成电路科学与工程,140100,电子电气工程学院,266,35,35,53,53,2026
上海工程技术大学,集成电路科学与工程,140100,化学化工学院,266,35,35,53,53,2026
上海工程技术大学,集成电路科学与工程,140100,材料科学与工程学院,266,35,35,53,53,2026
上海工程技术大学,设计学,140300,艺术设计学院,266,35,35,53,53,2026
上海工程技术大学,智能科学与技术,140500,电子电气工程学院,266,35,35,53,53,2026
海军工程大学,新一代电子信息技术（含量子技术等）,085401,不区分院系,273,38,38,57,57,2023
海军工程大学,通信工程（含宽带网络、移动通信等）,085402,不区分院系,273,38,38,57,57,2023
海军工程大学,控制工程,085406,不区分院系,273,38,38,57,57,2023
海军工程大学,仪器仪表工程,085407,不区分院系,273,38,38,57,57,2023
海军工程大学,人工智能,085410,不区分院系,273,38,38,57,57,2023
海军工程大学,大数据技术与工程,085411,不区分院系,273,38,38,57,57,2023
海军工程大学,机械工程,085501,不区分院系,273,38,38,57,57,2023
海军工程大学,船舶工程,085505,不区分院系,273,38,38,57,57,2023
海军工程大学,兵器工程,085506,不区分院系,273,38,38,57,57,2023
海军工程大学,电气工程,085801,不区分院系,320,38,38,57,57,2023
海军工程大学,动力工程,085802,不区分院系,273,38,38,57,57,2023
海军工程大学,核能工程,085803,不区分院系,273,38,38,57,57,2023
海军工程大学,动力工程及工程热物理,0807,不区分院系,260,35,35,53,53,2023
海军工程大学,电气工程,0808,不区分院系,273,38,38,57,57,2023
海军工程大学,信息与通信工程,0810,不区分院系,273,38,38,57,57,2023
海军工程大学,控制科学与工程,0811,不区分院系,273,38,38,57,57,2023
海军工程大学,船舶与海洋工程,0824,不区分院系,260,35,35,53,53,2023
海军工程大学,兵器科学与技术,0826,不区分院系,260,35,35,53,53,2023
海军工程大学,核科学与技术,0827,不区分院系,260,35,35,53,53,2023
海军工程大学,数学,070100,基础部,288,41,41,62,62,2024
海军工程大学,机械工程,080200,动力工程学院,273,37,37,56,56,2024
海军工程大学,动力工程及工程热物理,080700,动力工程学院,260,35,35,53,53,2024
海军工程大学,电气工程,080800,电气工程学院、军用电气科学与技术研究所,322,37,37,56,56,2024
海军工程大学,信息与通信工程,081000,电子工程学院,273,37,37,56,56,2024
海军工程大学,控制科学与工程,081100,电子工程学院,273,37,37,56,56,2024
海军工程大学,控制科学与工程,081100,电气工程学院、军用电气科学与技术研究所,273,37,37,56,56,2024
海军工程大学,控制科学与工程,081100,兵器工程学院,273,37,37,56,56,2024
海军工程大学,船舶与海洋工程,082400,动力工程学院,260,35,35,53,53,2024
海军工程大学,船舶与海洋工程,082400,电子工程学院,260,35,35,53,53,2024
海军工程大学,船舶与海洋工程,082400,舰船与海洋学院,260,35,35,53,53,2024
海军工程大学,兵器科学与技术,082600,兵器工程学院,260,35,35,53,53,2024
海军工程大学,核科学与技术,082700,核科学技术学院,260,35,35,53,53,2024
海军工程大学,网络空间安全,083900,信息安全系,273,37,37,56,56,2024
海军工程大学,新一代电子信息技术（含量子技术等）,085401,电子工程学院,273,37,37,56,56,2024
海军工程大学,通信工程（含宽带网络、移动通信等）,085402,电子工程学院,273,37,37,56,56,2024
海军工程大学,控制工程,085406,电子工程学院,273,37,37,56,56,2024
海军工程大学,控制工程,085406,电气工程学院、军用电气科学与技术研究所,273,37,37,56,56,2024
海军工程大学,控制工程,085406,兵器工程学院,273,37,37,56,56,2024
海军工程大学,仪器仪表工程,085407,电气工程学院、军用电气科学与技术研究所,273,37,37,56,56,2024
海军工程大学,人工智能,085410,电子工程学院,273,37,37,56,56,2024
海军工程大学,大数据技术与工程,085411,电子工程学院,273,37,37,56,56,2024
海军工程大学,机械工程,085501,动力工程学院,273,37,37,56,56,2024
海军工程大学,船舶工程,085505,动力工程学院,273,37,37,56,56,2024
海军工程大学,船舶工程,085505,电子工程学院,273,37,37,56,56,2024
海军工程大学,船舶工程,085505,舰船与海洋学院,273,37,37,56,56,2024
海军工程大学,兵器工程,085506,兵器工程学院,273,37,37,56,56,2024
海军工程大学,材料工程,085601,基础部,273,37,37,56,56,2024
海军工程大学,材料工程,085601,舰船与海洋学院,273,37,37,56,56,2024
海军工程大学,电气工程,085801,电气工程学院、军用电气科学与技术研究所,330,37,37,56,56,2024
海军工程大学,动力工程,085802,动力工程学院,273,37,37,56,56,2024
海军工程大学,核能工程,085803,核科学技术学院,273,37,37,56,56,2024
海军工程大学,军事智能,111100,电子工程学院,260,35,35,53,53,2024
海军工程大学,作战指挥保障,115400,电子工程学院,260,35,35,53,53,2024
海军工程大学,后勤与装备保障,115600,舰船与海洋学院,260,35,35,53,53,2024
海军工程大学,管理科学与工程,120100,管理工程与装备经济系,347,49,49,74,74,2024
海军工程大学,工程管理,125601,管理工程与装备经济系,176,0,43,86,0,2024
武汉科技大学,哲学,010100,马克思主义学院,323,45,45,68,68,2023
武汉科技大学,应用经济学,020200,文法与经济学院,346,48,48,72,72,2023
武汉科技大学,应用统计,025200,理学院,346,48,48,72,72,2023
武汉科技大学,国际商务,025400,文法与经济学院,350,55,55,72,72,2023
武汉科技大学,马克思主义理论,030500,马克思主义学院,363,45,45,68,68,2023
武汉科技大学,马克思主义法学,0305Z1,文法与经济学院,326,45,45,68,68,2023
武汉科技大学,法律（法学）,035102,文法与经济学院,326,45,45,68,68,2023
武汉科技大学,社会工作,035200,文法与经济学院,354,55,55,68,68,2023
武汉科技大学,外国语言文学,050200,外国语学院,363,54,54,81,81,2023
武汉科技大学,英语笔译,055101,外国语学院,363,54,54,81,81,2023
武汉科技大学,数学,070100,理学院,285,45,45,57,57,2023
武汉科技大学,物理学,070200,理学院,279,38,38,57,57,2023
武汉科技大学,化学,070300,化学与化工学院,279,38,38,57,57,2023
武汉科技大学,生物学,071000,医学院,279,38,38,57,57,2023
武汉科技大学,生物学,071000,生命科学与健康学院,279,38,38,57,57,2023
武汉科技大学,系统科学,071100,理学院,279,38,38,57,57,2023
武汉科技大学,统计学,071400,理学院,285,45,45,57,57,2023
武汉科技大学,力学,080100,理学院,260,35,35,53,53,2023
武汉科技大学,机械工程,080200,机械自动化学院,273,38,38,57,57,2023
武汉科技大学,车辆工程,080204,汽车与交通工程学院,273,38,38,57,57,2023
武汉科技大学,仪器科学与技术,080400,机械自动化学院,273,38,38,57,57,2023
武汉科技大学,材料科学与工程,080500,材料与冶金学院,273,38,38,57,57,2023
武汉科技大学,材料科学与工程,080500,高性能钢铁材料及其应用省部共建协同创新中心,273,38,38,57,57,2023
武汉科技大学,冶金工程,080600,材料与冶金学院,260,35,35,53,53,2023
武汉科技大学,冶金工程,080600,高性能钢铁材料及其应用省部共建协同创新中心,260,35,35,53,53,2023
武汉科技大学,电气工程,080800,信息科学与工程学院/人工智能学院,273,38,38,57,57,2023
武汉科技大学,信息与通信工程,081000,信息科学与工程学院/人工智能学院,273,38,38,57,57,2023
武汉科技大学,控制科学与工程,081100,信息科学与工程学院/人工智能学院,273,38,38,57,57,2023
武汉科技大学,计算机科学与技术,081200,计算机科学与技术学院,273,38,38,57,57,2023
武汉科技大学,网络信息安全,0812J2,计算机科学与技术学院,273,38,38,57,57,2023
武汉科技大学,建筑学,081300,城市建设学院,273,38,38,57,57,2023
武汉科技大学,土木工程,081400,城市建设学院,273,38,38,57,57,2023
武汉科技大学,土木工程,081400,资源与环境工程学院,273,38,38,57,57,2023
武汉科技大学,化学工程与技术,081700,化学与化工学院,273,38,38,57,57,2023
武汉科技大学,矿业工程,081900,资源与环境工程学院,260,35,35,53,53,2023
武汉科技大学,矿业工程,081900,国家环境保护矿冶资源利用与污染控制重点实验室,260,35,35,53,53,2023
武汉科技大学,交通运输工程,082300,汽车与交通工程学院,273,38,38,57,57,2023
武汉科技大学,环境科学与工程,083000,资源与环境工程学院,273,38,38,57,57,2023
武汉科技大学,环境科学与工程,083000,国家环境保护矿冶资源利用与污染控制重点实验室,273,38,38,57,57,2023
武汉科技大学,软件工程,083500,计算机科学与技术学院,273,38,38,57,57,2023
武汉科技大学,安全科学与工程,083700,资源与环境工程学院,273,38,38,57,57,2023
武汉科技大学,电子信息,085400,信息科学与工程学院/人工智能学院,273,38,38,57,57,2023
武汉科技大学,电子信息,085400,计算机科学与技术学院,273,38,38,57,57,2023
武汉科技大学,机械,085500,机械自动化学院,273,38,38,57,57,2023
武汉科技大学,机械,085500,汽车与交通工程学院,273,38,38,57,57,2023
武汉科技大学,材料与化工,085600,材料与冶金学院,273,38,38,57,57,2023
武汉科技大学,材料与化工,085600,化学与化工学院,273,38,38,57,57,2023
武汉科技大学,材料与化工,085600,高性能钢铁材料及其应用省部共建协同创新中心,273,38,38,57,57,2023
武汉科技大学,资源与环境,085700,资源与环境工程学院,273,38,38,57,57,2023
武汉科技大学,资源与环境,085700,国家环境保护矿冶资源利用与污染控制重点实验室,273,38,38,57,57,2023
武汉科技大学,土木水利,085900,城市建设学院,273,38,38,57,57,2023
武汉科技大学,生物与医药,086000,生命科学与健康学院,273,38,38,57,57,2023
武汉科技大学,交通运输,086100,汽车与交通工程学院,273,38,38,57,57,2023
武汉科技大学,管理科学与工程,087100,恒大管理学院,280,38,38,57,57,2023
武汉科技大学,基础医学,100100,医学院,296,39,39,117,0,2023
武汉科技大学,基础医学,100100,第一临床学院,296,39,39,117,0,2023
武汉科技大学,公共卫生与预防医学,100400,公共卫生学院,296,39,39,117,0,2023
武汉科技大学,内科学,105101,医学院,296,39,39,117,0,2023
武汉科技大学,内科学,105101,第一临床学院,296,39,39,117,0,2023
武汉科技大学,儿科学,105102,医学院,296,39,39,117,0,2023
武汉科技大学,神经病学,105104,医学院,296,39,39,117,0,2023
武汉科技大学,全科医学,105109,医学院,296,39,39,117,0,2023
武汉科技大学,全科医学,105109,第一临床学院,296,39,39,117,0,2023
武汉科技大学,康复医学与理疗学,105110,医学院,296,39,39,117,0,2023
武汉科技大学,外科学,105111,医学院,296,39,39,117,0,2023
武汉科技大学,外科学,105111,第一临床学院,296,39,39,117,0,2023
武汉科技大学,儿外科学,105112,医学院,296,39,39,117,0,2023
武汉科技大学,骨科学,105113,医学院,296,39,39,117,0,2023
武汉科技大学,妇产科学,105115,医学院,296,39,39,117,0,2023
武汉科技大学,麻醉学,105118,医学院,296,39,39,117,0,2023
武汉科技大学,放射影像学,105123,医学院,296,39,39,117,0,2023
武汉科技大学,超声医学,105124,医学院,296,39,39,117,0,2023
武汉科技大学,护理,105400,医学院,296,39,39,117,0,2023
武汉科技大学,药学,105500,医学院,296,39,39,117,0,2023
武汉科技大学,工商管理,120200,恒大管理学院,353,51,51,77,77,2023
武汉科技大学,公共管理,120400,文法与经济学院,344,55,55,71,71,2023
武汉科技大学,公共管理,120400,体育学院/恒大足球学院,344,55,55,77,77,2023
武汉科技大学,艺术管理,1204Z1,艺术与设计学院,340,47,47,71,71,2023
武汉科技大学,工商管理,125100,恒大管理学院,167,0,41,82,0,2023
武汉科技大学,公共管理,125200,理学院,175,0,44,88,0,2023
武汉科技大学,公共管理,125200,文法与经济学院,175,0,44,88,0,2023
武汉科技大学,公共管理,125200,马克思主义学院,176,0,44,88,0,2023
武汉科技大学,会计,125300,恒大管理学院,232,0,60,120,0,2023
武汉科技大学,工程管理,125601,城市建设学院,178,0,44,88,0,2023
武汉科技大学,工程管理,125601,恒大管理学院,178,0,44,88,0,2023
武汉科技大学,工业工程与管理,125603,机械自动化学院,178,0,44,88,0,2023
武汉科技大学,物流工程与管理,125604,恒大管理学院,220,0,60,120,0,2023
武汉科技大学,设计学,130500,艺术与设计学院,362,40,40,60,60,2023
武汉科技大学,美术,135107,艺术与设计学院,362,40,40,60,60,2023
武汉科技大学,艺术设计,135108,城市建设学院,362,40,40,60,60,2023
武汉科技大学,艺术设计,135108,艺术与设计学院,362,40,40,60,60,2023
武汉科技大学,哲学,010100,马克思主义学院,333,47,47,71,71,2024
武汉科技大学,应用经济学,020200,法学与经济学院,338,47,47,71,71,2024
武汉科技大学,应用统计,025200,理学院,338,47,47,71,71,2024
武汉科技大学,国际商务,025400,法学与经济学院,351,47,47,71,71,2024
武汉科技大学,马克思主义理论,030500,马克思主义学院,372,47,47,71,71,2024
武汉科技大学,马克思主义法学,0305Z1,法学与经济学院,331,47,47,71,71,2024
武汉科技大学,法律（法学）,035102,法学与经济学院,331,47,47,71,71,2024
武汉科技大学,社会工作,035200,法学与经济学院,339,47,47,71,71,2024
武汉科技大学,外国语言文学,050200,外国语学院,379,55,55,83,83,2024
武汉科技大学,外国语言文学,050200,外国语学院,379,55,55,83,83,2024
武汉科技大学,外国语言文学,050200,外国语学院,379,55,55,83,83,2024
武汉科技大学,外国语言文学,050200,外国语学院,365,55,55,83,83,2024
武汉科技大学,外国语言文学,050200,外国语学院,365,55,55,83,83,2024
武汉科技大学,外国语言文学,050200,外国语学院,365,55,55,83,83,2024
武汉科技大学,英语笔译,055101,外国语学院,365,55,55,83,83,2024
武汉科技大学,数学,070100,理学院,325,44,44,65,65,2024
武汉科技大学,物理学,070200,理学院,288,41,41,62,62,2024
武汉科技大学,化学,070300,化学与化工学院,288,41,41,62,62,2024
武汉科技大学,生物学,071000,生命科学与健康学院,288,41,41,62,62,2024
武汉科技大学,生物学,071000,医学部医学院,288,41,41,62,62,2024
武汉科技大学,系统科学,071100,理学院,288,41,41,62,62,2024
武汉科技大学,统计学,071400,理学院,295,44,44,65,65,2024
武汉科技大学,力学,080100,理学院,260,35,35,53,53,2024
武汉科技大学,机械工程,080200,机械自动化学院,280,37,37,56,56,2024
武汉科技大学,机械工程,080200,机械自动化学院,273,37,37,56,56,2024
武汉科技大学,车辆工程,080204,汽车与交通工程学院,273,37,37,56,56,2024
武汉科技大学,仪器科学与技术,080400,机械自动化学院,273,37,37,56,56,2024
武汉科技大学,材料科学与工程,080500,材料学部,273,37,37,56,56,2024
武汉科技大学,材料科学与工程,080500,高性能钢铁材料及其应用省部共建协同创新中心,273,37,37,56,56,2024
武汉科技大学,冶金工程,080600,材料学部,260,35,35,53,53,2024
武汉科技大学,冶金工程,080600,高性能钢铁材料及其应用省部共建协同创新中心,260,35,35,53,53,2024
武汉科技大学,电气工程,080800,信息科学与工程学院/人工智能学院,291,37,37,60,60,2024
武汉科技大学,信息与通信工程,081000,信息科学与工程学院/人工智能学院,295,37,37,60,60,2024
武汉科技大学,控制科学与工程,081100,信息科学与工程学院/人工智能学院,273,37,37,56,56,2024
武汉科技大学,计算机科学与技术,081200,计算机科学与技术学院,273,37,37,56,56,2024
武汉科技大学,建筑学,081300,城市建设学院,310,45,45,85,85,2024
武汉科技大学,土木工程,081400,城市建设学院,273,37,37,56,56,2024
武汉科技大学,土木工程,081400,资源与环境工程学院,273,37,37,56,56,2024
武汉科技大学,化学工程与技术,081700,化学与化工学院,273,37,37,56,56,2024
武汉科技大学,矿业工程,081900,资源与环境工程学院,260,35,35,53,53,2024
武汉科技大学,矿业工程,081900,国家环境保护矿冶资源利用与污染控制重点实验室,260,35,35,53,53,2024
武汉科技大学,交通运输工程,082300,汽车与交通工程学院,273,37,37,56,56,2024
武汉科技大学,环境科学与工程,083000,资源与环境工程学院,273,37,37,56,56,2024
武汉科技大学,环境科学与工程,083000,国家环境保护矿冶资源利用与污染控制重点实验室,273,37,37,56,56,2024
武汉科技大学,软件工程,083500,计算机科学与技术学院,273,37,37,56,56,2024
武汉科技大学,安全科学与工程,083700,资源与环境工程学院,273,37,37,56,56,2024
武汉科技大学,电子信息,085400,信息科学与工程学院/人工智能学院,273,37,37,56,56,2024
武汉科技大学,电子信息,085400,信息科学与工程学院/人工智能学院,316,52,52,88,88,2024
武汉科技大学,电子信息,085400,信息科学与工程学院/人工智能学院,307,45,45,85,85,2024
武汉科技大学,电子信息,085400,计算机科学与技术学院,297,37,37,56,56,2024
武汉科技大学,机械,085500,机械自动化学院,300,37,37,56,56,2024
武汉科技大学,机械,085500,汽车与交通工程学院,300,37,37,56,56,2024
武汉科技大学,材料与化工,085600,材料学部,273,37,37,56,56,2024
武汉科技大学,材料与化工,085600,化学与化工学院,273,37,37,56,56,2024
武汉科技大学,材料与化工,085600,高性能钢铁材料及其应用省部共建协同创新中心,273,37,37,56,56,2024
武汉科技大学,资源与环境,085700,资源与环境工程学院,273,37,37,56,56,2024
武汉科技大学,资源与环境,085700,国家环境保护矿冶资源利用与污染控制重点实验室,273,37,37,56,56,2024
武汉科技大学,土木水利,085900,城市建设学院,273,37,37,56,56,2024
武汉科技大学,生物与医药,086000,生命科学与健康学院,273,37,37,56,56,2024
武汉科技大学,交通运输,086100,汽车与交通工程学院,273,37,37,56,56,2024
武汉科技大学,交通运输,086100,汽车与交通工程学院,297,37,37,56,56,2024
武汉科技大学,交通运输,086100,汽车与交通工程学院,297,37,37,56,56,2024
武汉科技大学,交通运输,086100,汽车与交通工程学院,273,37,37,56,56,2024
武汉科技大学,管理科学与工程,087100,管理学院/恒大管理学院,275,47,44,56,56,2024
武汉科技大学,基础医学,100100,医学部医学院,304,42,42,126,0,2024
武汉科技大学,公共卫生与预防医学,100400,医学部公共卫生学院,304,42,42,126,0,2024
武汉科技大学,内科学,105101,医学部第二临床学院,304,42,42,126,0,2024
武汉科技大学,内科学,105101,医学部医学院,317,42,42,126,0,2024
武汉科技大学,内科学,105101,医学部第一临床学院,304,42,42,126,0,2024
武汉科技大学,儿科学,105102,医学部第二临床学院,304,42,42,126,0,2024
武汉科技大学,儿科学,105102,医学部医学院,304,42,42,126,0,2024
武汉科技大学,神经病学,105104,医学部医学院,304,42,42,126,0,2024
武汉科技大学,精神病与精神卫生学,105105,医学部医学院,304,42,42,126,0,2024
武汉科技大学,皮肤病与性病学,105106,医学部医学院,317,42,42,126,0,2024
武汉科技大学,急诊医学,105107,医学部医学院,304,42,42,126,0,2024
武汉科技大学,重症医学,105108,医学部第一临床学院,304,42,42,126,0,2024
武汉科技大学,重症医学,105108,医学部医学院,304,42,42,126,0,2024
武汉科技大学,全科医学,105109,医学部第二临床学院,304,42,42,126,0,2024
武汉科技大学,全科医学,105109,医学部医学院,304,42,42,126,0,2024
武汉科技大学,全科医学,105109,医学部第一临床学院,304,42,42,126,0,2024
武汉科技大学,康复医学与理疗学,105110,医学部医学院,304,42,42,126,0,2024
武汉科技大学,外科学,105111,医学部医学院,308,42,42,126,0,2024
武汉科技大学,外科学,105111,医学部第一临床学院,304,42,42,126,0,2024
武汉科技大学,外科学,105111,医学部第二临床学院,304,42,42,126,0,2024
武汉科技大学,儿外科学,105112,医学部医学院,304,42,42,126,0,2024
武汉科技大学,骨科学,105113,医学部医学院,304,42,42,126,0,2024
武汉科技大学,妇产科学,105115,医学部医学院,304,42,42,126,0,2024
武汉科技大学,妇产科学,105115,医学部第二临床学院,304,42,42,126,0,2024
武汉科技大学,眼科学,105116,医学部医学院,304,42,42,126,0,2024
武汉科技大学,耳鼻咽喉科学,105117,医学部医学院,304,42,42,126,0,2024
武汉科技大学,麻醉学,105118,医学部医学院,304,42,42,126,0,2024
武汉科技大学,临床病理,105119,医学部医学院,304,42,42,126,0,2024
武汉科技大学,放射影像学,105123,医学部第二临床学院,304,42,42,126,0,2024
武汉科技大学,放射影像学,105123,医学部医学院,327,42,42,126,0,2024
武汉科技大学,放射影像学,105123,医学部第一临床学院,304,42,42,126,0,2024
武汉科技大学,超声医学,105124,医学部第二临床学院,304,42,42,126,0,2024
武汉科技大学,超声医学,105124,医学部医学院,304,42,42,126,0,2024
武汉科技大学,护理,105400,医学部医学院,315,42,42,126,0,2024
武汉科技大学,药学,105500,医学部医学院,304,42,42,126,0,2024
武汉科技大学,工商管理学,120200,管理学院/恒大管理学院,347,49,49,74,74,2024
武汉科技大学,公共管理学,120400,法学与经济学院,363,57,57,74,74,2024
武汉科技大学,公共管理学,120400,体育学院/恒大足球学院,347,49,49,74,74,2024
武汉科技大学,艺术管理,1204Z1,艺术与设计学院,347,49,49,74,74,2024
武汉科技大学,工商管理,125100,管理学院/恒大管理学院,162,0,39,78,0,2024
武汉科技大学,公共管理,125200,法学与经济学院,173,0,43,86,0,2024
武汉科技大学,公共管理,125200,马克思主义学院,173,0,43,86,0,2024
武汉科技大学,会计,125300,管理学院/恒大管理学院,227,0,52,135,0,2024
武汉科技大学,工程管理,125601,管理学院/恒大管理学院,176,0,43,86,0,2024
武汉科技大学,工程管理,125601,城市建设学院,176,0,43,86,0,2024
武汉科技大学,工业工程与管理,125603,机械自动化学院,176,0,43,86,0,2024
武汉科技大学,物流工程与管理,125604,管理学院/恒大管理学院,219,0,49,135,0,2024
武汉科技大学,设计,135700,城市建设学院,362,40,40,60,60,2024
武汉科技大学,设计,135700,艺术与设计学院,366,40,40,60,60,2024
武汉科技大学,设计学,140300,艺术与设计学院,366,39,39,59,59,2024
武汉科技大学,哲学,0101,马克思主义学院,321,39,39,59,59,2025
武汉科技大学,应用统计,025200,理学院,329,40,40,60,60,2025
武汉科技大学,应用统计,025200,理学院,329,40,40,60,60,2025
武汉科技大学,应用统计,025200,理学院,329,40,40,60,60,2025
武汉科技大学,应用统计,025200,理学院,329,40,40,60,60,2025
武汉科技大学,应用统计,025200,理学院,323,40,40,60,60,2025
武汉科技大学,国际商务,025400,法学与经济学院,323,40,40,60,60,2025
武汉科技大学,马克思主义法学,0305Z1,法学与经济学院,323,40,40,60,60,2025
武汉科技大学,法律（法学）,035102,法学与经济学院,323,40,40,60,60,2025
武汉科技大学,社会工作,035200,法学与经济学院,351,40,40,60,60,2025
武汉科技大学,马克思主义理论,0305,马克思主义学院,336,40,40,60,60,2025
武汉科技大学,外国语言文学,050200,外国语学院,351,47,47,71,71,2025
武汉科技大学,英语笔译,055101,外国语学院,351,47,47,71,71,2025
武汉科技大学,数学,070100,理学院,303,34,34,51,51,2025
武汉科技大学,数学,070100,理学院,303,34,34,51,51,2025
武汉科技大学,数学,070100,理学院,303,34,34,51,51,2025
武汉科技大学,数学,070100,理学院,303,34,34,51,51,2025
武汉科技大学,数学,070100,理学院,274,34,34,51,51,2025
武汉科技大学,化学,070300,化学与化工学院,274,34,34,51,51,2025
武汉科技大学,生物学,071000,生命科学与健康学院,274,34,34,51,51,2025
武汉科技大学,生物学,071000,医学部医学院,274,34,34,51,51,2025
武汉科技大学,物理学,0702,理学院,274,34,34,51,51,2025
武汉科技大学,系统科学,0711,理学院,274,34,34,51,51,2025
武汉科技大学,统计学,0714,理学院,300,34,34,51,51,2025
武汉科技大学,机械工程,080200,机械自动化学院,260,34,34,51,51,2025
武汉科技大学,车辆工程,080204,汽车与交通工程学院,260,34,34,51,51,2025
武汉科技大学,仪器科学与技术,080400,机械自动化学院,260,34,34,51,51,2025
武汉科技大学,材料科学与工程,080500,高性能钢铁材料及其应用省部共建协同创新中心,260,34,34,51,51,2025
武汉科技大学,冶金工程,080600,高性能钢铁材料及其应用省部共建协同创新中心,251,33,33,50,50,2025
武汉科技大学,电气工程,080800,信息科学与工程学院（人工智能学院）,260,34,34,51,51,2025
武汉科技大学,信息与通信工程,081000,信息科学与工程学院（人工智能学院）,260,34,34,51,51,2025
武汉科技大学,控制科学与工程,081100,信息科学与工程学院（人工智能学院）,260,34,34,51,51,2025
武汉科技大学,计算机科学与技术,081200,计算机科学与技术学院,260,34,34,51,51,2025
武汉科技大学,土木工程,081400,资源与环境工程学院,260,34,34,51,51,2025
武汉科技大学,化学工程与技术,081700,化学与化工学院,260,34,34,51,51,2025
武汉科技大学,矿业工程,081900,资源与环境工程学院,251,33,33,50,50,2025
武汉科技大学,矿业工程,081900,国家环境保护矿冶资源利用与污染控制重点实验室,251,33,33,50,50,2025
武汉科技大学,环境科学与工程,083000,资源与环境工程学院,260,34,34,51,51,2025
武汉科技大学,环境科学与工程,083000,国家环境保护矿冶资源利用与污染控制重点实验室,260,34,34,51,51,2025
武汉科技大学,安全科学与工程,083700,资源与环境工程学院,260,34,34,51,51,2025
武汉科技大学,电子信息,085400,信息科学与工程学院（人工智能学院）,316,44,44,85,85,2025
武汉科技大学,电子信息,085400,信息科学与工程学院（人工智能学院）,295,45,45,80,80,2025
武汉科技大学,电子信息,085400,计算机科学与技术学院,292,34,34,51,51,2025
武汉科技大学,机械,085500,机械自动化学院,290,34,34,51,51,2025
武汉科技大学,材料与化工,085600,化学与化工学院,260,34,34,51,51,2025
武汉科技大学,材料与化工,085600,高性能钢铁材料及其应用省部共建协同创新中心,260,34,34,51,51,2025
武汉科技大学,资源与环境,085700,资源与环境工程学院,260,34,34,51,51,2025
武汉科技大学,资源与环境,085700,国家环境保护矿冶资源利用与污染控制重点实验室,260,34,34,51,51,2025
武汉科技大学,电气工程,085801,信息科学与工程学院（人工智能学院）,260,34,34,51,51,2025
武汉科技大学,生物与医药,086000,化学与化工学院,260,34,34,51,51,2025
武汉科技大学,生物与医药,086000,生命科学与健康学院,260,34,34,51,51,2025
武汉科技大学,交通运输,086100,汽车与交通工程学院,260,34,34,51,51,2025
武汉科技大学,交通运输,086100,汽车与交通工程学院,260,34,34,51,51,2025
武汉科技大学,交通运输,086100,汽车与交通工程学院,260,34,34,51,51,2025
武汉科技大学,交通运输,086100,汽车与交通工程学院,263,34,34,51,51,2025
武汉科技大学,力学,0801,理学院,251,33,33,50,50,2025
武汉科技大学,材料科学与工程,0805,材料学部,260,34,34,51,51,2025
武汉科技大学,冶金工程,0806,材料学部,251,33,33,50,50,2025
武汉科技大学,建筑学,0813,城市建设学院,260,34,34,51,51,2025
武汉科技大学,土木工程,0814,城市建设学院,260,34,34,51,51,2025
武汉科技大学,交通运输工程,0823,汽车与交通工程学院,260,34,34,51,51,2025
武汉科技大学,电子信息,0854,理学院,260,34,34,51,51,2025
武汉科技大学,机械,0855,汽车与交通工程学院,292,34,34,51,51,2025
武汉科技大学,材料与化工,0856,材料学部,260,34,34,51,51,2025
武汉科技大学,能源动力,0858,材料学部,260,34,34,51,51,2025
武汉科技大学,土木水利,0859,城市建设学院,260,34,34,51,51,2025
武汉科技大学,基础医学,100100,医学部医学院,293,36,36,108,0,2025
武汉科技大学,基础医学,100100,医学部第一临床学院,293,36,36,108,0,2025
武汉科技大学,基础医学,100100,医学部第一临床学院,293,36,36,108,0,2025
武汉科技大学,公共卫生与预防医学,100400,医学部公共卫生学院,293,36,36,108,0,2025
武汉科技大学,内科学,105101,医学部医学院,293,36,36,108,0,2025
武汉科技大学,内科学,105101,医学部第一临床学院,293,36,36,108,0,2025
武汉科技大学,儿科学,105102,医学部医学院,293,36,36,108,0,2025
武汉科技大学,神经病学,105104,医学部医学院,293,36,36,108,0,2025
武汉科技大学,精神病与精神卫生学,105105,医学部医学院,293,36,36,108,0,2025
武汉科技大学,皮肤病与性病学,105106,医学部医学院,293,36,36,108,0,2025
武汉科技大学,急诊医学,105107,医学部医学院,293,36,36,108,0,2025
武汉科技大学,重症医学,105108,医学部医学院,293,36,36,108,0,2025
武汉科技大学,全科医学,105109,医学部医学院,293,36,36,108,0,2025
武汉科技大学,全科医学,105109,医学部第一临床学院,293,36,36,108,0,2025
武汉科技大学,康复医学与理疗学,105110,医学部医学院,293,36,36,108,0,2025
武汉科技大学,外科学,105111,医学部医学院,300,36,36,108,0,2025
武汉科技大学,外科学,105111,医学部第一临床学院,293,36,36,108,0,2025
武汉科技大学,儿外科学,105112,医学部医学院,293,36,36,108,0,2025
武汉科技大学,骨科学,105113,医学部医学院,293,36,36,108,0,2025
武汉科技大学,妇产科学,105115,医学部医学院,293,36,36,108,0,2025
武汉科技大学,眼科学,105116,医学部医学院,293,36,36,108,0,2025
武汉科技大学,耳鼻咽喉科学,105117,医学部医学院,293,36,36,108,0,2025
武汉科技大学,麻醉学,105118,医学部医学院,293,36,36,108,0,2025
武汉科技大学,临床病理,105119,医学部医学院,293,36,36,108,0,2025
武汉科技大学,临床检验诊断学,105120,医学部医学院,293,36,36,108,0,2025
武汉科技大学,放射影像学,105123,医学部医学院,300,36,36,108,0,2025
武汉科技大学,放射影像学,105123,医学部第一临床学院,293,36,36,108,0,2025
武汉科技大学,超声医学,105124,医学部医学院,300,36,36,108,0,2025
武汉科技大学,公共卫生,105300,医学部公共卫生学院,293,36,36,108,0,2025
武汉科技大学,护理,105400,医学部医学院,293,36,36,108,0,2025
武汉科技大学,药学,105500,医学部医学院,293,36,36,108,0,2025
武汉科技大学,公共管理学,120400,法学与经济学院,333,41,41,62,62,2025
武汉科技大学,公共管理学,120400,体育学院,333,41,41,62,62,2025
武汉科技大学,艺术管理,1204Z1,艺术与设计学院,333,41,41,62,62,2025
武汉科技大学,公共管理,125200,法学与经济学院,164,0,38,76,0,2025
武汉科技大学,工程管理,125601,管理学院,162,0,38,76,0,2025
武汉科技大学,工程管理,125601,城市建设学院,162,0,38,76,0,2025
武汉科技大学,工业工程与管理,125603,机械自动化学院,162,0,38,76,0,2025
武汉科技大学,物流工程与管理,125604,管理学院,187,0,45,120,0,2025
武汉科技大学,管理科学与工程,1201,管理学院,333,41,41,62,62,2025
武汉科技大学,工商管理学,1202,管理学院,333,41,41,62,62,2025
武汉科技大学,工商管理,1251,管理学院,151,0,35,70,0,2025
武汉科技大学,公共管理,1252,马克思主义学院,164,0,38,76,0,2025
武汉科技大学,会计,1253,管理学院,194,0,48,96,0,2025
武汉科技大学,设计,135700,艺术与设计学院,366,37,37,56,56,2025
武汉科技大学,设计,135700,艺术与设计学院,366,37,37,56,56,2025
武汉科技大学,设计,135700,艺术与设计学院,366,37,37,56,56,2025
武汉科技大学,设计,135700,艺术与设计学院,351,37,37,56,56,2025
武汉科技大学,设计,135700,城市建设学院,351,37,37,56,56,2025
武汉科技大学,智能科学与技术,140500,计算机科学与技术学院,266,34,34,51,51,2025
武汉科技大学,设计学,1403,艺术与设计学院,266,34,34,51,51,2025
武汉科技大学,哲学,010100,马克思主义学院,326,41,41,62,62,2026
武汉科技大学,应用统计,025200,理学院,324,40,40,60,60,2026
武汉科技大学,国际商务,025400,法学与经济学院,324,40,40,60,60,2026
武汉科技大学,马克思主义理论,030500,马克思主义学院,321,40,40,60,60,2026
武汉科技大学,马克思主义法学,0305Z1,法学与经济学院,321,40,40,60,60,2026
武汉科技大学,法律（法学）,035102,法学与经济学院,321,40,40,60,60,2026
武汉科技大学,社会工作,035200,法学与经济学院,321,40,40,60,60,2026
武汉科技大学,外国语言文学,050200,外国语学院,354,48,48,72,72,2026
武汉科技大学,英语笔译,055101,外国语学院,354,48,48,72,72,2026
武汉科技大学,数学,070100,理学院,275,35,35,53,53,2026
武汉科技大学,物理学,070200,理学院,275,35,35,53,53,2026
武汉科技大学,化学,070300,化学与化工学院,275,35,35,53,53,2026
武汉科技大学,生物学,071000,医学部医学院,275,35,35,53,53,2026
武汉科技大学,生物学,071000,生命科学与健康学院,275,35,35,53,53,2026
武汉科技大学,系统科学,071100,理学院,275,35,35,53,53,2026
武汉科技大学,统计学,071400,理学院,275,35,35,53,53,2026
武汉科技大学,力学,080100,理学院,251,33,33,50,50,2026
武汉科技大学,机械工程,080200,机械工程学院,264,35,35,53,53,2026
武汉科技大学,车辆工程,080204,汽车与交通工程学院,264,35,35,53,53,2026
武汉科技大学,低空技术与工程,0802J2,汽车与交通工程学院,264,35,35,53,53,2026
武汉科技大学,仪器科学与技术,080400,机械工程学院,264,35,35,53,53,2026
武汉科技大学,材料科学与工程,080500,材料学部,264,35,35,53,53,2026
武汉科技大学,材料科学与工程,080500,高性能钢铁材料及其应用省部共建协同创新中心,264,35,35,53,53,2026
武汉科技大学,冶金工程,080600,冶金与能源学院,251,33,33,50,50,2026
武汉科技大学,冶金工程,080600,高性能钢铁材料及其应用省部共建协同创新中心,251,33,33,50,50,2026
武汉科技大学,冶金热能工程,0806Z1,冶金与能源学院,251,33,33,50,50,2026
武汉科技大学,冶金热能工程,0806Z1,高性能钢铁材料及其应用省部共建协同创新中心,251,33,33,50,50,2026
武汉科技大学,电气工程,080800,人工智能与自动化学院,264,35,35,53,53,2026
武汉科技大学,信息与通信工程,081000,电子信息学院,264,35,35,53,53,2026
武汉科技大学,控制科学与工程,081100,人工智能与自动化学院,264,35,35,53,53,2026
武汉科技大学,计算机科学与技术,081200,计算机科学与技术学院,264,35,35,53,53,2026
武汉科技大学,建筑学,081300,城市建设学院,264,35,35,53,53,2026
武汉科技大学,土木工程,081400,资源与环境工程学院,264,35,35,53,53,2026
武汉科技大学,土木工程,081400,城市建设学院,264,35,35,53,53,2026
武汉科技大学,化学工程与技术,081700,化学与化工学院,264,35,35,53,53,2026
武汉科技大学,矿业工程,081900,国家环境保护矿冶资源利用与污染控制重点实验室,251,33,33,50,50,2026
武汉科技大学,矿业工程,081900,资源与环境工程学院,251,33,33,50,50,2026
武汉科技大学,交通运输工程,082300,汽车与交通工程学院,264,35,35,53,53,2026
武汉科技大学,环境科学与工程,083000,国家环境保护矿冶资源利用与污染控制重点实验室,264,35,35,53,53,2026
武汉科技大学,环境科学与工程,083000,资源与环境工程学院,264,35,35,53,53,2026
武汉科技大学,安全科学与工程,083700,资源与环境工程学院,264,35,35,53,53,2026
武汉科技大学,低空技术与工程,0837J2,资源与环境工程学院,264,35,35,53,53,2026
武汉科技大学,电子信息,085400,电子信息学院,264,35,35,53,53,2026
武汉科技大学,电子信息,085400,理学院,264,35,35,53,53,2026
武汉科技大学,电子信息,085400,计算机科学与技术学院,264,35,35,53,53,2026
武汉科技大学,电子信息,085400,人工智能与自动化学院,264,35,35,53,53,2026
武汉科技大学,机械,085500,机械工程学院,264,35,35,53,53,2026
武汉科技大学,机械,085500,汽车与交通工程学院,264,35,35,53,53,2026
武汉科技大学,材料与化工,085600,材料学部,264,35,35,53,53,2026
武汉科技大学,材料与化工,085600,高性能钢铁材料及其应用省部共建协同创新中心,264,35,35,53,53,2026
武汉科技大学,材料与化工,085600,化学与化工学院,264,35,35,53,53,2026
武汉科技大学,材料与化工,085600,冶金与能源学院,264,35,35,53,53,2026
武汉科技大学,资源与环境,085700,国家环境保护矿冶资源利用与污染控制重点实验室,264,35,35,53,53,2026
武汉科技大学,资源与环境,085700,资源与环境工程学院,264,35,35,53,53,2026
武汉科技大学,能源动力,085800,冶金与能源学院,264,35,35,53,53,2026
武汉科技大学,电气工程,085801,人工智能与自动化学院,264,35,35,53,53,2026
武汉科技大学,土木水利,085900,城市建设学院,264,35,35,53,53,2026
武汉科技大学,生物与医药,086000,生命科学与健康学院,264,35,35,53,53,2026
武汉科技大学,生物与医药,086000,化学与化工学院,264,35,35,53,53,2026
武汉科技大学,交通运输,086100,汽车与交通工程学院,264,35,35,53,53,2026
武汉科技大学,基础医学,100100,医学部第一临床学院,294,36,36,108,0,2026
武汉科技大学,基础医学,100100,医学部医学院,294,36,36,108,0,2026
武汉科技大学,公共卫生与预防医学,100400,医学部公共卫生学院,294,36,36,108,0,2026
武汉科技大学,内科学,105101,医学部医学院,294,36,36,108,0,2026
武汉科技大学,内科学,105101,医学部第一临床学院,294,36,36,108,0,2026
武汉科技大学,儿科学,105102,医学部医学院,294,36,36,108,0,2026
武汉科技大学,老年医学,105103,医学部医学院,294,36,36,108,0,2026
武汉科技大学,神经病学,105104,医学部医学院,294,36,36,108,0,2026
武汉科技大学,精神病与精神卫生学,105105,医学部医学院,294,36,36,108,0,2026
武汉科技大学,皮肤病与性病学,105106,医学部医学院,294,36,36,108,0,2026
武汉科技大学,急诊医学,105107,医学部医学院,294,36,36,108,0,2026
武汉科技大学,重症医学,105108,医学部医学院,294,36,36,108,0,2026
武汉科技大学,全科医学,105109,医学部第一临床学院,294,36,36,108,0,2026
武汉科技大学,全科医学,105109,医学部医学院,294,36,36,108,0,2026
武汉科技大学,康复医学与理疗学,105110,医学部医学院,294,36,36,108,0,2026
武汉科技大学,外科学,105111,医学部第一临床学院,294,36,36,108,0,2026
武汉科技大学,外科学,105111,医学部医学院,294,36,36,108,0,2026
武汉科技大学,儿外科学,105112,医学部医学院,294,36,36,108,0,2026
武汉科技大学,骨科学,105113,医学部医学院,294,36,36,108,0,2026
武汉科技大学,妇产科学,105115,医学部医学院,294,36,36,108,0,2026
武汉科技大学,眼科学,105116,医学部医学院,294,36,36,108,0,2026
武汉科技大学,耳鼻咽喉科学,105117,医学部医学院,294,36,36,108,0,2026
武汉科技大学,麻醉学,105118,医学部医学院,294,36,36,108,0,2026
武汉科技大学,临床病理,105119,医学部医学院,294,36,36,108,0,2026
武汉科技大学,临床检验诊断学,105120,医学部医学院,294,36,36,108,0,2026
武汉科技大学,肿瘤学,105121,医学部医学院,294,36,36,108,0,2026
武汉科技大学,放射影像学,105123,医学部医学院,294,36,36,108,0,2026
武汉科技大学,超声医学,105124,医学部医学院,294,36,36,108,0,2026
武汉科技大学,公共卫生,105300,医学部公共卫生学院,294,36,36,108,0,2026
武汉科技大学,护理,105400,医学部医学院,294,36,36,108,0,2026
武汉科技大学,药学,105500,医学部医学院,294,36,36,108,0,2026
武汉科技大学,管理科学与工程,120100,管理学院,332,41,41,62,62,2026
武汉科技大学,工商管理学,120200,管理学院,332,41,41,62,62,2026
武汉科技大学,公共管理学,120400,法学与经济学院,332,41,41,62,62,2026
武汉科技大学,公共管理学,120400,体育学院,332,41,41,62,62,2026
武汉科技大学,艺术管理,1204Z1,艺术与设计学院,332,41,41,62,62,2026
武汉科技大学,工商管理,125100,管理学院,146,0,35,70,0,2026
武汉科技大学,公共管理,125200,法学与经济学院,168,0,39,78,0,2026
武汉科技大学,公共管理,125200,马克思主义学院,168,0,39,78,0,2026
武汉科技大学,会计,125300,管理学院,199,0,51,102,0,2026
武汉科技大学,工程管理,125601,管理学院,166,0,39,78,0,2026
武汉科技大学,工程管理,125601,城市建设学院,166,0,39,78,0,2026
武汉科技大学,工业工程与管理,125603,机械工程学院,166,0,39,78,0,2026
武汉科技大学,物流工程与管理,125604,管理学院,166,0,39,78,0,2026
武汉科技大学,设计,135700,艺术与设计学院,354,38,38,57,57,2026
武汉科技大学,设计,135700,城市建设学院,354,38,38,57,57,2026
武汉科技大学,设计学,140300,艺术与设计学院,266,35,35,53,53,2026
武汉科技大学,智能科学与技术,140500,计算机科学与技术学院,266,35,35,53,53,2026
内蒙古民族大学,民族学,030401,蒙古学学院,316,42,42,63,63,2023
内蒙古民族大学,马克思主义民族理论与政策,030402,马克思主义学院,316,42,42,63,63,2023
内蒙古民族大学,中国少数民族经济,030403,经济学院,316,42,42,63,63,2023
内蒙古民族大学,中国少数民族史,030404,蒙古学学院,316,42,42,63,63,2023
内蒙古民族大学,中国少数民族艺术,030405,音乐学院,316,42,42,63,63,2023
内蒙古民族大学,中国少数民族艺术,030405,美术学院,316,42,42,63,63,2023
内蒙古民族大学,民族法学,0304Z2,法学与历史学院,316,42,42,63,63,2023
内蒙古民族大学,民族地区公共管理,0304Z3,管理学院,316,42,42,63,63,2023
内蒙古民族大学,马克思主义理论,030500,马克思主义学院,316,42,42,63,63,2023
内蒙古民族大学,法律（非法学）,035101,法学与历史学院,316,42,42,63,63,2023
内蒙古民族大学,法律（法学）,035102,法学与历史学院,316,42,42,63,63,2023
内蒙古民族大学,教育学原理,040101,教育科学学院,340,48,48,144,0,2023
内蒙古民族大学,课程与教学论,040102,教育科学学院,340,48,48,144,0,2023
内蒙古民族大学,高等教育学,040106,教育科学学院,340,48,48,144,0,2023
内蒙古民族大学,体育教育训练学,040303,体育学院,295,36,36,108,0,2023
内蒙古民族大学,教育管理,045101,教育科学学院,340,48,48,72,72,2023
内蒙古民族大学,学科教学（思政）,045102,马克思主义学院,340,48,48,72,72,2023
内蒙古民族大学,学科教学（语文）,045103,文学与新闻传播学院,340,48,48,72,72,2023
内蒙古民族大学,学科教学（语文）,045103,蒙古学学院,340,48,48,72,72,2023
内蒙古民族大学,学科教学（数学）,045104,数理学院,340,48,48,72,72,2023
内蒙古民族大学,学科教学（物理）,045105,数理学院,340,48,48,72,72,2023
内蒙古民族大学,学科教学（化学）,045106,化学与材料学院,340,48,48,72,72,2023
内蒙古民族大学,学科教学（生物）,045107,生命科学与食品学院,340,48,48,72,72,2023
内蒙古民族大学,学科教学（英语）,045108,外国语学院,340,48,48,72,72,2023
内蒙古民族大学,学科教学（历史）,045109,法学与历史学院,340,48,48,72,72,2023
内蒙古民族大学,学科教学（音乐）,045111,音乐学院,340,48,48,72,72,2023
内蒙古民族大学,学科教学（美术）,045113,美术学院,340,48,48,72,72,2023
内蒙古民族大学,小学教育,045115,教育科学学院,340,48,48,72,72,2023
内蒙古民族大学,心理健康教育,045116,教育科学学院,340,48,48,72,72,2023
内蒙古民族大学,学前教育,045118,教育科学学院,340,48,48,72,72,2023
内蒙古民族大学,体育,045200,体育学院,295,36,36,108,0,2023
内蒙古民族大学,文艺学,050101,文学与新闻传播学院,353,51,51,77,77,2023
内蒙古民族大学,语言学及应用语言学,050102,蒙古学学院,353,51,51,77,77,2023
内蒙古民族大学,汉语言文字学,050103,文学与新闻传播学院,353,51,51,77,77,2023
内蒙古民族大学,中国古典文献学,050104,文学与新闻传播学院,353,51,51,77,77,2023
内蒙古民族大学,中国古代文学,050105,文学与新闻传播学院,353,51,51,77,77,2023
内蒙古民族大学,中国现当代文学,050106,文学与新闻传播学院,353,51,51,77,77,2023
内蒙古民族大学,中国少数民族语言文学,050107,蒙古学学院,353,51,51,77,77,2023
内蒙古民族大学,比较文学与世界文学,050108,蒙古学学院,353,51,51,77,77,2023
内蒙古民族大学,文化与传媒,0501Z1,文学与新闻传播学院,353,51,51,77,77,2023
内蒙古民族大学,跨语言文化研究,0501Z2,外国语学院,353,51,51,77,77,2023
内蒙古民族大学,新闻与传播,055200,文学与新闻传播学院,353,51,51,77,77,2023
内蒙古民族大学,中国史,060200,法学与历史学院,326,43,43,129,0,2023
内蒙古民族大学,世界史,060300,法学与历史学院,326,43,43,129,0,2023
内蒙古民族大学,数学,070100,数理学院,269,35,35,53,53,2023
内蒙古民族大学,物理学,070200,数理学院,269,35,35,53,53,2023
内蒙古民族大学,化学,070300,化学与材料学院,269,35,35,53,53,2023
内蒙古民族大学,植物学,071001,生命科学与食品学院,269,35,35,53,53,2023
内蒙古民族大学,微生物学,071005,生命科学与食品学院,269,35,35,53,53,2023
内蒙古民族大学,遗传学,071007,生命科学与食品学院,269,35,35,53,53,2023
内蒙古民族大学,生物化学与分子生物学,071010,生命科学与食品学院,269,35,35,53,53,2023
内蒙古民族大学,电子信息,085400,计算机科学与技术学院,263,35,35,53,53,2023
内蒙古民族大学,作物学,090100,农学院,241,30,30,45,45,2023
内蒙古民族大学,动物营养与饲料科学,090502,动物科技学院,241,30,30,45,45,2023
内蒙古民族大学,兽医学,090600,动物科技学院,241,30,30,45,45,2023
内蒙古民族大学,草学,090900,农学院,241,30,30,45,45,2023
内蒙古民族大学,农艺与种业,095131,农学院,241,30,30,45,45,2023
内蒙古民族大学,畜牧,095133,动物科技学院,241,30,30,45,45,2023
内蒙古民族大学,食品加工与安全,095135,生命科学与食品学院,241,30,30,45,45,2023
内蒙古民族大学,兽医,095200,动物科技学院,241,30,30,45,45,2023
内蒙古民族大学,内科学,100201,临床（蒙）医学院,286,36,36,108,0,2023
内蒙古民族大学,儿科学,100202,临床（蒙）医学院,286,36,36,108,0,2023
内蒙古民族大学,神经病学,100204,临床（蒙）医学院,286,36,36,108,0,2023
内蒙古民族大学,皮肤病与性病学,100206,临床（蒙）医学院,286,36,36,108,0,2023
内蒙古民族大学,影像医学与核医学,100207,临床（蒙）医学院,286,36,36,108,0,2023
内蒙古民族大学,外科学,100210,临床（蒙）医学院,286,36,36,108,0,2023
内蒙古民族大学,妇产科学,100211,临床（蒙）医学院,286,36,36,108,0,2023
内蒙古民族大学,眼科学,100212,临床（蒙）医学院,286,36,36,108,0,2023
内蒙古民族大学,康复医学与理疗学,100215,临床（蒙）医学院,286,36,36,108,0,2023
内蒙古民族大学,麻醉学,100217,临床（蒙）医学院,286,36,36,108,0,2023
内蒙古民族大学,临床病理学与病原生物学,1002Z1,医学院,286,36,36,108,0,2023
内蒙古民族大学,蒙西医结合护理学,1002Z2,临床（蒙）医学院,286,36,36,108,0,2023
内蒙古民族大学,中医医史文献,100503,蒙医药学院,285,36,36,108,0,2023
内蒙古民族大学,民族医学（含：藏医学、蒙医学等）,100513,蒙医药学院,285,36,36,108,0,2023
内蒙古民族大学,中西医结合基础,100601,蒙医药学院,285,36,36,108,0,2023
内蒙古民族大学,中西医结合临床,100602,临床（蒙）医学院,285,36,36,108,0,2023
内蒙古民族大学,医学信息化,1006Z1,计算机科学与技术学院,285,36,36,108,0,2023
内蒙古民族大学,中药学,100800,蒙医药学院,286,36,36,108,0,2023
内蒙古民族大学,中（蒙）药化学与药理学,1008Z1,医学院,286,36,36,108,0,2023
内蒙古民族大学,内科学,105101,临床（蒙）医学院,286,36,36,108,0,2023
内蒙古民族大学,内科学,105101,第二临床医学院,286,36,36,108,0,2023
内蒙古民族大学,内科学,105101,呼伦贝尔市人民医院,286,36,36,108,0,2023
内蒙古民族大学,内科学,105101,内蒙古民族大学赤峰临床医院,286,36,36,108,0,2023
内蒙古民族大学,老年医学,105103,第二临床医学院,286,36,36,108,0,2023
内蒙古民族大学,神经病学,105104,第二临床医学院,286,36,36,108,0,2023
内蒙古民族大学,神经病学,105104,内蒙古民族大学赤峰临床医院,286,36,36,108,0,2023
内蒙古民族大学,全科医学,105109,临床（蒙）医学院,286,36,36,108,0,2023
内蒙古民族大学,全科医学,105109,第二临床医学院,286,36,36,108,0,2023
内蒙古民族大学,外科学,105111,临床（蒙）医学院,286,36,36,108,0,2023
内蒙古民族大学,外科学,105111,第二临床医学院,286,36,36,108,0,2023
内蒙古民族大学,外科学,105111,呼伦贝尔市人民医院,286,36,36,108,0,2023
内蒙古民族大学,外科学,105111,内蒙古民族大学赤峰临床医院,286,36,36,108,0,2023
内蒙古民族大学,骨科学,105113,内蒙古民族大学赤峰临床医院,286,36,36,108,0,2023
内蒙古民族大学,妇产科学,105115,第二临床医学院,286,36,36,108,0,2023
内蒙古民族大学,妇产科学,105115,内蒙古民族大学赤峰临床医院,286,36,36,108,0,2023
内蒙古民族大学,眼科学,105116,第二临床医学院,286,36,36,108,0,2023
内蒙古民族大学,麻醉学,105118,内蒙古民族大学赤峰临床医院,286,36,36,108,0,2023
内蒙古民族大学,临床检验诊断学,105120,第二临床医学院,286,36,36,108,0,2023
内蒙古民族大学,肿瘤学,105121,第二临床医学院,286,36,36,108,0,2023
内蒙古民族大学,放射影像学,105123,第二临床医学院,286,36,36,108,0,2023
内蒙古民族大学,护理,105400,护理学院,286,36,36,108,0,2023
内蒙古民族大学,中药学,105600,蒙医药学院,286,36,36,108,0,2023
内蒙古民族大学,民族医学（含：藏医学、蒙医学等）,105708,呼伦贝尔市蒙医医院,285,36,36,108,0,2023
内蒙古民族大学,民族医学（含：藏医学、蒙医学等）,105708,临床（蒙）医学院,285,36,36,108,0,2023
内蒙古民族大学,民族医学（含：藏医学、蒙医学等）,105708,内蒙古自治区国际蒙医医院,285,36,36,108,0,2023
内蒙古民族大学,民族医学（含：藏医学、蒙医学等）,105708,锡林郭勒盟蒙医医院,285,36,36,108,0,2023
内蒙古民族大学,中西医结合临床,105709,临床（蒙）医学院,285,36,36,108,0,2023
内蒙古民族大学,中西医结合临床,105709,锡林郭勒盟蒙医医院,285,36,36,108,0,2023
内蒙古民族大学,公共管理,125200,管理学院,165,0,39,78,0,2023
内蒙古民族大学,艺术,135100,音乐学院,352,37,37,56,56,2023
内蒙古民族大学,民族学,030401,蒙古学学院,321,44,44,66,66,2024
内蒙古民族大学,马克思主义民族理论与政策,030402,马克思主义学院,321,44,44,66,66,2024
内蒙古民族大学,中国少数民族经济,030403,经济学院,321,44,44,66,66,2024
内蒙古民族大学,中国少数民族史,030404,蒙古学学院,321,44,44,66,66,2024
内蒙古民族大学,中国少数民族艺术,030405,音乐学院,321,44,44,66,66,2024
内蒙古民族大学,中国少数民族艺术,030405,美术学院,321,44,44,66,66,2024
内蒙古民族大学,民族法学,0304Z2,法学院,321,44,44,66,66,2024
内蒙古民族大学,民族地区公共管理,0304Z3,管理学院,321,44,44,66,66,2024
内蒙古民族大学,马克思主义理论,030500,马克思主义学院,321,44,44,66,66,2024
内蒙古民族大学,法律（非法学）,035101,法学院,321,44,44,66,66,2024
内蒙古民族大学,法律（法学）,035102,法学院,321,44,44,66,66,2024
内蒙古民族大学,教育学原理,040101,教育科学学院,340,48,48,144,0,2024
内蒙古民族大学,课程与教学论,040102,教育科学学院,340,48,48,144,0,2024
内蒙古民族大学,高等教育学,040106,教育科学学院,340,48,48,144,0,2024
内蒙古民族大学,体育教育训练学,040303,体育学院,303,38,38,114,0,2024
内蒙古民族大学,教育管理,045101,教育科学学院,340,48,48,72,72,2024
内蒙古民族大学,学科教学（思政）,045102,马克思主义学院,340,48,48,72,72,2024
内蒙古民族大学,学科教学（语文）,045103,文学与新闻传播学院,340,48,48,72,72,2024
内蒙古民族大学,学科教学（语文）,045103,蒙古学学院,340,48,48,72,72,2024
内蒙古民族大学,学科教学（数学）,045104,数学科学学院,340,48,48,72,72,2024
内蒙古民族大学,学科教学（物理）,045105,物理与电子信息学院,340,48,48,72,72,2024
内蒙古民族大学,学科教学（化学）,045106,化学与材料学院,340,48,48,72,72,2024
内蒙古民族大学,学科教学（生物）,045107,生命科学与食品学院,340,48,48,72,72,2024
内蒙古民族大学,学科教学（英语）,045108,外国语学院,340,48,48,72,72,2024
内蒙古民族大学,学科教学（历史）,045109,历史与旅游文化学院,340,48,48,72,72,2024
内蒙古民族大学,学科教学（音乐）,045111,音乐学院,340,48,48,72,72,2024
内蒙古民族大学,学科教学（美术）,045113,美术学院,340,48,48,72,72,2024
内蒙古民族大学,小学教育,045115,教育科学学院,340,48,48,72,72,2024
内蒙古民族大学,心理健康教育,045116,教育科学学院,340,48,48,72,72,2024
内蒙古民族大学,学前教育,045118,教育科学学院,340,48,48,72,72,2024
内蒙古民族大学,体育,045200,体育学院,303,38,38,114,0,2024
内蒙古民族大学,文艺学,050101,文学与新闻传播学院,355,52,52,78,78,2024
内蒙古民族大学,语言学及应用语言学,050102,蒙古学学院,355,52,52,78,78,2024
内蒙古民族大学,汉语言文字学,050103,文学与新闻传播学院,355,52,52,78,78,2024
内蒙古民族大学,中国古典文献学,050104,文学与新闻传播学院,355,52,52,78,78,2024
内蒙古民族大学,中国古代文学,050105,文学与新闻传播学院,355,52,52,78,78,2024
内蒙古民族大学,中国现当代文学,050106,文学与新闻传播学院,355,52,52,78,78,2024
内蒙古民族大学,中国少数民族语言文学,050107,蒙古学学院,355,52,52,78,78,2024
内蒙古民族大学,比较文学与世界文学,050108,蒙古学学院,355,52,52,78,78,2024
内蒙古民族大学,跨语言文化研究,0501Z2,外国语学院,355,52,52,78,78,2024
内蒙古民族大学,新闻与传播,055200,文学与新闻传播学院,355,52,52,78,78,2024
内蒙古民族大学,中国史,060200,历史与旅游文化学院,335,46,46,138,0,2024
内蒙古民族大学,世界史,060300,历史与旅游文化学院,335,46,46,138,0,2024
内蒙古民族大学,数学,070100,数学科学学院,278,38,38,57,57,2024
内蒙古民族大学,物理学,070200,物理与电子信息学院,278,38,38,57,57,2024
内蒙古民族大学,化学,070300,化学与材料学院,278,38,38,57,57,2024
内蒙古民族大学,植物学,071001,生命科学与食品学院,278,38,38,57,57,2024
内蒙古民族大学,微生物学,071005,生命科学与食品学院,278,38,38,57,57,2024
内蒙古民族大学,遗传学,071007,生命科学与食品学院,278,38,38,57,57,2024
内蒙古民族大学,生物化学与分子生物学,071010,生命科学与食品学院,278,38,38,57,57,2024
内蒙古民族大学,电子信息,085400,计算机科学与技术学院,263,34,34,51,51,2024
内蒙古民族大学,作物学,090100,农学院,241,30,30,45,45,2024
内蒙古民族大学,动物营养与饲料科学,090502,动物科技学院,241,30,30,45,45,2024
内蒙古民族大学,兽医学,090600,动物科技学院,241,30,30,45,45,2024
内蒙古民族大学,草学,090900,农学院,241,30,30,45,45,2024
内蒙古民族大学,农艺与种业,095131,农学院,241,30,30,45,45,2024
内蒙古民族大学,农艺与种业,095131,农学院-内蒙古自治区农牧业科学院,241,30,30,45,45,2024
内蒙古民族大学,资源利用与植物保护,095132,农学院,241,30,30,45,45,2024
内蒙古民族大学,畜牧,095133,动物科技学院,241,30,30,45,45,2024
内蒙古民族大学,畜牧,095133,动物科技学院-内蒙古自治区农牧业科学院,241,30,30,45,45,2024
内蒙古民族大学,食品加工与安全,095135,生命科学与食品学院,241,30,30,45,45,2024
内蒙古民族大学,农业工程与信息技术,095136,工学院,241,30,30,45,45,2024
内蒙古民族大学,兽医,095200,动物科技学院,241,30,30,45,45,2024
内蒙古民族大学,内科学,100201,临床医学院,294,39,39,117,0,2024
内蒙古民族大学,儿科学,100202,临床医学院,294,39,39,117,0,2024
内蒙古民族大学,神经病学,100204,临床医学院,294,39,39,117,0,2024
内蒙古民族大学,皮肤病与性病学,100206,临床医学院,294,39,39,117,0,2024
内蒙古民族大学,影像医学与核医学,100207,临床医学院,294,39,39,117,0,2024
内蒙古民族大学,外科学,100210,临床医学院,294,39,39,117,0,2024
内蒙古民族大学,妇产科学,100211,临床医学院,294,39,39,117,0,2024
内蒙古民族大学,眼科学,100212,临床医学院,294,39,39,117,0,2024
内蒙古民族大学,康复医学与理疗学,100215,临床医学院,294,39,39,117,0,2024
内蒙古民族大学,临床病理学与病原生物学,1002Z1,医学院,294,39,39,117,117,2024
内蒙古民族大学,民族医学（含：藏医学、蒙医学等）,100513,蒙医药学院,293,39,39,117,0,2024
内蒙古民族大学,中西医结合临床,100602,临床医学院,293,39,39,117,0,2024
内蒙古民族大学,医学信息化,1006Z1,计算机科学与技术学院,293,39,39,117,117,2024
内蒙古民族大学,中药学,100800,蒙医药学院,294,39,39,117,0,2024
内蒙古民族大学,中（蒙）药化学与药理学,1008Z1,公共卫生学院,294,39,39,117,117,2024
内蒙古民族大学,内科学,105101,临床医学院,294,39,39,117,0,2024
内蒙古民族大学,内科学,105101,临床医学院-呼伦贝尔市人民医院,294,39,39,117,0,2024
内蒙古民族大学,内科学,105101,临床医学院-赤峰学院附属医院,294,39,39,117,0,2024
内蒙古民族大学,内科学,105101,临床医学院-赤峰学院附属医院,294,39,39,117,0,2024
内蒙古民族大学,内科学,105101,临床医学院-内蒙古林业总院,294,39,39,117,0,2024
内蒙古民族大学,儿科学,105102,临床医学院-呼伦贝尔市人民医院,294,39,39,117,0,2024
内蒙古民族大学,神经病学,105104,临床医学院-内蒙古林业总院,294,39,39,117,0,2024
内蒙古民族大学,精神病与精神卫生学,105105,临床医学院-内蒙古林业总院,294,39,39,117,0,2024
内蒙古民族大学,急诊医学,105107,临床医学院-内蒙古林业总院,294,39,39,117,0,2024
内蒙古民族大学,全科医学,105109,临床医学院,294,39,39,117,0,2024
内蒙古民族大学,全科医学,105109,临床医学院-呼伦贝尔市人民医院,294,39,39,117,0,2024
内蒙古民族大学,全科医学,105109,临床医学院-内蒙古林业总院,294,39,39,117,0,2024
内蒙古民族大学,外科学,105111,临床医学院-赤峰学院附属医院,294,39,39,117,0,2024
内蒙古民族大学,外科学,105111,临床医学院,294,39,39,117,0,2024
内蒙古民族大学,外科学,105111,临床医学院-呼伦贝尔市人民医院,294,39,39,117,0,2024
内蒙古民族大学,外科学,105111,临床医学院-内蒙古林业总院,294,39,39,117,0,2024
内蒙古民族大学,骨科学,105113,临床医学院-赤峰学院附属医院,294,39,39,117,0,2024
内蒙古民族大学,妇产科学,105115,临床医学院-赤峰学院附属医院,294,39,39,117,0,2024
内蒙古民族大学,妇产科学,105115,临床医学院-内蒙古林业总院,294,39,39,117,0,2024
内蒙古民族大学,眼科学,105116,临床医学院-内蒙古林业总院,294,39,39,117,0,2024
内蒙古民族大学,耳鼻咽喉科学,105117,临床医学院-内蒙古林业总院,294,39,39,117,0,2024
内蒙古民族大学,麻醉学,105118,临床医学院-赤峰学院附属医院,294,39,39,117,0,2024
内蒙古民族大学,临床病理,105119,临床医学院-赤峰学院附属医院,294,39,39,117,0,2024
内蒙古民族大学,临床检验诊断学,105120,临床医学院-内蒙古林业总院,294,39,39,117,0,2024
内蒙古民族大学,放射影像学,105123,临床医学院-内蒙古林业总院,294,39,39,117,0,2024
内蒙古民族大学,超声医学,105124,临床医学院-内蒙古林业总院,294,39,39,117,0,2024
内蒙古民族大学,护理,105400,护理学院,294,39,39,117,0,2024
内蒙古民族大学,中药,105600,蒙医药学院,294,39,39,117,0,2024
内蒙古民族大学,民族医学（含：藏医学、蒙医学等）,105708,临床医学院,293,39,39,117,0,2024
内蒙古民族大学,民族医学（含：藏医学、蒙医学等）,105708,临床医学院-呼伦贝尔市蒙医医院,293,39,39,117,0,2024
内蒙古民族大学,民族医学（含：藏医学、蒙医学等）,105708,临床医学院-锡林郭勒盟蒙医医院,293,39,39,117,0,2024
内蒙古民族大学,民族医学（含：藏医学、蒙医学等）,105708,临床医学院-内蒙古自治区国际蒙医医院,293,39,39,117,0,2024
内蒙古民族大学,公共管理,125200,管理学院,163,0,38,76,0,2024
内蒙古民族大学,音乐,135200,音乐学院,352,37,37,56,56,2024
内蒙古民族大学,国际商务,025400,经济学院,313,37,37,56,56,2025
内蒙古民族大学,马克思主义民族理论与政策,030402,马克思主义学院,313,37,37,56,56,2025
内蒙古民族大学,中华民族学,030406,蒙古学学院,313,37,37,56,56,2025
内蒙古民族大学,马克思主义理论,030500,马克思主义学院,313,37,37,56,56,2025
内蒙古民族大学,法律（非法学）,035101,法学院,313,37,37,56,56,2025
内蒙古民族大学,法律（法学）,035102,法学院,313,37,37,56,56,2025
内蒙古民族大学,教育学,040100,教育科学学院,331,42,42,126,0,2025
内蒙古民族大学,体育教育训练学,040303,体育学院,294,33,33,99,0,2025
内蒙古民族大学,教育管理,045101,教育科学学院,331,42,42,63,63,2025
内蒙古民族大学,学科教学（思政）,045102,马克思主义学院,331,42,42,63,63,2025
内蒙古民族大学,学科教学（语文）,045103,文学与新闻传播学院,331,42,42,63,63,2025
内蒙古民族大学,学科教学（语文）,045103,蒙古学学院,331,42,42,63,63,2025
内蒙古民族大学,学科教学（数学）,045104,数学科学学院,331,42,42,63,63,2025
内蒙古民族大学,学科教学（物理）,045105,物理与电子信息学院,331,42,42,63,63,2025
内蒙古民族大学,学科教学（化学）,045106,化学与材料学院,331,42,42,63,63,2025
内蒙古民族大学,学科教学（生物）,045107,生命科学与食品学院,331,42,42,63,63,2025
内蒙古民族大学,学科教学（英语）,045108,外国语学院,331,42,42,63,63,2025
内蒙古民族大学,学科教学（历史）,045109,历史与旅游文化学院,331,42,42,63,63,2025
内蒙古民族大学,学科教学（音乐）,045111,音乐学院,331,42,42,63,63,2025
内蒙古民族大学,学科教学（美术）,045113,美术与设计学院,331,42,42,63,63,2025
内蒙古民族大学,小学教育,045115,教育科学学院,331,42,42,63,63,2025
内蒙古民族大学,心理健康教育,045116,教育科学学院,331,42,42,63,63,2025
内蒙古民族大学,学前教育,045118,教育科学学院,331,42,42,63,63,2025
内蒙古民族大学,体育,045200,体育学院,294,33,33,99,0,2025
内蒙古民族大学,文艺学,050101,文学与新闻传播学院,341,44,44,66,66,2025
内蒙古民族大学,语言学及应用语言学,050102,蒙古学学院,341,44,44,66,66,2025
内蒙古民族大学,汉语言文字学,050103,文学与新闻传播学院,341,44,44,66,66,2025
内蒙古民族大学,中国古典文献学,050104,文学与新闻传播学院,341,44,44,66,66,2025
内蒙古民族大学,中国古代文学,050105,文学与新闻传播学院,341,44,44,66,66,2025
内蒙古民族大学,中国现当代文学,050106,文学与新闻传播学院,341,44,44,66,66,2025
内蒙古民族大学,中国少数民族语言文学,050107,蒙古学学院,341,44,44,66,66,2025
内蒙古民族大学,比较文学与世界文学,050108,蒙古学学院,341,44,44,66,66,2025
内蒙古民族大学,跨语言文化研究,0501Z2,外国语学院,341,44,44,66,66,2025
内蒙古民族大学,英语笔译,055101,外国语学院,341,44,44,66,66,2025
内蒙古民族大学,新闻与传播,055200,文学与新闻传播学院,341,44,44,66,66,2025
内蒙古民族大学,中国史,060200,历史与旅游文化学院,326,40,40,120,0,2025
内蒙古民族大学,世界史,060300,历史与旅游文化学院,326,40,40,120,0,2025
内蒙古民族大学,数学,070100,数学科学学院,264,31,31,47,47,2025
内蒙古民族大学,物理学,070200,物理与电子信息学院,264,31,31,47,47,2025
内蒙古民族大学,化学,070300,化学与材料学院,264,31,31,47,47,2025
内蒙古民族大学,生物学,071000,生命科学与食品学院,264,31,31,47,47,2025
内蒙古民族大学,新一代电子信息技术（含量子技术等）,085401,物理与电子信息学院,250,31,31,47,47,2025
内蒙古民族大学,人工智能,085410,计算机科学与技术学院,250,31,31,47,47,2025
内蒙古民族大学,大数据技术与工程,085411,计算机科学与技术学院,250,31,31,47,47,2025
内蒙古民族大学,材料与化工,085600,化学与材料学院,250,31,31,47,47,2025
内蒙古民族大学,作物学,090100,农学院,235,30,30,45,45,2025
内蒙古民族大学,动物营养与饲料科学,090502,动物科技学院,235,30,30,45,45,2025
内蒙古民族大学,兽医学,090600,动物科技学院,235,30,30,45,45,2025
内蒙古民族大学,草学,090900,草业学院,235,30,30,45,45,2025
内蒙古民族大学,农艺与种业,095131,农学院,235,30,30,45,45,2025
内蒙古民族大学,农艺与种业,095131,草业学院,235,30,30,45,45,2025
内蒙古民族大学,农艺与种业,095131,农学院-内蒙古自治区农牧业科学院,235,30,30,45,45,2025
内蒙古民族大学,资源利用与植物保护,095132,草业学院,235,30,30,45,45,2025
内蒙古民族大学,畜牧,095133,动物科技学院,235,30,30,45,45,2025
内蒙古民族大学,畜牧,095133,动物科技学院-内蒙古自治区农牧业科学院,235,30,30,45,45,2025
内蒙古民族大学,食品加工与安全,095135,生命科学与食品学院,235,30,30,45,45,2025
内蒙古民族大学,农业工程与信息技术,095136,工学院,235,30,30,45,45,2025
内蒙古民族大学,农村发展,095138,经济学院,235,30,30,45,45,2025
内蒙古民族大学,兽医,095200,动物科技学院,235,30,30,45,45,2025
内蒙古民族大学,基础医学,100100,基础医学院,283,33,33,99,0,2025
内蒙古民族大学,内科学,100201,临床医学院,283,33,33,99,0,2025
内蒙古民族大学,神经病学,100204,临床医学院,283,33,33,99,0,2025
内蒙古民族大学,皮肤病与性病学,100206,临床医学院,283,33,33,99,0,2025
内蒙古民族大学,影像医学与核医学,100207,临床医学院,283,33,33,99,0,2025
内蒙古民族大学,外科学,100210,临床医学院,283,33,33,99,0,2025
内蒙古民族大学,眼科学,100212,临床医学院,283,33,33,99,0,2025
内蒙古民族大学,耳鼻咽喉科学,100213,临床医学院,283,33,33,99,0,2025
内蒙古民族大学,中医医史文献,100503,蒙医药学院,283,33,33,99,0,2025
内蒙古民族大学,民族医学（含：藏医学、蒙医学等）,100513,蒙医药学院,283,33,33,99,0,2025
内蒙古民族大学,中西医结合临床,100602,临床医学院,283,33,33,99,0,2025
内蒙古民族大学,医学信息化,1006Z1,计算机科学与技术学院,283,33,33,99,99,2025
内蒙古民族大学,中药学,100800,蒙医药学院,283,33,33,99,0,2025
内蒙古民族大学,中（蒙）药化学与药理学,1008Z1,公共卫生学院,283,33,33,99,99,2025
内蒙古民族大学,内科学,105101,临床医学院,283,33,33,99,0,2025
内蒙古民族大学,内科学,105101,临床医学院-兴安盟人民医院,283,33,33,99,0,2025
内蒙古民族大学,内科学,105101,临床医学院-赤峰学院附属医院,283,33,33,99,0,2025
内蒙古民族大学,内科学,105101,临床医学院-内蒙古林业总院,283,33,33,99,0,2025
内蒙古民族大学,内科学,105101,临床医学院-呼伦贝尔市人民医院,283,33,33,99,0,2025
内蒙古民族大学,儿科学,105102,临床医学院-内蒙古自治区人民医院,283,33,33,99,0,2025
内蒙古民族大学,神经病学,105104,临床医学院-内蒙古自治区人民医院,283,33,33,99,0,2025
内蒙古民族大学,皮肤病与性病学,105106,临床医学院-内蒙古自治区人民医院,283,33,33,99,0,2025
内蒙古民族大学,急诊医学,105107,临床医学院-内蒙古自治区人民医院,283,33,33,99,0,2025
内蒙古民族大学,重症医学,105108,临床医学院-内蒙古自治区人民医院,283,33,33,99,0,2025
内蒙古民族大学,全科医学,105109,临床医学院-内蒙古林业总院,283,33,33,99,0,2025
内蒙古民族大学,全科医学,105109,临床医学院-兴安盟人民医院,283,33,33,99,0,2025
内蒙古民族大学,全科医学,105109,临床医学院,283,33,33,99,0,2025
内蒙古民族大学,全科医学,105109,临床医学院-呼伦贝尔市人民医院,283,33,33,99,0,2025
内蒙古民族大学,外科学,105111,临床医学院-兴安盟人民医院,283,33,33,99,0,2025
内蒙古民族大学,外科学,105111,临床医学院-内蒙古林业总院,283,33,33,99,0,2025
内蒙古民族大学,外科学,105111,临床医学院-赤峰学院附属医院,283,33,33,99,0,2025
内蒙古民族大学,外科学,105111,临床医学院-呼伦贝尔市人民医院,283,33,33,99,0,2025
内蒙古民族大学,外科学,105111,临床医学院,283,33,33,99,0,2025
内蒙古民族大学,骨科学,105113,临床医学院-赤峰学院附属医院,283,33,33,99,0,2025
内蒙古民族大学,妇产科学,105115,临床医学院-赤峰学院附属医院,283,33,33,99,0,2025
内蒙古民族大学,妇产科学,105115,临床医学院-内蒙古林业总院,283,33,33,99,0,2025
内蒙古民族大学,妇产科学,105115,临床医学院-内蒙古自治区人民医院,283,33,33,99,0,2025
内蒙古民族大学,眼科学,105116,临床医学院-内蒙古林业总院,283,33,33,99,0,2025
内蒙古民族大学,眼科学,105116,临床医学院,283,33,33,99,0,2025
内蒙古民族大学,眼科学,105116,临床医学院-内蒙古自治区人民医院,283,33,33,99,0,2025
内蒙古民族大学,耳鼻咽喉科学,105117,临床医学院-内蒙古自治区人民医院,283,33,33,99,0,2025
内蒙古民族大学,麻醉学,105118,临床医学院-赤峰学院附属医院,283,33,33,99,0,2025
内蒙古民族大学,麻醉学,105118,临床医学院-内蒙古自治区人民医院,283,33,33,99,0,2025
内蒙古民族大学,临床病理,105119,临床医学院-赤峰学院附属医院,283,33,33,99,0,2025
内蒙古民族大学,放射影像学,105123,临床医学院-内蒙古林业总院,283,33,33,99,0,2025
内蒙古民族大学,放射影像学,105123,临床医学院-内蒙古自治区人民医院,283,33,33,99,0,2025
内蒙古民族大学,超声医学,105124,临床医学院-内蒙古自治区人民医院,283,33,33,99,0,2025
内蒙古民族大学,核医学,105125,临床医学院-内蒙古自治区人民医院,283,33,33,99,0,2025
内蒙古民族大学,护理,105400,护理学院,283,33,33,99,0,2025
内蒙古民族大学,中药,105600,蒙医药学院,283,33,33,99,0,2025
内蒙古民族大学,民族医学（含：藏医学、蒙医学等）,105708,临床医学院-锡林郭勒盟蒙医医院,283,33,33,99,0,2025
内蒙古民族大学,民族医学（含：藏医学、蒙医学等）,105708,临床医学院,283,33,33,99,0,2025
内蒙古民族大学,民族医学（含：藏医学、蒙医学等）,105708,临床医学院-内蒙古自治区国际蒙医医院,283,33,33,99,0,2025
内蒙古民族大学,民族医学（含：藏医学、蒙医学等）,105708,临床医学院-呼伦贝尔市蒙医医院,283,33,33,99,0,2025
内蒙古民族大学,公共管理,125200,管理学院,154,0,33,66,0,2025
内蒙古民族大学,旅游管理,125400,历史与旅游文化学院,141,0,30,60,0,2025
内蒙古民族大学,音乐,135200,音乐学院,341,34,34,51,51,2025
内蒙古民族大学,美术与书法,135600,美术与设计学院,341,34,34,51,51,2025
内蒙古民族大学,国际商务,025400,经济学院,314,37,37,56,56,2026
内蒙古民族大学,马克思主义民族理论与政策,030402,马克思主义学院,311,37,37,56,56,2026
内蒙古民族大学,中华民族学,030406,蒙古学学院,311,37,37,56,56,2026
内蒙古民族大学,马克思主义理论,030500,马克思主义学院,311,37,37,56,56,2026
内蒙古民族大学,法律（非法学）,035101,法学院,311,37,37,56,56,2026
内蒙古民族大学,法律（法学）,035102,法学院,311,37,37,56,56,2026
内蒙古民族大学,教育学,040100,教育科学学院,337,45,45,135,0,2026
内蒙古民族大学,体育教育训练学,040303,体育学院,300,35,35,105,0,2026
内蒙古民族大学,教育管理,045101,教育科学学院,337,45,45,68,68,2026
内蒙古民族大学,学科教学（思政）,045102,马克思主义学院,337,45,45,68,68,2026
内蒙古民族大学,学科教学（语文）,045103,蒙古学学院,337,45,45,68,68,2026
内蒙古民族大学,学科教学（语文）,045103,文学与新闻传播学院,337,45,45,68,68,2026
内蒙古民族大学,学科教学（数学）,045104,数学科学学院,337,45,45,68,68,2026
内蒙古民族大学,学科教学（物理）,045105,物理与电子信息学院,337,45,45,68,68,2026
内蒙古民族大学,学科教学（化学）,045106,化学与材料学院,337,45,45,68,68,2026
内蒙古民族大学,学科教学（生物）,045107,生命科学与食品学院,337,45,45,68,68,2026
内蒙古民族大学,学科教学（英语）,045108,外国语学院,337,45,45,68,68,2026
内蒙古民族大学,学科教学（历史）,045109,历史与旅游文化学院,337,45,45,68,68,2026
内蒙古民族大学,学科教学（音乐）,045111,音乐学院,337,45,45,68,68,2026
内蒙古民族大学,学科教学（美术）,045113,美术与设计学院,337,45,45,68,68,2026
内蒙古民族大学,小学教育,045115,教育科学学院,337,45,45,68,68,2026
内蒙古民族大学,心理健康教育,045116,教育科学学院,337,45,45,68,68,2026
内蒙古民族大学,科学与技术教育,045117,物理与电子信息学院,337,45,45,68,68,2026
内蒙古民族大学,学前教育,045118,教育科学学院,337,45,45,68,68,2026
内蒙古民族大学,体育教学,045201,体育学院,300,35,35,105,0,2026
内蒙古民族大学,运动训练,045202,体育学院,300,35,35,105,0,2026
内蒙古民族大学,文艺学,050101,文学与新闻传播学院,344,45,45,68,68,2026
内蒙古民族大学,语言学及应用语言学,050102,蒙古学学院,344,45,45,68,68,2026
内蒙古民族大学,汉语言文字学,050103,文学与新闻传播学院,344,45,45,68,68,2026
内蒙古民族大学,中国古典文献学,050104,文学与新闻传播学院,344,45,45,68,68,2026
内蒙古民族大学,中国古代文学,050105,文学与新闻传播学院,344,45,45,68,68,2026
内蒙古民族大学,中国现当代文学,050106,文学与新闻传播学院,344,45,45,68,68,2026
内蒙古民族大学,中国少数民族语言文学,050107,蒙古学学院,344,45,45,68,68,2026
内蒙古民族大学,比较文学与世界文学,050108,蒙古学学院,344,45,45,68,68,2026
内蒙古民族大学,跨语言文化研究,0501Z2,外国语学院,344,45,45,68,68,2026
内蒙古民族大学,英语笔译,055101,外国语学院,344,45,45,68,68,2026
内蒙古民族大学,新闻与传播,055200,文学与新闻传播学院,344,45,45,68,68,2026
内蒙古民族大学,中国史,060200,历史与旅游文化学院,331,42,42,126,0,2026
内蒙古民族大学,世界史,060300,历史与旅游文化学院,331,42,42,126,0,2026
内蒙古民族大学,数学,070100,数学科学学院,265,32,32,48,48,2026
内蒙古民族大学,物理学,070200,物理与电子信息学院,265,32,32,48,48,2026
内蒙古民族大学,化学,070300,化学与材料学院,265,32,32,48,48,2026
内蒙古民族大学,生物学,071000,生命科学与食品学院,265,32,32,48,48,2026
内蒙古民族大学,新一代电子信息技术（含量子技术等）,085401,物理与电子信息学院,254,32,32,48,48,2026
内蒙古民族大学,人工智能,085410,计算机科学与技术学院,254,32,32,48,48,2026
内蒙古民族大学,大数据技术与工程,085411,计算机科学与技术学院,254,32,32,48,48,2026
内蒙古民族大学,材料与化工,085600,化学与材料学院,254,32,32,48,48,2026
内蒙古民族大学,作物学,090100,农学院,230,30,30,45,45,2026
内蒙古民族大学,动物营养与饲料科学,090502,动物科技学院,230,30,30,45,45,2026
内蒙古民族大学,兽医学,090600,动物科技学院,230,30,30,45,45,2026
内蒙古民族大学,草学,090900,草业学院,230,30,30,45,45,2026
内蒙古民族大学,农艺与种业,095131,农学院,230,30,30,45,45,2026
内蒙古民族大学,农艺与种业,095131,草业学院,230,30,30,45,45,2026
内蒙古民族大学,资源利用与植物保护,095132,草业学院,230,30,30,45,45,2026
内蒙古民族大学,畜牧,095133,动物科技学院,230,30,30,45,45,2026
内蒙古民族大学,食品加工与安全,095135,生命科学与食品学院,230,30,30,45,45,2026
内蒙古民族大学,农业工程与信息技术,095136,工学院,230,30,30,45,45,2026
内蒙古民族大学,农村发展,095138,经济学院,230,30,30,45,45,2026
内蒙古民族大学,兽医,095200,动物科技学院,230,30,30,45,45,2026
内蒙古民族大学,基础医学,100100,基础医学院,284,33,33,99,0,2026
内蒙古民族大学,内科学,100201,临床医学院,284,33,33,99,0,2026
内蒙古民族大学,神经病学,100204,临床医学院,284,33,33,99,0,2026
内蒙古民族大学,临床检验诊断学,100208,临床医学院,284,33,33,99,0,2026
内蒙古民族大学,外科学,100210,临床医学院,284,33,33,99,0,2026
内蒙古民族大学,妇产科学,100211,临床医学院,284,33,33,99,0,2026
内蒙古民族大学,眼科学,100212,临床医学院,284,33,33,99,0,2026
内蒙古民族大学,临床病理学与病原生物学,1002Z1,基础医学院,284,33,33,99,99,2026
内蒙古民族大学,中医医史文献,100503,蒙医药学院,284,33,33,99,0,2026
内蒙古民族大学,民族医学（含：藏医学、蒙医学等）,100513,蒙医药学院,284,33,33,99,0,2026
内蒙古民族大学,中西医结合临床,100602,临床医学院,284,33,33,99,0,2026
内蒙古民族大学,中西医结合药理学,1006Z2,临床医学院,284,33,33,99,99,2026
内蒙古民族大学,中药学,100800,蒙医药学院,284,33,33,99,0,2026
内蒙古民族大学,中（蒙）药化学与药理学,1008Z1,公共卫生学院,284,33,33,99,99,2026
内蒙古民族大学,内科学,105101,临床医学院-呼伦贝尔市人民医院,284,33,33,99,0,2026
内蒙古民族大学,内科学,105101,临床医学院,284,33,33,99,0,2026
内蒙古民族大学,内科学,105101,临床医学院-兴安盟人民医院,284,33,33,99,0,2026
内蒙古民族大学,内科学,105101,临床医学院-内蒙古林业总院,284,33,33,99,0,2026
内蒙古民族大学,内科学,105101,临床医学院-赤峰学院附属医院,284,33,33,99,0,2026
内蒙古民族大学,内科学,105101,临床医学院-通辽市人民医院,284,33,33,99,0,2026
内蒙古民族大学,儿科学,105102,临床医学院-内蒙古自治区人民医院,284,33,33,99,0,2026
内蒙古民族大学,儿科学,105102,临床医学院-通辽市人民医院,284,33,33,99,0,2026
内蒙古民族大学,神经病学,105104,临床医学院-内蒙古林业总院,284,33,33,99,0,2026
内蒙古民族大学,神经病学,105104,临床医学院-内蒙古自治区人民医院,284,33,33,99,0,2026
内蒙古民族大学,神经病学,105104,临床医学院-赤峰学院附属医院,284,33,33,99,0,2026
内蒙古民族大学,皮肤病与性病学,105106,临床医学院-内蒙古自治区人民医院,284,33,33,99,0,2026
内蒙古民族大学,急诊医学,105107,临床医学院-内蒙古林业总院,284,33,33,99,0,2026
内蒙古民族大学,急诊医学,105107,临床医学院-内蒙古自治区人民医院,284,33,33,99,0,2026
内蒙古民族大学,重症医学,105108,临床医学院-内蒙古自治区人民医院,284,33,33,99,0,2026
内蒙古民族大学,全科医学,105109,临床医学院,284,33,33,99,0,2026
内蒙古民族大学,全科医学,105109,临床医学院-呼伦贝尔市人民医院,284,33,33,99,0,2026
内蒙古民族大学,全科医学,105109,临床医学院-兴安盟人民医院,284,33,33,99,0,2026
内蒙古民族大学,全科医学,105109,临床医学院-内蒙古林业总院,284,33,33,99,0,2026
内蒙古民族大学,外科学,105111,临床医学院-兴安盟人民医院,284,33,33,99,0,2026
内蒙古民族大学,外科学,105111,临床医学院,284,33,33,99,0,2026
内蒙古民族大学,外科学,105111,临床医学院-呼伦贝尔市人民医院,284,33,33,99,0,2026
内蒙古民族大学,外科学,105111,临床医学院-赤峰学院附属医院,284,33,33,99,0,2026
内蒙古民族大学,外科学,105111,临床医学院-内蒙古林业总院,284,33,33,99,0,2026
内蒙古民族大学,外科学,105111,临床医学院-通辽市人民医院,284,33,33,99,0,2026
内蒙古民族大学,骨科学,105113,临床医学院-赤峰学院附属医院,284,33,33,99,0,2026
内蒙古民族大学,妇产科学,105115,临床医学院-赤峰学院附属医院,284,33,33,99,0,2026
内蒙古民族大学,妇产科学,105115,临床医学院-内蒙古林业总院,284,33,33,99,0,2026
内蒙古民族大学,妇产科学,105115,临床医学院-内蒙古自治区人民医院,284,33,33,99,0,2026
内蒙古民族大学,眼科学,105116,临床医学院,284,33,33,99,0,2026
内蒙古民族大学,眼科学,105116,临床医学院-内蒙古自治区人民医院,284,33,33,99,0,2026
内蒙古民族大学,眼科学,105116,临床医学院-内蒙古林业总院,284,33,33,99,0,2026
内蒙古民族大学,耳鼻咽喉科学,105117,临床医学院-内蒙古林业总院,284,33,33,99,0,2026
内蒙古民族大学,麻醉学,105118,临床医学院-呼伦贝尔市人民医院,284,33,33,99,0,2026
内蒙古民族大学,麻醉学,105118,临床医学院-赤峰学院附属医院,284,33,33,99,0,2026
内蒙古民族大学,麻醉学,105118,临床医学院-内蒙古林业总院,284,33,33,99,0,2026
内蒙古民族大学,临床检验诊断学,105120,临床医学院-内蒙古自治区人民医院,284,33,33,99,0,2026
内蒙古民族大学,临床检验诊断学,105120,临床医学院-内蒙古林业总院,284,33,33,99,0,2026
内蒙古民族大学,放射影像学,105123,临床医学院-内蒙古自治区人民医院,284,33,33,99,0,2026
内蒙古民族大学,放射影像学,105123,临床医学院-内蒙古林业总院,284,33,33,99,0,2026
内蒙古民族大学,超声医学,105124,临床医学院-内蒙古林业总院,284,33,33,99,0,2026
内蒙古民族大学,超声医学,105124,临床医学院-内蒙古自治区人民医院,284,33,33,99,0,2026
内蒙古民族大学,核医学,105125,临床医学院-内蒙古自治区人民医院,284,33,33,99,0,2026
内蒙古民族大学,护理,105400,护理学院,284,33,33,99,0,2026
内蒙古民族大学,中药,105600,蒙医药学院,284,33,33,99,0,2026
内蒙古民族大学,民族医学（含：藏医学、蒙医学等）,105708,临床医学院-锡林郭勒盟蒙医医院,284,33,33,99,0,2026
内蒙古民族大学,民族医学（含：藏医学、蒙医学等）,105708,临床医学院-内蒙古自治区国际蒙医医院,284,33,33,99,0,2026
内蒙古民族大学,民族医学（含：藏医学、蒙医学等）,105708,临床医学院-呼伦贝尔市蒙医医院,284,33,33,99,0,2026
内蒙古民族大学,民族医学（含：藏医学、蒙医学等）,105708,临床医学院,284,33,33,99,0,2026
内蒙古民族大学,公共管理,125200,管理学院,158,0,34,68,0,2026
内蒙古民族大学,旅游管理,125400,历史与旅游文化学院,141,0,30,60,0,2026
内蒙古民族大学,音乐,135200,音乐学院,344,35,35,53,53,2026
内蒙古民族大学,美术与书法,135600,美术与设计学院,344,35,35,53,53,2026
重庆交通大学,马克思主义理论,030500,马克思主义学院,348,45,45,68,68,2023
重庆交通大学,汉语国际教育,045300,旅游与传媒学院,350,51,51,77,77,2023
重庆交通大学,外国语言文学,050200,外国语学院,380,54,54,81,81,2023
重庆交通大学,外国语言文学,050200,外国语学院,363,54,54,81,81,2023
重庆交通大学,英语笔译,055101,外国语学院,363,54,54,81,81,2023
重庆交通大学,新闻与传播,055200,旅游与传媒学院,363,54,54,81,81,2023
重庆交通大学,物理学,070200,材料科学与工程学院,279,38,38,57,57,2023
重庆交通大学,系统科学,071100,数学与统计学院,279,38,38,57,57,2023
重庆交通大学,力学,080100,土木工程学院,260,35,35,53,53,2023
重庆交通大学,生态力学,0801J1,土木工程学院,260,35,35,53,53,2023
重庆交通大学,机械工程,080200,机电与车辆工程学院,273,38,38,57,57,2023
重庆交通大学,材料科学与工程,080500,材料科学与工程学院,273,38,38,57,57,2023
重庆交通大学,计算机科学与技术,081200,信息科学与工程学院,273,38,38,57,57,2023
重庆交通大学,建筑学,081300,建筑与城市规划学院,309,38,38,57,57,2023
重庆交通大学,土木工程,081400,土木工程学院,273,38,38,57,57,2023
重庆交通大学,土木工程,081400,河海学院,273,38,38,57,57,2023
重庆交通大学,土木工程,081400,河海学院,273,38,38,57,57,2023
重庆交通大学,水利工程,081500,河海学院,260,35,35,53,53,2023
重庆交通大学,测绘科学与技术,081600,智慧城市学院,273,38,38,57,57,2023
重庆交通大学,智能测绘与时空信息工程,0816Z1,智慧城市学院,273,38,38,57,57,2023
重庆交通大学,交通运输工程,082300,土木工程学院,273,38,38,57,57,2023
重庆交通大学,交通运输工程,082300,交通运输学院,273,38,38,57,57,2023
重庆交通大学,交通运输工程,082300,交通运输学院,273,38,38,57,57,2023
重庆交通大学,智能交通系统及控制工程,0823J1,交通运输学院,273,38,38,57,57,2023
重庆交通大学,交通运输经济,0823Z2,经济与管理学院,273,38,38,57,57,2023
重庆交通大学,船舶与海洋工程,082400,航运与船舶工程学院,260,35,35,53,53,2023
重庆交通大学,环境科学与工程,083000,河海学院,273,38,38,57,57,2023
重庆交通大学,环境科学与工程,083000,中国科学院大学重庆学院,273,38,38,57,57,2023
重庆交通大学,电子信息,085400,信息科学与工程学院,325,38,38,57,57,2023
重庆交通大学,机械,085500,机电与车辆工程学院,300,38,38,57,57,2023
重庆交通大学,机械,085500,机电与车辆工程学院,281,38,38,57,57,2023
重庆交通大学,机械,085500,航运与船舶工程学院,273,38,38,57,57,2023
重庆交通大学,机械,085500,航空学院,273,38,38,57,57,2023
重庆交通大学,材料与化工,085600,机电与车辆工程学院,273,38,38,57,57,2023
重庆交通大学,材料与化工,085600,材料科学与工程学院,273,38,38,57,57,2023
重庆交通大学,材料与化工,085600,中国科学院大学重庆学院,273,38,38,57,57,2023
重庆交通大学,资源与环境,085700,河海学院,273,38,38,57,57,2023
重庆交通大学,资源与环境,085700,河海学院,273,38,38,57,57,2023
重庆交通大学,资源与环境,085700,智慧城市学院,273,38,38,57,57,2023
重庆交通大学,土木水利,085900,土木工程学院,307,38,38,57,57,2023
重庆交通大学,土木水利,085900,河海学院,273,38,38,57,57,2023
重庆交通大学,土木水利,085900,河海学院,273,38,38,57,57,2023
重庆交通大学,土木水利,085900,建筑与城市规划学院,301,38,38,57,57,2023
重庆交通大学,交通运输,086100,土木工程学院,273,38,38,57,57,2023
重庆交通大学,交通运输,086100,交通运输学院,299,38,38,57,57,2023
重庆交通大学,交通运输,086100,交通运输学院,273,38,38,57,57,2023
重庆交通大学,管理科学与工程,087100,经济与管理学院,318,38,38,57,57,2023
重庆交通大学,风景园林,095300,建筑与城市规划学院,298,33,33,50,50,2023
重庆交通大学,管理科学与工程,120100,经济与管理学院,360,47,47,71,71,2023
重庆交通大学,工商管理,120200,经济与管理学院,340,47,47,71,71,2023
重庆交通大学,旅游管理,120203,旅游与传媒学院,340,47,47,71,71,2023
重庆交通大学,工商管理,125100,经济与管理学院,167,0,41,82,0,2023
重庆交通大学,旅游管理,125400,旅游与传媒学院,167,0,41,82,0,2023
重庆交通大学,工程管理,125601,土木工程学院,178,0,44,88,0,2023
重庆交通大学,工程管理,125601,经济与管理学院,178,0,44,88,0,2023
重庆交通大学,物流工程与管理,125604,经济与管理学院,221,0,44,88,0,2023
重庆交通大学,马克思主义理论,030500,马克思主义学院,361,47,47,71,71,2024
重庆交通大学,国际中文教育,045300,旅游与传媒学院,350,51,51,77,77,2024
重庆交通大学,英语语言文学,050201,外国语学院,365,55,55,83,83,2024
重庆交通大学,日语语言文学,050205,外国语学院,365,55,55,83,83,2024
重庆交通大学,英语笔译,055101,外国语学院,365,55,55,83,83,2024
重庆交通大学,新闻与传播,055200,旅游与传媒学院,379,55,55,83,83,2024
重庆交通大学,物理学,070200,材料科学与工程学院,288,41,41,62,62,2024
重庆交通大学,系统科学,071100,数学与统计学院,288,41,41,62,62,2024
重庆交通大学,力学,080100,土木工程学院,260,35,35,53,53,2024
重庆交通大学,生态力学,0801J1,土木工程学院,260,35,35,53,53,2024
重庆交通大学,机械工程,080200,机电与车辆工程学院,273,37,37,56,56,2024
重庆交通大学,材料科学与工程,080500,材料科学与工程学院,273,37,37,56,56,2024
重庆交通大学,计算机科学与技术,081200,信息科学与工程学院,305,37,37,56,56,2024
重庆交通大学,建筑学,081300,建筑与城市规划学院,300,37,37,56,56,2024
重庆交通大学,土木工程,081400,土木工程学院,273,37,37,56,56,2024
重庆交通大学,水利工程,081500,河海学院,260,35,35,53,53,2024
重庆交通大学,测绘科学与技术,081600,智慧城市学院,273,37,37,56,56,2024
重庆交通大学,智能测绘与时空信息工程,0816Z1,智慧城市学院,273,37,37,56,56,2024
重庆交通大学,交通运输工程,082300,土木工程学院,273,37,37,56,56,2024
重庆交通大学,交通运输工程,082300,交通运输学院,273,37,37,56,56,2024
重庆交通大学,交通运输工程,082300,交通运输学院,273,37,37,56,56,2024
重庆交通大学,交通运输工程,082300,交通运输学院,273,37,37,56,56,2024
重庆交通大学,交通运输工程,082300,交通运输学院,273,37,37,56,56,2024
重庆交通大学,智能交通系统与控制工程,0823J1,交通运输学院,273,37,37,56,56,2024
重庆交通大学,交通运输经济,0823Z2,经济与管理学院,273,37,37,56,56,2024
重庆交通大学,船舶与海洋工程,082400,航运与船舶工程学院,260,35,35,53,53,2024
重庆交通大学,航空宇航科学与技术,082500,航空学院,260,35,35,53,53,2024
重庆交通大学,环境科学与工程,083000,河海学院,273,37,37,56,56,2024
重庆交通大学,环境科学与工程,083000,中国科学院大学重庆学院,273,37,37,56,56,2024
重庆交通大学,电子信息,085400,信息科学与工程学院,321,37,37,56,56,2024
重庆交通大学,机械,085500,航运与船舶工程学院,273,37,37,56,56,2024
重庆交通大学,机械,085500,航空学院,273,37,37,56,56,2024
重庆交通大学,机械工程,085501,机电与车辆工程学院,296,37,37,56,56,2024
重庆交通大学,车辆工程,085502,机电与车辆工程学院,301,37,37,56,56,2024
重庆交通大学,材料与化工,085600,机电与车辆工程学院,273,37,37,56,56,2024
重庆交通大学,材料与化工,085600,材料科学与工程学院,273,37,37,56,56,2024
重庆交通大学,材料与化工,085600,中国科学院大学重庆学院,273,37,37,56,56,2024
重庆交通大学,资源与环境,085700,智慧城市学院,273,37,37,56,56,2024
重庆交通大学,环境工程,085701,河海学院,273,37,37,56,56,2024
重庆交通大学,地质工程,085703,河海学院,273,37,37,56,56,2024
重庆交通大学,土木工程,085901,土木工程学院,300,37,37,56,56,2024
重庆交通大学,土木工程,085901,河海学院,273,37,37,56,56,2024
重庆交通大学,水利工程,085902,河海学院,273,37,37,56,56,2024
重庆交通大学,市政工程（含给排水等）,085905,河海学院,273,37,37,56,56,2024
重庆交通大学,交通运输,086100,土木工程学院,273,37,37,56,56,2024
重庆交通大学,交通运输,086100,交通运输学院,289,37,37,56,56,2024
重庆交通大学,交通运输,086100,交通运输学院,289,37,37,56,56,2024
重庆交通大学,交通运输,086100,交通运输学院,289,37,37,56,56,2024
重庆交通大学,交通运输,086100,交通运输学院,273,37,37,56,56,2024
重庆交通大学,风景园林,086200,建筑与城市规划学院,280,37,37,56,56,2024
重庆交通大学,管理科学与工程,087100,经济与管理学院,273,37,37,56,56,2024
重庆交通大学,管理科学与工程,120100,经济与管理学院,347,49,49,74,74,2024
重庆交通大学,工商管理学,120200,经济与管理学院,347,49,49,74,74,2024
重庆交通大学,旅游管理,120203,旅游与传媒学院,347,49,49,74,74,2024
重庆交通大学,工商管理,125100,经济与管理学院,162,0,39,78,0,2024
重庆交通大学,旅游管理,125400,旅游与传媒学院,162,0,39,78,0,2024
重庆交通大学,工程管理,125601,土木工程学院,176,0,43,86,0,2024
重庆交通大学,工程管理,125601,经济与管理学院,176,0,43,86,0,2024
重庆交通大学,物流工程与管理,125604,经济与管理学院,200,0,43,86,0,2024
重庆交通大学,数字经济,025800,经济与管理学院,323,40,40,60,60,2025
重庆交通大学,马克思主义理论,030500,马克思主义学院,323,40,40,60,60,2025
重庆交通大学,国际中文教育,045300,旅游与传媒学院,341,45,45,68,68,2025
重庆交通大学,英语语言文学,050201,外国语学院,351,47,47,71,71,2025
重庆交通大学,日语语言文学,050205,外国语学院,351,47,47,71,71,2025
重庆交通大学,英语笔译,055101,外国语学院,351,47,47,71,71,2025
重庆交通大学,新闻与传播,055200,旅游与传媒学院,351,47,47,71,71,2025
重庆交通大学,物理学,070200,材料科学与工程学院,274,34,34,51,51,2025
重庆交通大学,系统科学,071100,数学与统计学院,274,34,34,51,51,2025
重庆交通大学,力学,080100,土木工程学院,251,33,33,50,50,2025
重庆交通大学,生态力学,0801J1,土木工程学院,251,33,33,50,50,2025
重庆交通大学,机械工程,080200,机电与车辆工程学院,260,34,34,51,51,2025
重庆交通大学,材料科学与工程,080500,材料科学与工程学院,260,34,34,51,51,2025
重庆交通大学,计算机科学与技术,081200,信息科学与工程学院,260,34,34,51,51,2025
重庆交通大学,建筑学,081300,建筑与城市规划学院,260,34,34,51,51,2025
重庆交通大学,土木工程,081400,土木工程学院,260,34,34,51,51,2025
重庆交通大学,水利工程,081500,河海学院,251,33,33,50,50,2025
重庆交通大学,测绘科学与技术,081600,智慧城市学院,260,34,34,51,51,2025
重庆交通大学,智能测绘与时空信息工程,0816Z1,智慧城市学院,260,34,34,51,51,2025
重庆交通大学,交通运输工程,082300,土木工程学院,260,34,34,51,51,2025
重庆交通大学,交通运输工程,082300,交通运输学院,260,34,34,51,51,2025
重庆交通大学,智能交通系统与控制工程,0823J1,交通运输学院,260,34,34,51,51,2025
重庆交通大学,交通运输经济,0823Z2,经济与管理学院,260,34,34,51,51,2025
重庆交通大学,船舶与海洋工程,082400,航运与船舶工程学院,251,33,33,50,50,2025
重庆交通大学,航空宇航科学与技术,082500,航空学院,251,33,33,50,50,2025
重庆交通大学,环境科学与工程,083000,河海学院,260,34,34,51,51,2025
重庆交通大学,电子信息,085400,信息科学与工程学院,260,34,34,51,51,2025
重庆交通大学,机械,085500,航运与船舶工程学院,260,34,34,51,51,2025
重庆交通大学,机械,085500,航空学院,260,34,34,51,51,2025
重庆交通大学,机械工程,085501,机电与车辆工程学院,290,34,34,51,51,2025
重庆交通大学,车辆工程,085502,机电与车辆工程学院,315,34,34,51,51,2025
重庆交通大学,材料与化工,085600,机电与车辆工程学院,260,34,34,51,51,2025
重庆交通大学,材料与化工,085600,材料科学与工程学院,260,34,34,51,51,2025
重庆交通大学,资源与环境,085700,智慧城市学院,260,34,34,51,51,2025
重庆交通大学,环境工程,085701,河海学院,260,34,34,51,51,2025
重庆交通大学,地质工程,085703,河海学院,260,34,34,51,51,2025
重庆交通大学,能源动力,085800,机电与车辆工程学院,260,34,34,51,51,2025
重庆交通大学,能源动力,085800,航运与船舶工程学院,260,34,34,51,51,2025
重庆交通大学,土木工程,085901,土木工程学院,260,34,34,51,51,2025
重庆交通大学,土木工程,085901,河海学院,260,34,34,51,51,2025
重庆交通大学,水利工程,085902,河海学院,260,34,34,51,51,2025
重庆交通大学,市政工程（含给排水等）,085905,河海学院,260,34,34,51,51,2025
重庆交通大学,交通运输,086100,土木工程学院,260,34,34,51,51,2025
重庆交通大学,交通运输,086100,交通运输学院,284,34,34,51,51,2025
重庆交通大学,交通运输,086100,交通运输学院,284,34,34,51,51,2025
重庆交通大学,交通运输,086100,交通运输学院,284,34,34,51,51,2025
重庆交通大学,交通运输,086100,交通运输学院,260,34,34,51,51,2025
重庆交通大学,风景园林,086200,建筑与城市规划学院,260,34,34,51,51,2025
重庆交通大学,管理科学与工程,087100,经济与管理学院,260,34,34,51,51,2025
重庆交通大学,管理科学与工程,120100,经济与管理学院,333,41,41,62,62,2025
重庆交通大学,工商管理学,120200,经济与管理学院,333,41,41,62,62,2025
重庆交通大学,旅游管理,120203,旅游与传媒学院,333,41,41,62,62,2025
重庆交通大学,工商管理,125100,经济与管理学院,151,0,35,70,0,2025
重庆交通大学,旅游管理,125400,旅游与传媒学院,151,0,35,70,0,2025
重庆交通大学,工程管理,125601,土木工程学院,162,0,38,76,0,2025
重庆交通大学,工程管理,125601,经济与管理学院,162,0,38,76,0,2025
重庆交通大学,物流工程与管理,125604,经济与管理学院,203,0,38,76,0,2025
重庆交通大学,数字经济,025800,经济与管理学院,324,40,40,60,60,2026
重庆交通大学,马克思主义理论,030500,马克思主义学院,321,40,40,60,60,2026
重庆交通大学,国际中文教育,045300,旅游与传媒学院,347,48,48,72,72,2026
重庆交通大学,英语语言文学,050201,外国语学院,354,48,48,72,72,2026
重庆交通大学,日语语言文学,050205,外国语学院,354,48,48,72,72,2026
重庆交通大学,英语笔译,055101,外国语学院,354,48,48,72,72,2026
重庆交通大学,新闻与传播,055200,旅游与传媒学院,354,48,48,72,72,2026
重庆交通大学,物理学,070200,材料科学与工程学院,275,35,35,53,53,2026
重庆交通大学,系统科学,071100,数学与统计学院,275,35,35,53,53,2026
重庆交通大学,力学,080100,土木工程学院,251,33,33,50,50,2026
重庆交通大学,生态力学,0801J1,土木工程学院,251,33,33,50,50,2026
重庆交通大学,机械工程,080200,机电与车辆工程学院,264,35,35,53,53,2026
重庆交通大学,低空技术与工程,0802J1,机电与车辆工程学院,264,35,35,53,53,2026
重庆交通大学,材料科学与工程,080500,材料科学与工程学院,264,35,35,53,53,2026
重庆交通大学,计算机科学与技术,081200,信息科学与工程学院,264,35,35,53,53,2026
重庆交通大学,建筑学,081300,建筑与城市规划学院,264,35,35,53,53,2026
重庆交通大学,土木工程,081400,土木工程学院,264,35,35,53,53,2026
重庆交通大学,水利工程,081500,河海学院,251,33,33,50,50,2026
重庆交通大学,测绘科学与技术,081600,智慧城市学院,264,35,35,53,53,2026
重庆交通大学,低空技术与工程,0816J1,智慧城市学院,264,35,35,53,53,2026
重庆交通大学,交通运输工程,082300,土木工程学院,264,35,35,53,53,2026
重庆交通大学,交通运输工程,082300,交通运输学院,264,35,35,53,53,2026
重庆交通大学,智能交通系统与控制工程,0823J1,交通运输学院,264,35,35,53,53,2026
重庆交通大学,交通运输经济,0823Z2,经济与管理学院,264,35,35,53,53,2026
重庆交通大学,船舶与海洋工程,082400,航运与船舶工程学院,251,33,33,50,50,2026
重庆交通大学,航空宇航科学与技术,082500,航空学院,251,33,33,50,50,2026
重庆交通大学,低空技术与工程,0825J1,航空学院,251,33,33,50,50,2026
重庆交通大学,环境科学与工程,083000,河海学院,264,35,35,53,53,2026
重庆交通大学,电子信息,085400,信息科学与工程学院,301,35,35,53,53,2026
重庆交通大学,机械,085500,航运与船舶工程学院,264,35,35,53,53,2026
重庆交通大学,机械,085500,航空学院,264,35,35,53,53,2026
重庆交通大学,机械工程,085501,机电与车辆工程学院,264,35,35,53,53,2026
重庆交通大学,车辆工程,085502,机电与车辆工程学院,264,35,35,53,53,2026
重庆交通大学,材料与化工,085600,机电与车辆工程学院,264,35,35,53,53,2026
重庆交通大学,材料与化工,085600,材料科学与工程学院,264,35,35,53,53,2026
重庆交通大学,资源与环境,085700,智慧城市学院,264,35,35,53,53,2026
重庆交通大学,环境工程,085701,河海学院,264,35,35,53,53,2026
重庆交通大学,地质工程,085703,河海学院,264,35,35,53,53,2026
重庆交通大学,能源动力,085800,机电与车辆工程学院,264,35,35,53,53,2026
重庆交通大学,能源动力,085800,航运与船舶工程学院,264,35,35,53,53,2026
重庆交通大学,土木工程,085901,土木工程学院,264,35,35,53,53,2026
重庆交通大学,土木工程,085901,河海学院,264,35,35,53,53,2026
重庆交通大学,水利工程,085902,河海学院,264,35,35,53,53,2026
重庆交通大学,市政工程（含给排水等）,085905,河海学院,264,35,35,53,53,2026
重庆交通大学,交通运输,086100,土木工程学院,264,35,35,53,53,2026
重庆交通大学,交通运输,086100,交通运输学院,264,35,35,53,53,2026
重庆交通大学,风景园林,086200,建筑与城市规划学院,264,35,35,53,53,2026
重庆交通大学,管理科学与工程,087100,经济与管理学院,264,35,35,53,53,2026
重庆交通大学,管理科学与工程,120100,经济与管理学院,332,41,41,62,62,2026
重庆交通大学,工商管理学,120200,经济与管理学院,332,41,41,62,62,2026
重庆交通大学,旅游管理,120203,旅游与传媒学院,332,41,41,62,62,2026
重庆交通大学,工商管理,125100,经济与管理学院,146,0,35,70,0,2026
重庆交通大学,旅游管理,125400,旅游与传媒学院,151,0,35,70,0,2026
重庆交通大学,工程管理,125601,土木工程学院,166,0,39,78,0,2026
重庆交通大学,工程管理,125601,经济与管理学院,166,0,39,78,0,2026
重庆交通大学,物流工程与管理,125604,经济与管理学院,202,0,39,78,0,2026
清华大学,哲学,01,不区分院系,355,55,48,100,100,2023
清华大学,金融,0251,不区分院系,369,50,50,90,80,2023
清华大学,应用统计,0252,不区分院系,405,60,60,125,115,2023
清华大学,经济学,02,不区分院系,355,60,60,90,90,2023
清华大学,法律（非法学）,035101,不区分院系,360,55,55,90,90,2023
清华大学,社会工作,0352,不区分院系,350,50,60,90,90,2023
清华大学,法学,03,不区分院系,345,55,55,90,90,2023
清华大学,体育学,0403,不区分院系,330,55,60,180,0,2023
清华大学,体育,0452,不区分院系,380,55,60,180,0,2023
清华大学,应用心理,0454,不区分院系,350,51,60,180,0,2023
清华大学,教育学（不含体育学）,04,不区分院系,350,60,60,180,0,2023
清华大学,新闻与传播,0552,不区分院系,363,55,75,81,110,2023
清华大学,文学,05,不区分院系,363,54,54,90,95,2023
清华大学,历史学,06,不区分院系,350,55,55,240,0,2023
清华大学,理学,07,不区分院系,375,60,60,120,120,2023
清华大学,建筑学,0851,不区分院系,305,45,40,70,90,2023
清华大学,城市规划,0853,不区分院系,325,50,50,80,70,2023
清华大学,电子信息,0854,不区分院系,325,50,50,80,70,2023
清华大学,机械,0855,不区分院系,325,50,50,80,70,2023
清华大学,材料与化工,0856,不区分院系,325,50,50,80,70,2023
清华大学,资源与环境,0857,不区分院系,325,50,50,80,70,2023
清华大学,能源动力,0858,不区分院系,325,50,50,80,70,2023
清华大学,土木水利,0859,不区分院系,325,50,50,80,70,2023
清华大学,工学（不含工学照顾专业）,08,不区分院系,325,50,50,80,70,2023
清华大学,风景园林,0953,不区分院系,300,40,33,70,80,2023
清华大学,临床医学,1051,不区分院系,320,45,45,180,0,2023
清华大学,公共卫生,1053,不区分院系,315,45,45,190,0,2023
清华大学,医学（不含中医类照顾专业）,10,不区分院系,300,50,45,180,0,2023
清华大学,工程管理,125601,不区分院系,178,0,44,88,0,2023
清华大学,物流工程与管理,125604,不区分院系,244,44,70,130,88,2023
清华大学,工商管理,1251,不区分院系,167,0,41,82,0,2023
清华大学,公共管理,1252,不区分院系,175,0,44,88,0,2023
清华大学,会计,1253,不区分院系,197,0,51,102,0,2023
清华大学,管理学,12,不区分院系,350,50,50,90,85,2023
清华大学,艺术,1351,不区分院系,362,45,45,80,100,2023
清华大学,艺术学,13,不区分院系,362,45,45,80,90,2023
清华大学,哲学,01,不区分院系,363,60,60,90,100,2024
清华大学,金融,0251,不区分院系,390,50,50,90,90,2024
清华大学,应用统计,0252,不区分院系,420,60,60,140,130,2024
清华大学,经济学,02,不区分院系,350,60,60,90,90,2024
清华大学,法律（非法学）,035101,法学院,357,55,55,90,90,2024
清华大学,社会工作,0352,不区分院系,331,50,47,80,85,2024
清华大学,法学,03,不区分院系,335,50,50,75,75,2024
清华大学,体育学,0403,不区分院系,315,55,60,180,0,2024
清华大学,体育,0452,不区分院系,358,60,60,180,0,2024
清华大学,应用心理,0454,不区分院系,375,55,55,180,0,2024
清华大学,教育学（不含体育学）,04,不区分院系,360,60,60,180,0,2024
清华大学,新闻与传播,0552,不区分院系,372,55,55,105,115,2024
清华大学,文学,05,不区分院系,365,55,55,100,100,2024
清华大学,历史学,06,不区分院系,345,60,60,210,0,2024
清华大学,理学,07,不区分院系,385,60,60,105,120,2024
清华大学,建筑,0851,不区分院系,350,50,50,90,90,2024
清华大学,城乡规划,0853,不区分院系,350,50,50,90,90,2024
清华大学,风景园林,0862,不区分院系,300,50,40,85,85,2024
清华大学,工学（不含工学照顾专业）,08,不区分院系,335,50,50,80,70,2024
清华大学,临床医学,1051,不区分院系,340,55,60,190,0,2024
清华大学,公共卫生,1053,不区分院系,304,45,45,155,0,2024
清华大学,医学（不含中医类照顾专业）,10,不区分院系,330,60,65,190,0,2024
清华大学,工程管理,125601,工业工程系,176,0,43,86,0,2024
清华大学,物流工程与管理,125604,清华大学深圳国际研究生院,247,0,70,140,0,2024
清华大学,医疗管理,1258S1,清华大学深圳国际研究生院,175,0,41,82,0,2024
清华大学,工商管理,1251,不区分院系,162,0,39,78,0,2024
清华大学,公共管理,1252,不区分院系,173,0,43,86,0,2024
清华大学,会计,1253,不区分院系,201,0,52,104,0,2024
清华大学,管理学,12,不区分院系,350,50,50,90,85,2024
清华大学,美术与书法,1356,不区分院系,362,45,45,80,100,2024
清华大学,设计,1357,不区分院系,362,45,45,80,100,2024
清华大学,艺术学,13,不区分院系,362,50,50,90,90,2024
清华大学,交叉学科,14,不区分院系,326,45,45,80,100,2024
清华大学,哲学,01,不区分院系,370,60,55,100,95,2025
清华大学,技术转移,0259S1,五道口金融学院,323,40,40,60,60,2025
清华大学,金融,0251,不区分院系,365,50,50,90,90,2025
清华大学,应用统计,0252,不区分院系,380,55,60,125,100,2025
清华大学,数字经济,0258,不区分院系,346,40,40,60,60,2025
清华大学,经济学,02,不区分院系,350,55,60,90,90,2025
清华大学,法律（非法学）,035101,法学院,343,55,55,90,90,2025
清华大学,法律（法学）,035102,法学院,340,55,55,90,90,2025
清华大学,社会工作,0352,不区分院系,323,50,45,80,80,2025
清华大学,法学,03,不区分院系,323,45,45,75,75,2025
清华大学,体育学,0403,不区分院系,328,55,55,200,0,2025
清华大学,体育,0452,不区分院系,368,55,55,230,0,2025
清华大学,应用心理,0454,不区分院系,341,45,45,180,0,2025
清华大学,教育学（不含体育学）,04,不区分院系,345,55,55,180,0,2025
清华大学,新闻与传播,0552,不区分院系,352,50,55,110,110,2025
清华大学,文学,05,不区分院系,351,50,50,100,100,2025
清华大学,历史学,06,不区分院系,340,50,50,180,0,2025
清华大学,理学,07,不区分院系,328,54,46,90,96,2025
清华大学,建筑,0851,不区分院系,310,50,45,85,90,2025
清华大学,城乡规划,0853,不区分院系,330,45,45,90,90,2025
清华大学,电子信息,0854,不区分院系,325,50,40,80,70,2025
清华大学,机械,0855,不区分院系,325,50,40,80,70,2025
清华大学,材料与化工,0856,不区分院系,325,50,40,80,70,2025
清华大学,资源与环境,0857,不区分院系,325,50,40,80,70,2025
清华大学,能源动力,0858,不区分院系,325,50,40,80,70,2025
清华大学,土木水利,0859,不区分院系,325,50,40,80,70,2025
清华大学,风景园林,0862,不区分院系,300,45,34,85,90,2025
清华大学,工学（不含工学照顾专业）,08,不区分院系,325,50,40,80,70,2025
清华大学,临床医学,1051,不区分院系,330,50,40,190,0,2025
清华大学,公共卫生,1053,不区分院系,294,40,40,180,0,2025
清华大学,医学（不含中医类照顾专业）,10,不区分院系,335,50,50,190,0,2025
清华大学,工程管理,125601,工业工程系,162,0,38,76,0,2025
清华大学,物流工程与管理,125604,清华大学深圳国际研究生院,237,0,70,140,0,2025
清华大学,医疗管理,1258S1,清华大学深圳国际研究生院,182,0,38,76,0,2025
清华大学,全球领导力,1259S1,苏世民书院,246,0,78,163,0,2025
清华大学,工商管理,1251,不区分院系,151,0,35,70,0,2025
清华大学,公共管理,1252,不区分院系,164,0,38,76,0,2025
清华大学,会计,1253,不区分院系,194,0,48,96,0,2025
清华大学,管理学,12,不区分院系,345,50,46,90,80,2025
清华大学,美术与书法,1356,不区分院系,351,45,40,80,100,2025
清华大学,设计,1357,不区分院系,351,45,40,80,100,2025
清华大学,艺术学,13,不区分院系,351,45,40,90,90,2025
清华大学,交叉学科,14,不区分院系,280,45,40,80,100,2025
清华大学,哲学,01,不区分院系,360,60,50,100,95,2026
清华大学,技术转移,0259S1,五道口金融学院,324,40,40,60,60,2026
清华大学,金融,0251,不区分院系,380,50,50,90,90,2026
清华大学,应用统计,0252,不区分院系,324,40,40,60,60,2026
清华大学,数字经济,0258,不区分院系,324,40,40,60,60,2026
清华大学,经济学,02,不区分院系,390,60,60,90,90,2026
清华大学,法律（非法学）,035101,法学院,343,55,55,90,90,2026
清华大学,法律（法学）,035102,法学院,362,55,55,90,90,2026
清华大学,法学,03,不区分院系,330,55,55,90,90,2026
清华大学,体育学,0403,不区分院系,360,55,60,230,0,2026
清华大学,体育,0452,不区分院系,385,55,60,230,0,2026
清华大学,应用心理,0454,不区分院系,395,50,60,240,0,2026
清华大学,教育学,04,不区分院系,375,60,60,180,0,2026
清华大学,新闻与传播,0552,不区分院系,355,55,55,105,105,2026
清华大学,文学,05,不区分院系,365,50,60,100,100,2026
清华大学,历史学,06,不区分院系,345,55,50,200,0,2026
清华大学,理学,07,不区分院系,345,50,55,90,95,2026
清华大学,建筑,0851,不区分院系,330,50,50,80,70,2026
清华大学,城乡规划,0853,不区分院系,330,50,50,80,70,2026
清华大学,电子信息,0854,不区分院系,330,50,50,80,70,2026
清华大学,机械,0855,不区分院系,330,50,50,80,70,2026
清华大学,材料与化工,0856,不区分院系,330,50,50,80,70,2026
清华大学,资源与环境,0857,不区分院系,330,50,50,80,70,2026
清华大学,能源动力,0858,不区分院系,330,50,50,80,70,2026
清华大学,土木水利,0859,不区分院系,330,50,50,80,70,2026
清华大学,生物与医药,0860,不区分院系,330,50,50,80,70,2026
清华大学,风景园林,0862,不区分院系,330,50,45,80,80,2026
清华大学,工学（不含工学照顾专业）,08,不区分院系,330,50,50,80,70,2026
清华大学,临床医学,1051,不区分院系,355,50,50,200,0,2026
清华大学,公共卫生,1053,不区分院系,295,40,40,180,0,2026
清华大学,医学,10,不区分院系,380,50,50,200,0,2026
清华大学,工程管理,125601,工业工程系,166,0,39,78,0,2026
清华大学,工业工程与管理,125603,工业工程系,258,0,70,140,0,2026
清华大学,物流工程与管理,125604,清华大学深圳国际研究生院,258,0,70,140,0,2026
清华大学,医疗管理,1258S1,医疗管理学院,332,41,41,62,62,2026
清华大学,医疗管理,1258S1,清华大学深圳国际研究生院,332,41,41,62,62,2026
清华大学,工商管理,1251,不区分院系,146,0,35,70,0,2026
清华大学,公共管理,1252,不区分院系,168,0,40,78,0,2026
清华大学,会计,1253,不区分院系,199,0,51,102,0,2026
清华大学,管理学,12,不区分院系,340,50,50,85,80,2026
清华大学,美术与书法,1356,不区分院系,355,45,40,80,100,2026
清华大学,设计,1357,不区分院系,354,45,40,80,100,2026
清华大学,艺术学,13,不区分院系,379,45,40,90,90,2026
清华大学,交叉学科,14,不区分院系,320,45,40,80,100,2026
北京大学,哲学,01,不区分院系,350,50,55,90,90,2023
北京大学,金融,0251,不区分院系,380,55,60,90,90,2023
北京大学,税务,0253,不区分院系,380,55,60,90,90,2023
北京大学,国际商务,0254,不区分院系,380,55,60,90,90,2023
北京大学,保险,0255,不区分院系,380,55,60,90,90,2023
北京大学,审计,0257,不区分院系,250,0,55,155,0,2023
北京大学,经济学,02,不区分院系,375,50,55,90,90,2023
北京大学,法律（非法学）,035101,不区分院系,355,50,55,90,90,2023
北京大学,法律（法学）,035102,不区分院系,355,50,55,90,90,2023
北京大学,社会工作,0352,不区分院系,350,50,55,90,90,2023
北京大学,法学,03,不区分院系,345,50,55,90,90,2023
北京大学,体育,0452,不区分院系,380,50,55,180,0,2023
北京大学,汉语国际教育,0453,不区分院系,350,55,55,90,90,2023
北京大学,应用心理,0454,不区分院系,395,55,55,180,0,2023
北京大学,教育学（不含体育学）,04,不区分院系,355,55,55,180,0,2023
北京大学,翻译,0551,不区分院系,365,55,60,90,90,2023
北京大学,新闻与传播,0552,不区分院系,370,55,55,90,90,2023
北京大学,文学,05,不区分院系,365,55,55,90,90,2023
北京大学,文物与博物馆,0651,不区分院系,340,50,55,180,0,2023
北京大学,历史学,06,不区分院系,380,50,55,180,0,2023
北京大学,理学,07,不区分院系,310,50,55,90,90,2023
北京大学,电子信息,0854,不区分院系,300,50,55,90,90,2023
北京大学,机械,0855,不区分院系,300,50,55,90,90,2023
北京大学,工学（不含工学照顾专业）,08,不区分院系,310,50,55,90,90,2023
北京大学,风景园林,0953,不区分院系,325,50,55,90,90,2023
北京大学,临床医学,1051,不区分院系,345,50,55,180,0,2023
北京大学,口腔医学,1052,不区分院系,325,50,55,180,0,2023
北京大学,公共卫生,1053,不区分院系,320,50,55,180,0,2023
北京大学,护理,1054,不区分院系,310,50,55,180,0,2023
北京大学,药学,1055,不区分院系,350,50,55,180,0,2023
北京大学,医学（不含中医类照顾专业）,10,不区分院系,310,50,55,180,0,2023
北京大学,工商管理,1251,不区分院系,167,0,41,82,0,2023
北京大学,公共管理,1252,不区分院系,205,0,55,120,0,2023
北京大学,会计,1253,不区分院系,260,0,60,150,0,2023
北京大学,工程管理,1256,不区分院系,178,0,44,88,0,2023
北京大学,管理学,12,不区分院系,355,50,55,90,90,2023
北京大学,艺术,1351,不区分院系,365,50,55,90,90,2023
北京大学,交叉学科,14,不区分院系,310,50,55,90,90,2023
北京大学,哲学,01,不区分院系,355,55,55,90,90,2024
北京大学,金融,0251,不区分院系,380,55,60,90,90,2024
北京大学,税务,0253,不区分院系,380,55,60,90,90,2024
北京大学,国际商务,0254,不区分院系,380,55,60,90,90,2024
北京大学,保险,0255,不区分院系,380,55,60,90,90,2024
北京大学,经济学,02,不区分院系,375,55,55,90,90,2024
北京大学,法律（非法学）,035101,法学院,355,55,55,90,90,2024
北京大学,法律（非法学）,035101,深圳研究生院,355,55,55,90,90,2024
北京大学,法律（法学）,035102,法学院,355,55,55,90,90,2024
北京大学,法律（法学）,035102,深圳研究生院,355,55,55,90,90,2024
北京大学,社会政策,0356S1,社会学系,335,55,55,90,90,2024
北京大学,社会工作,0352,不区分院系,335,55,55,90,90,2024
北京大学,法学,03,不区分院系,345,55,55,90,90,2024
北京大学,体育,0452,不区分院系,365,55,55,180,0,2024
北京大学,国际中文教育,0453,不区分院系,365,55,55,90,90,2024
北京大学,应用心理,0454,不区分院系,365,55,55,180,0,2024
北京大学,教育学（不含体育学）,04,不区分院系,355,55,55,180,0,2024
北京大学,翻译,0551,不区分院系,365,55,60,90,90,2024
北京大学,新闻与传播,0552,不区分院系,375,55,55,90,90,2024
北京大学,文学,05,不区分院系,365,55,55,90,90,2024
北京大学,博物馆,0651,不区分院系,360,55,55,180,0,2024
北京大学,历史学,06,不区分院系,365,55,55,180,0,2024
北京大学,理学,07,不区分院系,310,55,55,90,90,2024
北京大学,电子信息,0854,不区分院系,330,55,55,90,90,2024
北京大学,机械,0855,不区分院系,330,55,55,90,90,2024
北京大学,风景园林,0862,不区分院系,330,55,55,90,90,2024
北京大学,工学（不含工学照顾专业）,08,不区分院系,310,55,55,90,90,2024
北京大学,临床医学,1051,不区分院系,360,55,55,180,0,2024
北京大学,口腔医学,1052,不区分院系,345,55,55,180,0,2024
北京大学,公共卫生,1053,不区分院系,320,55,55,180,0,2024
北京大学,护理,1054,不区分院系,330,55,55,180,0,2024
北京大学,药学,1055,不区分院系,355,55,55,180,0,2024
北京大学,医学技术,1058,不区分院系,310,55,55,180,0,2024
北京大学,医学（不含中医类照顾专业）,10,不区分院系,310,55,55,180,0,2024
北京大学,工商管理,1251,不区分院系,162,0,39,78,0,2024
北京大学,公共管理,1252,不区分院系,200,0,55,120,0,2024
北京大学,会计,1253,不区分院系,260,0,60,150,0,2024
北京大学,工程管理,1256,不区分院系,176,0,43,86,0,2024
北京大学,审计,1257,不区分院系,260,0,55,155,0,2024
北京大学,管理学,12,不区分院系,350,55,55,90,90,2024
北京大学,戏剧与影视,1354,不区分院系,365,55,55,90,90,2024
北京大学,大数据,1453S1,数学科学学院,310,55,55,90,90,2024
北京大学,交叉学科,14,不区分院系,310,55,55,90,90,2024
北京大学,哲学,01,不区分院系,345,50,50,90,90,2025
北京大学,金融,0251,不区分院系,360,50,55,90,90,2025
北京大学,税务,0253,不区分院系,360,50,55,90,90,2025
北京大学,国际商务,0254,不区分院系,360,50,55,90,90,2025
北京大学,保险,0255,不区分院系,360,50,55,90,90,2025
北京大学,数字经济,0258,不区分院系,385,50,55,90,90,2025
北京大学,经济学,02,不区分院系,375,50,50,90,90,2025
北京大学,法律（非法学）,035101,法学院,350,50,50,90,90,2025
北京大学,法律（非法学）,035101,深圳研究生院,350,50,50,90,90,2025
北京大学,法律（法学）,035102,深圳研究生院,350,50,50,90,90,2025
北京大学,法律（法学）,035102,法学院,350,50,50,90,90,2025
北京大学,社会工作,0352,不区分院系,325,50,50,90,90,2025
北京大学,社会政策,0356,不区分院系,325,50,50,90,90,2025
北京大学,法学,03,不区分院系,345,50,50,90,90,2025
北京大学,体育,0452,不区分院系,355,50,50,180,0,2025
北京大学,国际中文教育,0453,不区分院系,345,50,50,90,90,2025
北京大学,应用心理,0454,不区分院系,365,50,50,180,0,2025
北京大学,教育学（不含体育学）,04,不区分院系,350,50,50,180,0,2025
北京大学,翻译,0551,不区分院系,355,50,55,90,90,2025
北京大学,新闻与传播,0552,不区分院系,365,50,50,90,90,2025
北京大学,文学,05,不区分院系,355,50,50,90,90,2025
北京大学,博物馆,0651,不区分院系,340,50,50,180,0,2025
北京大学,历史学,06,不区分院系,345,50,50,180,0,2025
北京大学,理学,07,不区分院系,300,50,50,90,90,2025
北京大学,电子信息,0854,不区分院系,330,50,50,90,90,2025
北京大学,机械,0855,不区分院系,340,50,50,90,90,2025
北京大学,材料与化工,0856,不区分院系,300,50,50,90,90,2025
北京大学,风景园林,0862,不区分院系,330,50,50,90,90,2025
北京大学,工学（不含工学照顾专业）,08,不区分院系,300,50,50,90,90,2025
北京大学,临床医学,1051,不区分院系,350,50,50,180,0,2025
北京大学,口腔医学,1052,不区分院系,320,50,50,180,0,2025
北京大学,公共卫生,1053,不区分院系,310,50,50,180,0,2025
北京大学,护理,1054,不区分院系,320,50,50,180,0,2025
北京大学,药学,1055,不区分院系,335,50,50,180,0,2025
北京大学,医学技术,1058,不区分院系,310,50,50,180,0,2025
北京大学,医学（不含中医类照顾专业）,10,不区分院系,310,50,50,180,0,2025
北京大学,工商管理,1251,不区分院系,151,0,35,70,0,2025
北京大学,公共管理,1252,不区分院系,195,0,50,120,0,2025
北京大学,会计,1253,不区分院系,245,0,55,150,0,2025
北京大学,工程管理,1256,不区分院系,162,0,38,76,0,2025
北京大学,审计,1257,不区分院系,245,0,50,155,0,2025
北京大学,管理学,12,不区分院系,340,50,50,90,90,2025
北京大学,戏剧与影视,1354,不区分院系,355,50,50,90,90,2025
北京大学,大数据,1453,不区分院系,360,50,50,90,90,2025
北京大学,交叉学科,14,不区分院系,300,50,50,90,90,2025
北京大学,马克思主义哲学,010101,哲学系,345,55,55,90,90,2026
北京大学,中国哲学,010102,哲学系,345,55,55,90,90,2026
北京大学,外国哲学,010103,哲学系,345,55,55,90,90,2026
北京大学,逻辑学,010104,哲学系,345,55,55,90,90,2026
北京大学,伦理学,010105,哲学系,345,55,55,90,90,2026
北京大学,美学,010106,哲学系,345,55,55,90,90,2026
北京大学,宗教学,010107,哲学系,345,55,55,90,90,2026
北京大学,科学技术哲学,010108,哲学系,345,55,55,90,90,2026
北京大学,政治经济学,020101,马克思主义学院,375,55,55,90,90,2026
北京大学,西方经济学,020104,深圳研究生院,375,55,55,90,90,2026
北京大学,金融,025100,深圳研究生院,360,55,55,90,90,2026
北京大学,金融,025100,数学科学学院,360,55,55,90,90,2026
北京大学,金融,025100,光华管理学院,360,55,55,90,90,2026
北京大学,金融,025100,经济学院,360,55,55,90,90,2026
北京大学,税务,025300,经济学院,360,55,55,90,90,2026
北京大学,国际商务,025400,经济学院,360,55,55,90,90,2026
北京大学,保险,025500,经济学院,360,55,55,90,90,2026
北京大学,数字经济,025800,经济学院,360,55,55,90,90,2026
北京大学,法律史,030102,法学院,345,55,55,90,90,2026
北京大学,宪法学与行政法学,030103,法学院,345,55,55,90,90,2026
北京大学,刑法学,030104,法学院,345,55,55,90,90,2026
北京大学,民商法学,030105,法学院,345,55,55,90,90,2026
北京大学,经济法学,030107,法学院,345,55,55,90,90,2026
北京大学,国际法学,030109,法学院,345,55,55,90,90,2026
北京大学,商法,0301Z2,法学院,345,55,55,90,90,2026
北京大学,国际经济法,0301Z3,法学院,345,55,55,90,90,2026
北京大学,政治学理论,030201,政府管理学院,345,55,55,90,90,2026
北京大学,科学社会主义与国际共产主义运动,030203,国际关系学院,345,55,55,90,90,2026
北京大学,中共党史,030204,国际关系学院,345,55,55,90,90,2026
北京大学,国际政治,030206,国际关系学院,345,55,55,90,90,2026
北京大学,国际关系,030207,国际关系学院,345,55,55,90,90,2026
北京大学,外交学,030208,国际关系学院,345,55,55,90,90,2026
北京大学,国际政治经济学,0302Z1,国际关系学院,345,55,55,90,90,2026
北京大学,中国政治,0302Z3,政府管理学院,345,55,55,90,90,2026
北京大学,比较政治学,0302Z4,国际关系学院,345,55,55,90,90,2026
北京大学,国际组织与国际公共政策,0302Z5,国际关系学院,345,55,55,90,90,2026
北京大学,国家安全战略与管理,0302Z6,政府管理学院,345,55,55,90,90,2026
北京大学,社会学,030301,社会学系,345,55,55,90,90,2026
北京大学,人类学,030303,社会学系,345,55,55,90,90,2026
北京大学,女性学,0303Z3,社会学系,345,55,55,90,90,2026
北京大学,马克思主义基本原理,030501,马克思主义学院,345,55,55,90,90,2026
北京大学,马克思主义发展史,030502,马克思主义学院,345,55,55,90,90,2026
北京大学,马克思主义中国化研究,030503,马克思主义学院,345,55,55,90,90,2026
北京大学,国外马克思主义研究,030504,马克思主义学院,345,55,55,90,90,2026
北京大学,思想政治教育,030505,马克思主义学院,345,55,55,90,90,2026
北京大学,中国近现代史基本问题研究,030506,马克思主义学院,345,55,55,90,90,2026
北京大学,中共党史党建学,030700,马克思主义学院,345,55,55,90,90,2026
北京大学,法律（非法学）,035101,深圳研究生院,340,55,55,90,90,2026
北京大学,法律（非法学）,035101,法学院,340,55,55,90,90,2026
北京大学,法律（法学）,035102,法学院,340,55,55,90,90,2026
北京大学,法律（法学）,035102,深圳研究生院,340,55,55,90,90,2026
北京大学,社会工作,035200,社会学系,340,55,55,90,90,2026
北京大学,社会工作,035200,人口研究所,340,55,55,90,90,2026
北京大学,社会政策,0356S1,社会学系,340,55,55,90,90,2026
北京大学,教育学原理,040101,教育学院,350,55,55,180,0,2026
北京大学,高等教育学,040106,教育学院,350,55,55,180,0,2026
北京大学,教育技术学,040110,教育学院,350,55,55,180,0,2026
北京大学,医学教育,0401Z2,教育学院,350,55,55,180,144,2026
北京大学,体育,0452,不区分院系,335,55,55,180,0,2026
北京大学,国际中文教育,0453,不区分院系,360,55,55,90,90,2026
北京大学,应用心理,0454,不区分院系,365,55,55,180,0,2026
北京大学,文艺学,050101,中国语言文学系,355,55,55,90,90,2026
北京大学,语言学及应用语言学,050102,中国语言文学系,355,55,55,90,90,2026
北京大学,汉语言文字学,050103,中国语言文学系,355,55,55,90,90,2026
北京大学,中国古典文献学,050104,中国语言文学系,355,55,55,90,90,2026
北京大学,中国古代文学,050105,中国语言文学系,355,55,55,90,90,2026
北京大学,中国现当代文学,050106,中国语言文学系,355,55,55,90,90,2026
北京大学,比较文学与世界文学,050108,中国语言文学系,355,55,55,90,90,2026
北京大学,比较文学与世界文学,050108,外国语学院,355,55,55,90,90,2026
北京大学,中国民间文学,0501Z1,中国语言文学系,355,55,55,90,90,2026
北京大学,英语语言文学,050201,外国语学院,355,55,55,90,90,2026
北京大学,俄语语言文学,050202,外国语学院,355,55,55,90,90,2026
北京大学,印度语言文学,050206,外国语学院,355,55,55,90,90,2026
北京大学,亚非语言文学,050210,外国语学院,355,55,55,90,90,2026
北京大学,外国语言学及应用语言学,050211,外国语学院,355,55,55,90,90,2026
北京大学,翻译,0551,不区分院系,355,55,55,90,90,2026
北京大学,新闻与传播,0552,不区分院系,375,55,55,90,90,2026
北京大学,中国史,060200,历史学系,355,55,55,180,0,2026
北京大学,世界史,060300,历史学系,355,55,55,180,0,2026
北京大学,博物馆,065100,考古文博学院,345,55,55,180,0,2026
北京大学,自然地理学,070501,城市与环境学院,300,55,55,90,90,2026
北京大学,人文地理学,070502,城市与环境学院,300,55,55,90,90,2026
北京大学,国土空间规划,0705Z7,城市与环境学院,300,55,55,90,90,2026
北京大学,国土空间规划,0705Z7,深圳研究生院,300,55,55,90,90,2026
北京大学,矿物学、岩石学、矿床学,070901,地球与空间科学学院,300,55,55,90,90,2026
北京大学,地球化学,070902,地球与空间科学学院,300,55,55,90,90,2026
北京大学,古生物学与地层学,070903,地球与空间科学学院,300,55,55,90,90,2026
北京大学,构造地质学,070904,地球与空间科学学院,300,55,55,90,90,2026
北京大学,石油地质学,0709Z2,地球与空间科学学院,300,55,55,90,90,2026
北京大学,科学技术史,071200,前沿交叉学科研究院,300,55,55,90,90,2026
北京大学,生态学,071300,城市与环境学院,300,55,55,90,90,2026
北京大学,环境科学,077601,深圳研究生院,300,55,55,90,90,2026
北京大学,环境科学,077601,城市与环境学院,300,55,55,90,90,2026
北京大学,环境工程,077602,环境科学与工程学院,300,55,55,90,90,2026
北京大学,环境工程,077602,深圳研究生院,300,55,55,90,90,2026
北京大学,环境健康,0776Z1,环境科学与工程学院,300,55,55,90,90,2026
北京大学,环境管理,0776Z2,环境科学与工程学院,300,55,55,90,90,2026
北京大学,材料科学与工程,080500,深圳研究生院,300,55,55,90,90,2026
北京大学,科学智能,0805J6,深圳研究生院,300,55,55,90,90,2026
北京大学,电子科学与技术,080900,电子学院,300,55,55,90,90,2026
北京大学,信息与通信工程,081000,电子学院,300,55,55,90,90,2026
北京大学,计算机科学与技术,081200,计算机学院,300,55,55,90,90,2026
北京大学,计算机科学与技术,081200,深圳研究生院,300,55,55,90,90,2026
北京大学,科学智能,0812J6,深圳研究生院,300,55,55,90,90,2026
北京大学,电子信息,085400,软件与微电子学院,320,55,55,90,90,2026
北京大学,电子信息,085400,物理学院,320,55,55,90,90,2026
北京大学,机械,085500,先进制造与机器人学院,320,55,55,90,90,2026
北京大学,机械,085500,力学与工程科学学院,320,55,55,90,90,2026
北京大学,材料与化工,085600,深圳研究生院,320,55,55,90,90,2026
北京大学,风景园林,086200,建筑与景观设计学院,320,55,55,90,90,2026
北京大学,基础医学,100100,医学部,310,55,55,180,0,2026
北京大学,临床医学,100200,医学部,310,55,55,180,0,2026
北京大学,口腔医学,100300,医学部,310,55,55,180,0,2026
北京大学,中西医结合,100600,医学部,310,55,55,180,0,2026
北京大学,药学,100700,医学部,310,55,55,180,0,2026
北京大学,护理学,101100,医学部,310,55,55,180,0,2026
北京大学,临床医学,105100,医学部,310,55,55,180,0,2026
北京大学,口腔医学,105200,医学部,310,55,55,180,0,2026
北京大学,公共卫生,105300,医学部,310,55,55,180,0,2026
北京大学,护理,105400,医学部,310,55,55,180,0,2026
北京大学,药学,105500,医学部,310,55,55,180,0,2026
北京大学,医学技术,105800,医学部,310,55,55,180,0,2026
北京大学,企业管理,120202,深圳研究生院,340,55,55,90,90,2026
北京大学,行政管理,120401,政府管理学院,340,55,55,90,90,2026
北京大学,教育经济与管理,120403,教育学院,340,55,55,90,90,2026
北京大学,公共政策,1204Z1,政府管理学院,340,55,55,90,90,2026
北京大学,应急管理,1204Z3,政府管理学院,340,55,55,90,90,2026
北京大学,城市与区域管理,1204Z5,政府管理学院,340,55,55,90,90,2026
北京大学,情报学,120502,信息管理系,340,55,55,90,90,2026
北京大学,大数据管理与应用,1205Z2,信息管理系,340,55,55,90,90,2026
北京大学,工商管理,1251,不区分院系,146,35,35,70,70,2026
北京大学,公共管理,1252,不区分院系,195,0,55,120,0,2026
北京大学,会计,1253,不区分院系,265,0,55,155,0,2026
北京大学,工程管理,1256,不区分院系,166,39,39,78,78,2026
北京大学,审计,1257,不区分院系,265,0,55,155,0,2026
北京大学,戏剧与影视,135400,艺术学院,375,55,55,90,90,2026
北京大学,集成电路科学与工程,140100,集成电路学院,300,55,55,90,90,2026
北京大学,集成电路科学与工程,140100,深圳研究生院,300,55,55,90,90,2026
北京大学,遥感科学与技术,140400,地球与空间科学学院,300,55,55,90,90,2026
北京大学,智能科学与技术,140500,智能学院,300,55,55,90,90,2026
北京大学,大数据,1453S1,数学科学学院,360,55,55,90,90,2026
浙江大学,哲学,01,不区分院系,345,55,55,85,85,2023
浙江大学,金融,0251,不区分院系,375,60,60,95,95,2023
浙江大学,税务,0253,不区分院系,375,60,60,95,95,2023
浙江大学,国际商务,0254,不区分院系,375,60,60,95,95,2023
浙江大学,经济学,02,不区分院系,385,60,60,100,100,2023
浙江大学,法律（非法学）,035101,不区分院系,355,55,55,85,85,2023
浙江大学,法律（法学）,035102,不区分院系,345,55,55,85,85,2023
浙江大学,社会工作,0352,不区分院系,345,60,60,90,90,2023
浙江大学,法学,03,不区分院系,365,60,60,90,90,2023
浙江大学,教育,0451,不区分院系,360,55,55,95,95,2023
浙江大学,汉语国际教育,0453,不区分院系,360,55,55,95,95,2023
浙江大学,应用心理,0454,不区分院系,390,60,60,210,0,2023
浙江大学,教育学（不含体育学）,04,不区分院系,370,60,60,215,0,2023
浙江大学,新闻与传播,0552,不区分院系,385,60,60,100,100,2023
浙江大学,文学,05,不区分院系,363,60,60,90,90,2023
浙江大学,文物与博物馆,0651,不区分院系,350,55,55,190,0,2023
浙江大学,历史学,06,不区分院系,340,55,55,190,0,2023
浙江大学,理学,07,不区分院系,330,55,55,85,85,2023
浙江大学,建筑学,0851,不区分院系,325,55,55,85,85,2023
浙江大学,城市规划,0853,不区分院系,325,55,55,85,85,2023
浙江大学,电子信息,0854,不区分院系,325,55,55,85,85,2023
浙江大学,机械,0855,不区分院系,325,55,55,85,85,2023
浙江大学,材料与化工,0856,不区分院系,325,55,55,85,85,2023
浙江大学,资源与环境,0857,不区分院系,325,55,55,85,85,2023
浙江大学,能源动力,0858,不区分院系,325,55,55,85,85,2023
浙江大学,土木水利,0859,不区分院系,325,55,55,85,85,2023
浙江大学,生物与医药,0860,不区分院系,325,55,55,85,85,2023
浙江大学,交通运输,0861,不区分院系,325,55,55,85,85,2023
浙江大学,工学（不含工学照顾专业）,08,不区分院系,325,55,55,85,85,2023
浙江大学,农业,0951,不区分院系,310,55,55,80,80,2023
浙江大学,兽医,0952,不区分院系,310,55,55,80,80,2023
浙江大学,风景园林,0953,不区分院系,310,55,55,80,80,2023
浙江大学,农学,09,不区分院系,320,55,55,85,85,2023
浙江大学,临床医学,1051,不区分院系,360,60,60,190,0,2023
浙江大学,口腔医学,1052,不区分院系,360,60,60,190,0,2023
浙江大学,公共卫生,1053,不区分院系,360,60,60,190,0,2023
浙江大学,护理,1054,不区分院系,345,60,60,190,0,2023
浙江大学,药学,1055,不区分院系,320,55,55,180,0,2023
浙江大学,医学（不含中医类照顾专业）,10,不区分院系,340,60,60,190,0,2023
浙江大学,工程管理,125601,不区分院系,178,0,44,88,0,2023
浙江大学,工业工程与管理,125603,不区分院系,240,0,70,140,0,2023
浙江大学,物流工程与管理,125604,不区分院系,178,0,44,88,0,2023
浙江大学,工商管理,1251,不区分院系,185,0,50,100,0,2023
浙江大学,公共管理,1252,不区分院系,200,0,55,110,0,2023
浙江大学,会计,1253,不区分院系,250,0,80,160,0,2023
浙江大学,管理学,12,不区分院系,355,60,60,95,95,2023
浙江大学,广播电视,135105,不区分院系,380,55,55,85,85,2023
浙江大学,美术,135107,不区分院系,370,55,55,95,95,2023
浙江大学,艺术学,13,不区分院系,362,55,55,85,85,2023
浙江大学,哲学,01,不区分院系,405,60,60,100,100,2024
浙江大学,金融,0251,不区分院系,365,60,60,90,90,2024
浙江大学,税务,0253,不区分院系,365,60,60,90,90,2024
浙江大学,国际商务,0254,不区分院系,365,60,60,90,90,2024
浙江大学,经济学,02,不区分院系,400,60,60,100,100,2024
浙江大学,法律（非法学）,035101,光华法学院,360,60,60,90,90,2024
浙江大学,法律（法学）,035102,光华法学院,360,60,60,85,85,2024
浙江大学,社会工作,0352,不区分院系,331,55,55,80,80,2024
浙江大学,法学,03,不区分院系,375,60,60,95,95,2024
浙江大学,教育,0451,不区分院系,350,55,55,85,85,2024
浙江大学,国际中文教育,0453,不区分院系,350,55,55,85,85,2024
浙江大学,应用心理,0454,不区分院系,380,60,60,210,0,2024
浙江大学,教育学（不含体育学）,04,不区分院系,370,60,60,215,0,2024
浙江大学,新闻与传播,0552,不区分院系,370,60,60,90,90,2024
浙江大学,文学,05,不区分院系,370,60,60,90,90,2024
浙江大学,博物馆,0651,不区分院系,345,55,55,190,0,2024
浙江大学,历史学,06,不区分院系,345,55,55,190,0,2024
浙江大学,理学,07,不区分院系,330,55,55,85,85,2024
浙江大学,建筑,0851,不区分院系,320,55,55,80,80,2024
浙江大学,城乡规划,0853,不区分院系,320,55,55,80,80,2024
浙江大学,电子信息,0854,不区分院系,320,55,55,80,80,2024
浙江大学,机械,0855,不区分院系,320,55,55,80,80,2024
浙江大学,材料与化工,0856,不区分院系,320,55,55,80,80,2024
浙江大学,资源与环境,0857,不区分院系,320,55,55,80,80,2024
浙江大学,能源动力,0858,不区分院系,320,55,55,80,80,2024
浙江大学,土木水利,0859,不区分院系,320,55,55,80,80,2024
浙江大学,生物与医药,0860,不区分院系,320,55,55,80,80,2024
浙江大学,交通运输,0861,不区分院系,320,55,55,80,80,2024
浙江大学,风景园林,0862,不区分院系,320,55,55,80,80,2024
浙江大学,工学（不含工学照顾专业）,08,不区分院系,320,55,55,80,80,2024
浙江大学,农业,0951,不区分院系,305,55,55,75,75,2024
浙江大学,兽医,0952,不区分院系,305,55,55,75,75,2024
浙江大学,农学,09,不区分院系,330,55,55,90,90,2024
浙江大学,临床医学,1051,不区分院系,355,60,60,190,0,2024
浙江大学,口腔医学,1052,不区分院系,355,60,60,190,0,2024
浙江大学,公共卫生,1053,不区分院系,355,60,60,190,0,2024
浙江大学,护理,1054,不区分院系,355,60,60,190,0,2024
浙江大学,药学,1055,不区分院系,350,60,60,190,0,2024
浙江大学,医学（不含中医类照顾专业）,10,不区分院系,355,60,60,190,0,2024
浙江大学,工程管理,125601,工程师学院,176,0,43,86,0,2024
浙江大学,工业工程与管理,125603,工程师学院,230,0,65,130,0,2024
浙江大学,物流工程与管理,125604,工程师学院,176,0,43,86,0,2024
浙江大学,工商管理,1251,不区分院系,170,0,45,100,0,2024
浙江大学,公共管理,1252,不区分院系,190,0,55,110,0,2024
浙江大学,会计,1253,不区分院系,250,0,80,160,0,2024
浙江大学,管理学,12,不区分院系,347,60,60,85,85,2024
浙江大学,戏剧与影视,1354,不区分院系,380,55,55,85,85,2024
浙江大学,美术与书法,1356,不区分院系,365,55,55,85,85,2024
浙江大学,艺术学,13,不区分院系,375,60,60,90,90,2024
浙江大学,设计学,1403,不区分院系,370,55,55,85,85,2024
浙江大学,哲学,01,不区分院系,375,55,55,90,90,2025
浙江大学,金融,0251,不区分院系,330,55,55,80,80,2025
浙江大学,税务,0253,不区分院系,365,60,60,90,90,2025
浙江大学,国际商务,0254,不区分院系,365,60,60,90,90,2025
浙江大学,数字经济,0258,不区分院系,335,55,55,80,80,2025
浙江大学,经济学,02,不区分院系,370,55,55,90,90,2025
浙江大学,法律（非法学）,035101,光华法学院,355,55,55,90,90,2025
浙江大学,法律（法学）,035102,光华法学院,355,55,55,90,90,2025
浙江大学,社会工作,0352,不区分院系,323,55,55,80,80,2025
浙江大学,法学,03,不区分院系,335,55,55,85,85,2025
浙江大学,教育,0451,不区分院系,341,50,50,80,80,2025
浙江大学,国际中文教育,0453,不区分院系,345,50,50,80,80,2025
浙江大学,应用心理,0454,不区分院系,370,55,55,210,0,2025
浙江大学,教育学（不含体育学）,04,不区分院系,341,50,50,180,0,2025
浙江大学,新闻与传播,0552,不区分院系,370,60,60,90,90,2025
浙江大学,文学,05,不区分院系,351,55,55,85,85,2025
浙江大学,博物馆,0651,不区分院系,340,55,55,190,0,2025
浙江大学,历史学,06,不区分院系,345,55,55,190,0,2025
浙江大学,理学,07,不区分院系,305,50,50,80,80,2025
浙江大学,建筑,085100,建筑工程学院,300,50,50,75,75,2025
浙江大学,城乡规划,085300,建筑工程学院,300,50,50,75,75,2025
浙江大学,电子信息,085400,软件学院,300,50,50,75,75,2025
浙江大学,电子信息,085400,工程师学院,300,50,50,75,75,2025
浙江大学,电子信息,085400,航空航天学院,300,50,50,75,75,2025
浙江大学,电子信息,085400,国际联合学院（海宁国际校区）,300,50,50,75,75,2025
浙江大学,电子信息,085400,集成电路学院,300,50,50,75,75,2025
浙江大学,电子信息,085400,计算机科学与技术学院,300,50,50,75,75,2025
浙江大学,电子信息,085400,海洋学院,300,50,50,75,75,2025
浙江大学,电子信息,085400,生物医学工程与仪器科学学院,300,50,50,75,75,2025
浙江大学,电子信息,085400,控制科学与工程学院,300,50,50,75,75,2025
浙江大学,电子信息,085400,信息与电子工程学院,300,50,50,75,75,2025
浙江大学,电子信息,085400,光电科学与工程学院,300,50,50,75,75,2025
浙江大学,新一代电子信息技术（含量子技术等）,085401,工程师学院,300,50,50,75,75,2025
浙江大学,控制工程,085406,工程师学院,300,50,50,75,75,2025
浙江大学,机械,085500,航空航天学院,300,50,50,75,75,2025
浙江大学,机械,085500,海洋学院,300,50,50,75,75,2025
浙江大学,机械,085500,计算机科学与技术学院,300,50,50,75,75,2025
浙江大学,机械,085500,工程师学院,300,50,50,75,75,2025
浙江大学,机械,085500,软件学院,300,50,50,75,75,2025
浙江大学,机械,085500,国际联合学院（海宁国际校区）,300,50,50,75,75,2025
浙江大学,机械,085500,生物系统工程与食品科学学院,300,50,50,75,75,2025
浙江大学,机械,085500,机械工程学院,300,50,50,75,75,2025
浙江大学,机械工程,085501,工程师学院,300,50,50,75,75,2025
浙江大学,材料与化工,085600,材料科学与工程学院,300,50,50,75,75,2025
浙江大学,材料与化工,085600,工程师学院,300,50,50,75,75,2025
浙江大学,材料与化工,085600,高分子科学与工程学系,300,50,50,75,75,2025
浙江大学,材料与化工,085600,化学工程与生物工程学院,300,50,50,75,75,2025
浙江大学,材料与化工,085600,化学系,300,50,50,75,75,2025
浙江大学,化学工程,085602,工程师学院,300,50,50,75,75,2025
浙江大学,资源与环境,085700,地球科学学院,300,50,50,75,75,2025
浙江大学,资源与环境,085700,工程师学院,300,50,50,75,75,2025
浙江大学,资源与环境,085700,环境与资源学院,300,50,50,75,75,2025
浙江大学,资源与环境,085700,海洋学院,300,50,50,75,75,2025
浙江大学,能源动力,085800,工程师学院,300,50,50,75,75,2025
浙江大学,能源动力,085800,国际联合学院（海宁国际校区）,300,50,50,75,75,2025
浙江大学,能源动力,085800,能源工程学院,300,50,50,75,75,2025
浙江大学,电气工程,085801,电气工程学院,300,50,50,75,75,2025
浙江大学,电气工程,085801,国际联合学院（海宁国际校区）,300,50,50,75,75,2025
浙江大学,动力工程,085802,工程师学院,300,50,50,75,75,2025
浙江大学,土木水利,085900,工程师学院,300,50,50,75,75,2025
浙江大学,土木水利,085900,海洋学院,300,50,50,75,75,2025
浙江大学,土木水利,085900,国际联合学院（海宁国际校区）,300,50,50,75,75,2025
浙江大学,土木水利,085900,建筑工程学院,300,50,50,75,75,2025
浙江大学,生物与医药,086000,工程师学院,300,50,50,75,75,2025
浙江大学,生物与医药,086000,生物系统工程与食品科学学院,300,50,50,75,75,2025
浙江大学,生物与医药,086000,化学工程与生物工程学院,300,50,50,75,75,2025
浙江大学,生物与医药,086000,海洋学院,300,50,50,75,75,2025
浙江大学,生物与医药,086000,化学系,300,50,50,75,75,2025
浙江大学,交通运输,086100,工程师学院,300,50,50,75,75,2025
浙江大学,交通运输,086100,国际联合学院（海宁国际校区）,300,50,50,75,75,2025
浙江大学,交通运输,086100,建筑工程学院,300,50,50,75,75,2025
浙江大学,风景园林,086200,农业与生物技术学院,300,50,50,75,75,2025
浙江大学,工学（不含工学照顾专业）,08,不区分院系,300,50,50,75,75,2025
浙江大学,农业,0951,不区分院系,300,50,50,75,75,2025
浙江大学,兽医,0952,不区分院系,300,50,50,75,75,2025
浙江大学,农学,09,不区分院系,300,50,50,75,75,2025
浙江大学,临床医学,1051,不区分院系,355,60,60,190,0,2025
浙江大学,口腔医学,1052,不区分院系,355,60,60,190,0,2025
浙江大学,公共卫生,1053,不区分院系,355,60,60,190,0,2025
浙江大学,护理,1054,不区分院系,320,50,50,180,0,2025
浙江大学,药学,1055,不区分院系,350,55,55,190,0,2025
浙江大学,医学（不含中医类照顾专业）,10,不区分院系,330,50,50,180,0,2025
浙江大学,工程管理,125601,工程师学院,170,0,40,80,0,2025
浙江大学,工业工程与管理,125603,工程师学院,240,0,70,140,0,2025
浙江大学,工商管理,1251,不区分院系,151,0,35,70,0,2025
浙江大学,公共管理,1252,不区分院系,190,0,55,110,0,2025
浙江大学,会计,1253,不区分院系,245,0,80,160,0,2025
浙江大学,管理学,12,不区分院系,335,55,55,85,85,2025
浙江大学,戏剧与影视,1354,不区分院系,370,55,55,85,85,2025
浙江大学,美术与书法,1356,不区分院系,365,55,55,85,85,2025
浙江大学,艺术学,13,不区分院系,360,55,55,85,85,2025
浙江大学,设计学,1403,不区分院系,365,55,55,85,85,2025
浙江大学,哲学,01,不区分院系,375,55,55,90,90,2026
浙江大学,金融,0251,不区分院系,370,60,60,90,90,2026
浙江大学,税务,0253,不区分院系,390,60,60,90,90,2026
浙江大学,国际商务,0254,不区分院系,395,60,60,90,90,2026
浙江大学,数字经济,0258,不区分院系,370,60,60,90,90,2026
浙江大学,经济学,02,不区分院系,360,55,55,90,90,2026
浙江大学,法律（非法学）,035101,光华法学院,350,55,55,90,90,2026
浙江大学,法律（法学）,035102,光华法学院,350,55,55,90,90,2026
浙江大学,社会工作,0352,不区分院系,335,55,55,80,80,2026
浙江大学,法学,03,不区分院系,365,60,60,90,90,2026
浙江大学,体育学,0403,不区分院系,325,50,50,180,0,2026
浙江大学,教育,0451,不区分院系,347,50,50,80,80,2026
浙江大学,应用心理,0454,不区分院系,350,55,55,200,0,2026
浙江大学,教育学,04,不区分院系,370,60,60,215,0,2026
浙江大学,新闻与传播,0552,不区分院系,385,60,60,90,90,2026
浙江大学,文学,05,不区分院系,354,55,55,85,85,2026
浙江大学,博物馆,0651,不区分院系,380,60,60,190,0,2026
浙江大学,历史学,06,不区分院系,360,60,60,190,0,2026
浙江大学,理学,07,不区分院系,325,50,50,80,80,2026
浙江大学,建筑,0851,不区分院系,310,50,50,75,75,2026
浙江大学,城乡规划,0853,不区分院系,310,50,50,75,75,2026
浙江大学,电子信息,0854,不区分院系,310,50,50,75,75,2026
浙江大学,机械,0855,不区分院系,310,50,50,75,75,2026
浙江大学,材料与化工,0856,不区分院系,310,50,50,75,75,2026
浙江大学,资源与环境,0857,不区分院系,310,50,50,75,75,2026
浙江大学,能源动力,0858,不区分院系,310,50,50,75,75,2026
浙江大学,土木水利,0859,不区分院系,310,50,50,75,75,2026
浙江大学,生物与医药,0860,不区分院系,310,50,50,75,75,2026
浙江大学,交通运输,0861,不区分院系,310,50,50,75,75,2026
浙江大学,风景园林,0862,不区分院系,310,50,50,75,75,2026
浙江大学,工学（不含工学照顾专业）,08,不区分院系,310,50,50,75,75,2026
浙江大学,农业,0951,不区分院系,300,50,50,75,75,2026
浙江大学,兽医,0952,不区分院系,300,50,50,75,75,2026
浙江大学,农学,09,不区分院系,300,50,50,75,75,2026
浙江大学,临床医学,1051,不区分院系,380,60,60,190,0,2026
浙江大学,口腔医学,1052,不区分院系,355,60,60,190,0,2026
浙江大学,公共卫生,1053,不区分院系,355,60,60,190,0,2026
浙江大学,护理,1054,不区分院系,340,60,60,190,0,2026
浙江大学,药学,1055,不区分院系,355,60,60,190,0,2026
浙江大学,医学,10,不区分院系,330,55,55,190,0,2026
浙江大学,工程管理,125601,工程师学院,170,0,40,80,0,2026
浙江大学,工业工程与管理,125603,工程师学院,250,0,70,140,0,2026
浙江大学,工商管理,1251,不区分院系,146,0,35,70,0,2026
浙江大学,公共管理,1252,不区分院系,185,0,55,110,0,2026
浙江大学,会计,1253,不区分院系,260,0,80,160,0,2026
浙江大学,管理学,12,不区分院系,332,55,55,75,75,2026
浙江大学,戏剧与影视,1354,不区分院系,370,55,55,85,85,2026
浙江大学,美术与书法,1356,不区分院系,365,55,55,85,85,2026
浙江大学,艺术学,13,不区分院系,365,55,55,85,85,2026
浙江大学,设计学,1403,不区分院系,355,55,55,85,85,2026
上海交通大学,哲学,01,不区分院系,325,55,55,85,85,2023
上海交通大学,金融,0251,不区分院系,360,55,60,90,90,2023
上海交通大学,应用统计,0252,不区分院系,365,55,60,100,100,2023
上海交通大学,经济学,02,不区分院系,350,55,60,90,90,2023
上海交通大学,法律（非法学）,035101,不区分院系,345,55,55,90,90,2023
上海交通大学,法律（法学）,035102,不区分院系,330,55,55,90,90,2023
上海交通大学,法学,03,不区分院系,370,55,55,90,90,2023
上海交通大学,体育,0452,不区分院系,305,39,39,117,0,2023
上海交通大学,汉语国际教育,0453,不区分院系,350,51,51,77,77,2023
上海交通大学,翻译,0551,不区分院系,363,54,54,81,81,2023
上海交通大学,新闻与传播,0552,不区分院系,363,54,54,81,81,2023
上海交通大学,文学,05,不区分院系,363,54,54,81,81,2023
上海交通大学,理学,07,不区分院系,315,50,50,80,80,2023
上海交通大学,电气工程,085801,不区分院系,315,50,50,75,75,2023
上海交通大学,建筑学,0851,不区分院系,315,50,50,75,75,2023
上海交通大学,电子信息,0854,不区分院系,315,50,50,75,75,2023
上海交通大学,机械,0855,不区分院系,315,50,50,75,75,2023
上海交通大学,材料与化工,0856,不区分院系,315,50,50,75,75,2023
上海交通大学,资源与环境,0857,不区分院系,315,50,50,75,75,2023
上海交通大学,能源动力,0858,不区分院系,315,50,50,75,75,2023
上海交通大学,土木水利,0859,不区分院系,315,50,50,75,75,2023
上海交通大学,生物与医药,0860,不区分院系,315,50,50,75,75,2023
上海交通大学,交通运输,0861,不区分院系,315,50,50,75,75,2023
上海交通大学,工学（不含工学照顾专业）,08,不区分院系,315,50,50,75,75,2023
上海交通大学,农业,0951,不区分院系,300,50,50,70,70,2023
上海交通大学,兽医,0952,不区分院系,300,50,50,70,70,2023
上海交通大学,风景园林,0953,不区分院系,350,55,55,85,85,2023
上海交通大学,农学,09,不区分院系,300,50,50,70,70,2023
上海交通大学,基础医学,1001,医学院,350,55,55,200,0,2023
上海交通大学,临床医学,1002,医学院,350,55,55,200,0,2023
上海交通大学,口腔医学,1003,医学院,330,55,55,190,0,2023
上海交通大学,公共卫生与预防医学,1004,医学院,330,55,55,190,0,2023
上海交通大学,药学,1007,医学院,330,55,55,190,0,2023
上海交通大学,医学技术,1010,医学院,330,55,55,190,0,2023
上海交通大学,护理学,1011,医学院,330,55,55,190,0,2023
上海交通大学,临床医学,1051,医学院,350,55,55,200,0,2023
上海交通大学,口腔医学,1052,医学院,330,55,55,190,0,2023
上海交通大学,公共卫生,1053,医学院,330,55,55,190,0,2023
上海交通大学,护理,1054,医学院,330,55,55,190,0,2023
上海交通大学,药学,1055,不区分院系,325,55,55,190,0,2023
上海交通大学,医学（不含中医类照顾专业）,10,不区分院系,360,55,55,220,0,2023
上海交通大学,工程管理,125601,不区分院系,185,0,60,100,0,2023
上海交通大学,工业工程与管理,125603,不区分院系,230,0,60,100,0,2023
上海交通大学,工商管理,1251,不区分院系,167,0,41,82,0,2023
上海交通大学,公共管理,1252,不区分院系,175,0,44,88,0,2023
上海交通大学,会计,1253,不区分院系,250,0,60,120,0,2023
上海交通大学,管理学,12,不区分院系,340,47,47,71,71,2023
上海交通大学,艺术,1351,不区分院系,362,40,40,60,60,2023
上海交通大学,哲学,010100,人文学院,333,47,47,71,71,2024
上海交通大学,科学技术哲学,010108,马克思主义学院,340,60,60,90,90,2024
上海交通大学,应用经济学,0202,不区分院系,375,55,60,90,90,2024
上海交通大学,金融,0251,不区分院系,370,55,60,90,90,2024
上海交通大学,应用统计,0252,不区分院系,380,55,60,100,100,2024
上海交通大学,法律（非法学）,035101,凯原法学院,340,55,55,90,90,2024
上海交通大学,法律（法学）,035102,凯原法学院,331,47,47,71,71,2024
上海交通大学,法学,0301,不区分院系,370,55,55,90,90,2024
上海交通大学,政治学,0302,不区分院系,370,55,55,90,90,2024
上海交通大学,马克思主义理论,0305,不区分院系,370,55,55,90,90,2024
上海交通大学,教育学,040100,教育学院,350,51,51,153,0,2024
上海交通大学,心理学,040200,精神卫生中心,350,51,51,153,0,2024
上海交通大学,体育学,040300,体育系,313,41,41,123,0,2024
上海交通大学,学科教学（语文）,045103,教育学院,350,51,51,77,77,2024
上海交通大学,学科教学（数学）,045104,教育学院,350,51,51,77,77,2024
上海交通大学,学科教学（物理）,045105,教育学院,350,51,51,77,77,2024
上海交通大学,学科教学（化学）,045106,教育学院,350,51,51,77,77,2024
上海交通大学,学科教学（生物）,045107,教育学院,350,51,51,77,77,2024
上海交通大学,学科教学（英语）,045108,教育学院,350,51,51,77,77,2024
上海交通大学,科学与技术教育,045117,教育学院,350,51,51,77,77,2024
上海交通大学,应用心理,045400,精神卫生中心,350,51,51,153,0,2024
上海交通大学,体育,0452,不区分院系,313,50,50,190,0,2024
上海交通大学,国际中文教育,0453,不区分院系,375,55,60,90,90,2024
上海交通大学,中国语言文学,050100,人文学院,365,55,55,83,83,2024
上海交通大学,外国语言文学,050200,外国语学院,365,55,55,83,83,2024
上海交通大学,新闻传播学,0503,不区分院系,400,55,55,100,100,2024
上海交通大学,翻译,0551,不区分院系,385,60,65,100,100,2024
上海交通大学,新闻与传播,0552,不区分院系,375,55,55,100,100,2024
上海交通大学,中国史,060200,人文学院,345,49,49,147,0,2024
上海交通大学,理学,07,不区分院系,315,50,50,75,75,2024
上海交通大学,电气工程,085801,智慧能源创新学院,310,50,50,65,65,2024
上海交通大学,电气工程,085801,电子信息与电气工程学院,310,50,50,65,65,2024
上海交通大学,建筑,0851,不区分院系,310,50,50,65,65,2024
上海交通大学,电子信息,0854,不区分院系,310,50,50,65,65,2024
上海交通大学,机械,0855,不区分院系,310,50,50,65,65,2024
上海交通大学,材料与化工,0856,不区分院系,310,50,50,65,65,2024
上海交通大学,资源与环境,0857,不区分院系,310,50,50,65,65,2024
上海交通大学,能源动力,0858,不区分院系,310,50,50,65,65,2024
上海交通大学,土木水利,0859,不区分院系,310,50,50,65,65,2024
上海交通大学,生物与医药,0860,不区分院系,310,50,50,65,65,2024
上海交通大学,交通运输,0861,不区分院系,310,50,50,65,65,2024
上海交通大学,风景园林,0862,不区分院系,310,50,50,65,65,2024
上海交通大学,工学（不含工学照顾专业）,08,不区分院系,310,50,50,65,65,2024
上海交通大学,园艺学,0902,不区分院系,300,50,50,70,70,2024
上海交通大学,兽医学,0906,不区分院系,300,50,50,70,70,2024
上海交通大学,农业,0951,不区分院系,300,50,50,70,70,2024
上海交通大学,兽医,0952,不区分院系,300,50,50,70,70,2024
上海交通大学,医学技术,105800,医学技术学院,304,42,42,126,0,2024
上海交通大学,基础医学,1001,不区分院系,340,60,60,200,0,2024
上海交通大学,临床医学,1002,不区分院系,340,60,60,200,0,2024
上海交通大学,口腔医学,1003,不区分院系,340,60,60,200,0,2024
上海交通大学,公共卫生与预防医学,1004,不区分院系,330,60,60,200,0,2024
上海交通大学,药学,1007,不区分院系,340,50,50,190,0,2024
上海交通大学,护理学,1011,不区分院系,340,60,60,200,0,2024
上海交通大学,临床医学,1051,不区分院系,360,60,60,200,0,2024
上海交通大学,口腔医学,1052,不区分院系,360,60,60,200,0,2024
上海交通大学,公共卫生,1053,不区分院系,350,60,60,200,0,2024
上海交通大学,护理,1054,不区分院系,350,60,60,200,0,2024
上海交通大学,药学,1055,不区分院系,330,50,50,190,0,2024
上海交通大学,医学技术,1058,不区分院系,350,60,60,200,0,2024
上海交通大学,工商管理,125100,安泰经济与管理学院,162,0,39,78,0,2024
上海交通大学,工商管理,125100,上海高级金融学院,162,0,39,78,0,2024
上海交通大学,工程管理,125601,智慧能源创新学院,176,0,55,100,0,2024
上海交通大学,工程管理,125601,航空航天学院,176,0,55,100,0,2024
上海交通大学,工程管理,125601,中美物流研究院,176,0,55,100,0,2024
上海交通大学,工程管理,125601,环境科学与工程学院,176,0,55,100,0,2024
上海交通大学,工程管理,125601,化学化工学院,176,0,55,100,0,2024
上海交通大学,工程管理,125601,生命科学技术学院（含系统生物医学研究院）,176,0,55,100,0,2024
上海交通大学,工程管理,125601,材料科学与工程学院,176,0,55,100,0,2024
上海交通大学,工程管理,125601,电子信息与电气工程学院,176,0,55,100,0,2024
上海交通大学,工程管理,125601,机械与动力工程学院,176,0,55,100,0,2024
上海交通大学,工程管理,125601,船舶海洋与建筑工程学院,176,0,55,100,0,2024
上海交通大学,工业工程与管理,125603,机械与动力工程学院,230,0,60,100,0,2024
上海交通大学,物流工程与管理,125604,中美物流研究院,176,0,43,86,0,2024
上海交通大学,审计,125700,安泰经济与管理学院,201,0,52,104,0,2024
上海交通大学,技术转移,1258S1,安泰经济与管理学院,162,0,39,78,0,2024
上海交通大学,管理科学与工程,1201,不区分院系,347,49,49,74,74,2024
上海交通大学,工商管理学,1202,不区分院系,347,49,49,74,74,2024
上海交通大学,公共管理学,1204,不区分院系,347,49,49,74,74,2024
上海交通大学,公共管理,1252,不区分院系,173,0,43,86,0,2024
上海交通大学,会计,1253,不区分院系,250,0,60,120,0,2024
上海交通大学,数字文创与管理,1358S1,上海交大-南加州大学文化创意产业学院,362,55,60,105,105,2024
上海交通大学,戏剧与影视,1354,不区分院系,385,55,55,110,110,2024
上海交通大学,设计,1357,不区分院系,362,40,40,60,60,2024
上海交通大学,集成电路科学与工程,140100,电子信息与电气工程学院,275,39,39,59,59,2024
上海交通大学,设计学,140300,设计学院,275,39,39,59,59,2024
上海交通大学,哲学,010100,人文学院,321,39,39,59,59,2025
上海交通大学,科学技术哲学,010108,马克思主义学院,340,55,55,90,90,2025
上海交通大学,应用经济学,0202,不区分院系,340,55,55,90,90,2025
上海交通大学,金融,0251,不区分院系,340,55,55,90,80,2025
上海交通大学,应用统计,0252,不区分院系,375,55,55,100,100,2025
上海交通大学,法律（非法学）,035101,凯原法学院,343,55,55,90,90,2025
上海交通大学,法律（法学）,035102,凯原法学院,323,40,40,60,60,2025
上海交通大学,法学,0301,不区分院系,360,55,55,90,90,2025
上海交通大学,政治学,0302,不区分院系,360,55,55,90,90,2025
上海交通大学,马克思主义理论,0305,不区分院系,360,55,55,90,90,2025
上海交通大学,体育学,040300,体育系,304,36,36,108,0,2025
上海交通大学,学科教学（语文）,045103,教育学院,341,45,45,68,68,2025
上海交通大学,学科教学（数学）,045104,教育学院,341,45,45,68,68,2025
上海交通大学,学科教学（物理）,045105,教育学院,341,45,45,68,68,2025
上海交通大学,学科教学（化学）,045106,教育学院,341,45,45,68,68,2025
上海交通大学,学科教学（生物）,045107,教育学院,341,45,45,68,68,2025
上海交通大学,学科教学（英语）,045108,教育学院,341,45,45,68,68,2025
上海交通大学,科学与技术教育,045117,教育学院,341,45,45,68,68,2025
上海交通大学,教育学,0401,不区分院系,341,45,45,135,135,2025
上海交通大学,心理学,0402,不区分院系,370,55,55,180,0,2025
上海交通大学,体育,0452,不区分院系,350,50,50,200,0,2025
上海交通大学,国际中文教育,0453,不区分院系,370,55,55,90,90,2025
上海交通大学,应用心理,0454,不区分院系,355,55,55,180,0,2025
上海交通大学,中国语言文学,050100,人文学院,351,47,47,71,71,2025
上海交通大学,外国语言文学,050200,外国语学院,351,47,47,71,71,2025
上海交通大学,新闻传播学,0503,不区分院系,351,47,47,71,71,2025
上海交通大学,翻译,0551,不区分院系,360,55,65,95,95,2025
上海交通大学,新闻与传播,0552,不区分院系,351,47,47,71,71,2025
上海交通大学,中国史,060200,人文学院,336,43,43,129,0,2025
上海交通大学,理学,07,不区分院系,300,50,50,70,70,2025
上海交通大学,力学,080100,船舶海洋与建筑工程学院,300,50,45,65,65,2025
上海交通大学,机械工程,080200,机械与动力工程学院,300,50,45,65,65,2025
上海交通大学,机械工程,080200,密西根学院,300,50,45,65,65,2025
上海交通大学,仪器科学与技术,080400,电子信息与电气工程学院,300,50,45,65,65,2025
上海交通大学,材料科学与工程,080500,材料科学与工程学院,300,50,45,65,65,2025
上海交通大学,动力工程及工程热物理,080700,密西根学院,300,50,45,65,65,2025
上海交通大学,动力工程及工程热物理,080700,机械与动力工程学院,300,50,45,65,65,2025
上海交通大学,电气工程,080800,电子信息与电气工程学院,300,50,45,65,65,2025
上海交通大学,电子科学与技术,080900,电子信息与电气工程学院,300,50,45,65,65,2025
上海交通大学,电子科学与技术,080900,密西根学院,300,50,45,65,65,2025
上海交通大学,信息与通信工程,081000,密西根学院,300,50,45,65,65,2025
上海交通大学,信息与通信工程,081000,电子信息与电气工程学院,300,50,45,65,65,2025
上海交通大学,控制科学与工程,081100,密西根学院,300,50,45,65,65,2025
上海交通大学,控制科学与工程,081100,电子信息与电气工程学院,300,50,45,65,65,2025
上海交通大学,计算机科学与技术,081200,电子信息与电气工程学院,300,50,45,65,65,2025
上海交通大学,计算机科学与技术,081200,人工智能学院,300,50,45,65,65,2025
上海交通大学,计算机科学与技术,081200,密西根学院,300,50,45,65,65,2025
上海交通大学,建筑学,081300,设计学院,300,50,45,65,65,2025
上海交通大学,土木工程,081400,船舶海洋与建筑工程学院,300,50,45,65,65,2025
上海交通大学,化学工程与技术,081700,化学化工学院,300,50,45,65,65,2025
上海交通大学,交通运输工程,082300,船舶海洋与建筑工程学院,300,50,45,65,65,2025
上海交通大学,船舶与海洋工程,082400,船舶海洋与建筑工程学院,300,50,45,65,65,2025
上海交通大学,航空宇航科学与技术,082500,航空航天学院,300,50,45,65,65,2025
上海交通大学,核科学与技术,082700,机械与动力工程学院,300,50,45,65,65,2025
上海交通大学,环境科学与工程,083000,环境科学与工程学院,300,50,45,65,65,2025
上海交通大学,生物医学工程,083100,生物医学工程学院,300,50,45,65,65,2025
上海交通大学,食品科学与工程,083200,农业与生物学院,300,50,45,65,65,2025
上海交通大学,生物工程,083600,生命科学技术学院（含系统生物医学研究院）,300,50,45,65,65,2025
上海交通大学,网络空间安全,083900,电子信息与电气工程学院,300,50,45,65,65,2025
上海交通大学,电气工程,085801,电子信息与电气工程学院,300,50,45,65,65,2025
上海交通大学,电气工程,085801,智慧能源创新学院,300,50,45,65,65,2025
上海交通大学,土木水利,085900,船舶海洋与建筑工程学院,300,50,45,65,65,2025
上海交通大学,生物与医药,086000,生物医学工程学院,300,50,45,65,65,2025
上海交通大学,生物与医药,086000,生命科学技术学院（含系统生物医学研究院）,300,50,45,65,65,2025
上海交通大学,生物与医药,086000,农业与生物学院,300,50,45,65,65,2025
上海交通大学,交通运输,086100,船舶海洋与建筑工程学院,300,50,45,65,65,2025
上海交通大学,风景园林,086200,设计学院,300,50,45,65,65,2025
上海交通大学,建筑,0851,不区分院系,300,50,45,65,65,2025
上海交通大学,电子信息,0854,不区分院系,300,50,45,65,65,2025
上海交通大学,机械,0855,不区分院系,300,50,45,65,65,2025
上海交通大学,材料与化工,0856,不区分院系,300,50,45,65,65,2025
上海交通大学,资源与环境,0857,不区分院系,300,50,45,65,65,2025
上海交通大学,能源动力,0858,不区分院系,300,50,45,65,65,2025
上海交通大学,土木水利,0859,不区分院系,300,50,45,65,65,2025
上海交通大学,生物与医药,0860,不区分院系,300,50,45,65,65,2025
上海交通大学,交通运输,0861,不区分院系,300,50,45,65,65,2025
上海交通大学,风景园林,0862,不区分院系,300,50,45,65,65,2025
上海交通大学,园艺学,0902,不区分院系,300,50,45,80,80,2025
上海交通大学,兽医学,0906,不区分院系,300,50,45,80,80,2025
上海交通大学,农业,0951,不区分院系,300,50,45,80,80,2025
上海交通大学,兽医,0952,不区分院系,300,50,45,80,80,2025
上海交通大学,基础医学,1001,不区分院系,320,50,50,200,0,2025
上海交通大学,临床医学,1002,不区分院系,300,50,50,180,0,2025
上海交通大学,口腔医学,1003,不区分院系,300,50,50,180,0,2025
上海交通大学,公共卫生与预防医学,1004,不区分院系,320,50,50,200,0,2025
上海交通大学,医学（药学）,1007,不区分院系,350,50,50,230,0,2025
上海交通大学,护理学,1011,不区分院系,320,50,50,200,0,2025
上海交通大学,临床医学,1051,不区分院系,320,50,50,190,0,2025
上海交通大学,口腔医学,1052,不区分院系,320,50,50,190,0,2025
上海交通大学,公共卫生,1053,不区分院系,320,50,50,200,0,2025
上海交通大学,护理,1054,不区分院系,320,50,50,200,0,2025
上海交通大学,药学,1055,不区分院系,325,50,50,200,0,2025
上海交通大学,医学技术,1058,不区分院系,300,50,50,180,0,2025
上海交通大学,工商管理,125100,上海高级金融学院,151,0,35,70,0,2025
上海交通大学,工商管理,125100,安泰经济与管理学院,151,0,35,70,0,2025
上海交通大学,工程管理,125601,董浩云航运与物流研究院（中美物流研究院）,162,0,38,76,0,2025
上海交通大学,工程管理,125601,船舶海洋与建筑工程学院,162,0,38,76,0,2025
上海交通大学,工程管理,125601,机械与动力工程学院,162,0,38,76,0,2025
上海交通大学,工程管理,125601,化学化工学院,162,0,38,76,0,2025
上海交通大学,工程管理,125601,环境科学与工程学院,162,0,38,76,0,2025
上海交通大学,工程管理,125601,智慧能源创新学院,162,0,38,76,0,2025
上海交通大学,工程管理,125601,电子信息与电气工程学院,162,0,38,76,0,2025
上海交通大学,工程管理,125601,生命科学技术学院（含系统生物医学研究院）,162,0,38,76,0,2025
上海交通大学,工程管理,125601,材料科学与工程学院,162,0,38,76,0,2025
上海交通大学,工程管理,125601,航空航天学院,162,0,38,76,0,2025
上海交通大学,工业工程与管理,125603,机械与动力工程学院,238,0,60,100,0,2025
上海交通大学,物流工程与管理,125604,董浩云航运与物流研究院（中美物流研究院）,162,0,38,76,0,2025
上海交通大学,审计,125700,安泰经济与管理学院,194,0,48,96,0,2025
上海交通大学,技术转移,1258S1,安泰经济与管理学院,151,0,35,70,0,2025
上海交通大学,管理科学与工程,1201,不区分院系,340,55,55,90,75,2025
上海交通大学,工商管理学,1202,不区分院系,340,55,55,90,75,2025
上海交通大学,公共管理学,1204,不区分院系,340,55,55,90,75,2025
上海交通大学,公共管理,1252,不区分院系,164,0,50,100,0,2025
上海交通大学,会计,1253,不区分院系,164,0,50,100,0,2025
上海交通大学,数字文创与管理,1358S1,上海交大-南加州大学文化创意产业学院,351,37,37,56,56,2025
上海交通大学,戏剧与影视,1354,不区分院系,351,37,37,56,56,2025
上海交通大学,设计,1357,不区分院系,351,37,37,56,56,2025
上海交通大学,集成电路科学与工程,140100,电子信息与电气工程学院,266,34,34,51,51,2025
上海交通大学,设计学,140300,设计学院,266,34,34,51,51,2025
上海交通大学,科学技术哲学,010108,马克思主义学院,360,50,50,90,90,2026
上海交通大学,应用经济学,0202,不区分院系,350,55,55,90,85,2026
上海交通大学,金融,0251,不区分院系,370,55,55,90,90,2026
上海交通大学,应用统计,0252,不区分院系,390,55,55,100,100,2026
上海交通大学,法律（非法学）,035101,凯原法学院,350,55,55,90,90,2026
上海交通大学,法律（法学）,035102,凯原法学院,360,55,55,90,90,2026
上海交通大学,法学,0301,不区分院系,345,55,55,90,90,2026
上海交通大学,政治学,0302,不区分院系,345,55,55,90,90,2026
上海交通大学,马克思主义理论,0305,不区分院系,345,55,55,90,90,2026
上海交通大学,体育学,040300,体育系,310,38,38,114,0,2026
上海交通大学,学科教学（语文）,045103,教育学院,347,48,48,72,72,2026
上海交通大学,学科教学（数学）,045104,教育学院,347,48,48,72,72,2026
上海交通大学,学科教学（物理）,045105,教育学院,347,48,48,72,72,2026
上海交通大学,学科教学（化学）,045106,教育学院,347,48,48,72,72,2026
上海交通大学,学科教学（生物）,045107,教育学院,347,48,48,72,72,2026
上海交通大学,学科教学（英语）,045108,教育学院,347,48,48,72,72,2026
上海交通大学,科学与技术教育,045117,教育学院,347,48,48,72,72,2026
上海交通大学,应用心理,045400,心理学院（含精神卫生中心）,347,48,48,144,0,2026
上海交通大学,教育学,0401,不区分院系,380,55,55,225,0,2026
上海交通大学,心理学,0402,不区分院系,355,55,55,180,0,2026
上海交通大学,体育,0452,不区分院系,355,55,55,200,0,2026
上海交通大学,国际中文教育,0453,不区分院系,350,55,55,90,90,2026
上海交通大学,外国语言文学,0502,不区分院系,360,55,65,90,90,2026
上海交通大学,新闻传播学,0503,不区分院系,395,55,55,110,110,2026
上海交通大学,翻译,0551,不区分院系,360,55,65,90,90,2026
上海交通大学,新闻与传播,0552,不区分院系,380,55,55,110,110,2026
上海交通大学,理学,07,不区分院系,315,50,50,75,75,2026
上海交通大学,工学（不含工学照顾专业）,08,不区分院系,315,50,50,75,75,2026
上海交通大学,园艺学,0902,不区分院系,300,50,50,80,80,2026
上海交通大学,兽医学,0906,不区分院系,300,50,50,80,80,2026
上海交通大学,农业,0951,不区分院系,300,50,50,80,80,2026
上海交通大学,兽医,0952,不区分院系,300,50,50,80,80,2026
上海交通大学,基础医学,1001,医学院,330,60,60,200,0,2026
上海交通大学,临床医学,1002,医学院,310,60,60,180,0,2026
上海交通大学,口腔医学,1003,医学院,350,60,60,200,0,2026
上海交通大学,公共卫生与预防医学,1004,医学院,320,50,50,180,0,2026
上海交通大学,药学,1007,不区分院系,350,50,50,220,0,2026
上海交通大学,药学,1007,医学院,330,60,60,200,0,2026
上海交通大学,护理学,1011,医学院,340,60,60,200,0,2026
上海交通大学,临床医学,1051,医学院,330,60,60,190,0,2026
上海交通大学,口腔医学,1052,医学院,350,60,60,200,0,2026
上海交通大学,公共卫生,1053,医学院,340,60,60,200,0,2026
上海交通大学,护理,1054,医学院,340,60,60,200,0,2026
上海交通大学,药学,1055,不区分院系,350,50,50,240,0,2026
上海交通大学,药学,1055,医学院,350,50,50,240,0,2026
上海交通大学,医学技术,1058,医学院,330,60,60,190,0,2026
上海交通大学,工商管理,125100,安泰经济与管理学院,146,0,35,70,0,2026
上海交通大学,工商管理,125100,上海高级金融学院,146,0,35,70,0,2026
上海交通大学,公共管理,125200,国际与公共事务学院,168,0,39,78,0,2026
上海交通大学,工程管理,125601,智慧能源创新学院,166,0,39,78,0,2026
上海交通大学,工程管理,125601,电子信息与电气工程学院,166,0,39,78,0,2026
上海交通大学,工程管理,125601,航空航天学院,166,0,39,78,0,2026
上海交通大学,工程管理,125601,化学化工学院,166,0,39,78,0,2026
上海交通大学,工程管理,125601,生命科学技术学院（含系统生物医学研究院）,166,0,39,78,0,2026
上海交通大学,工程管理,125601,机械与动力工程学院,166,0,39,78,0,2026
上海交通大学,工程管理,125601,环境科学与工程学院,166,0,39,78,0,2026
上海交通大学,工程管理,125601,董浩云智能制造与服务管理研究院（中美物流研究院）,166,0,39,78,0,2026
上海交通大学,工程管理,125601,材料科学与工程学院,166,0,39,78,0,2026
上海交通大学,工程管理,125601,船舶海洋与建筑工程学院,166,0,39,78,0,2026
上海交通大学,工业工程与管理,125603,机械与动力工程学院,262,0,60,100,0,2026
上海交通大学,物流工程与管理,125604,董浩云智能制造与服务管理研究院（中美物流研究院）,195,0,60,100,0,2026
上海交通大学,技术转移,1258S1,安泰经济与管理学院,332,41,41,62,62,2026
上海交通大学,管理科学与工程,1201,不区分院系,350,55,55,90,85,2026
上海交通大学,工商管理学,1202,不区分院系,350,55,55,90,85,2026
上海交通大学,公共管理学,1204,不区分院系,350,55,55,90,85,2026
上海交通大学,会计,1253,不区分院系,263,0,60,120,0,2026
上海交通大学,数字文创与管理,1358S1,上海交大-南加州大学文化创意产业学院,370,55,55,110,110,2026
上海交通大学,戏剧与影视,1354,不区分院系,358,55,55,100,100,2026
上海交通大学,设计,1357,不区分院系,395,55,55,120,120,2026
上海交通大学,集成电路科学与工程,1401,不区分院系,315,50,50,75,75,2026
上海交通大学,设计学,1403,不区分院系,395,55,55,120,120,2026
复旦大学,哲学,0101,不区分院系,350,55,55,90,90,2023
复旦大学,理论经济学,0201,不区分院系,380,60,60,90,90,2023
复旦大学,应用经济学,0202,不区分院系,380,60,60,90,90,2023
复旦大学,金融,0251,不区分院系,395,60,60,90,90,2023
复旦大学,应用统计,0252,不区分院系,395,60,60,90,90,2023
复旦大学,税务,0253,不区分院系,365,60,60,90,90,2023
复旦大学,国际商务,0254,不区分院系,365,60,60,90,90,2023
复旦大学,保险,0255,不区分院系,385,60,60,90,90,2023
复旦大学,资产评估,0256,不区分院系,395,60,60,90,90,2023
复旦大学,法律（非法学）,035101,不区分院系,350,55,55,90,90,2023
复旦大学,法律（法学）,035102,不区分院系,355,55,55,90,90,2023
复旦大学,法学,0301,不区分院系,350,55,55,90,90,2023
复旦大学,政治学,0302,不区分院系,380,55,55,90,90,2023
复旦大学,社会学,0303,不区分院系,360,55,55,90,90,2023
复旦大学,马克思主义理论,0305,不区分院系,350,55,55,90,90,2023
复旦大学,社会工作,0352,不区分院系,370,55,55,90,90,2023
复旦大学,教育学,0401,不区分院系,365,55,55,180,0,2023
复旦大学,心理学,0402,不区分院系,360,55,55,180,0,2023
复旦大学,教育,0451,不区分院系,355,55,55,90,90,2023
复旦大学,汉语国际教育,0453,不区分院系,350,55,55,90,90,2023
复旦大学,应用心理,0454,不区分院系,365,60,60,180,0,2023
复旦大学,中国语言文学,0501,不区分院系,363,55,55,90,90,2023
复旦大学,外国语言文学,0502,不区分院系,370,60,60,90,90,2023
复旦大学,新闻传播学,0503,不区分院系,365,60,60,90,90,2023
复旦大学,翻译,0551,不区分院系,363,54,54,90,0,2023
复旦大学,新闻与传播,0552,不区分院系,370,60,60,90,0,2023
复旦大学,出版,0553,不区分院系,390,60,60,90,0,2023
复旦大学,文物与博物馆,0651,不区分院系,360,55,55,180,0,2023
复旦大学,历史学,06,不区分院系,340,55,55,180,0,2023
复旦大学,数学,0701,不区分院系,300,50,50,70,70,2023
复旦大学,物理学,0702,不区分院系,300,50,50,70,70,2023
复旦大学,化学,0703,不区分院系,300,50,50,70,70,2023
复旦大学,化学,0703,上海医学院,300,50,50,70,70,2023
复旦大学,大气科学,0706,不区分院系,320,50,50,75,75,2023
复旦大学,生物学,0710,不区分院系,310,50,50,75,75,2023
复旦大学,生物学,0710,上海医学院,310,50,50,75,75,2023
复旦大学,生态学,0713,不区分院系,310,50,50,75,75,2023
复旦大学,统计学,0714,不区分院系,385,50,50,75,75,2023
复旦大学,光学工程,0803,不区分院系,300,50,50,75,75,2023
复旦大学,材料科学与工程,0805,不区分院系,355,50,50,75,75,2023
复旦大学,电子科学与技术,0809,不区分院系,310,50,50,75,75,2023
复旦大学,信息与通信工程,0810,不区分院系,320,50,50,75,75,2023
复旦大学,计算机科学与技术,0812,不区分院系,320,50,50,75,75,2023
复旦大学,航空宇航科学与技术,0825,不区分院系,330,50,50,75,75,2023
复旦大学,环境科学与工程,0830,不区分院系,345,50,50,75,75,2023
复旦大学,生物医学工程,0831,不区分院系,320,50,50,75,75,2023
复旦大学,网络空间安全,0839,不区分院系,320,50,50,75,75,2023
复旦大学,电子信息,0854,不区分院系,300,50,50,75,75,2023
复旦大学,机械,0855,不区分院系,320,50,50,75,75,2023
复旦大学,材料与化工,0856,不区分院系,310,50,50,75,75,2023
复旦大学,资源与环境,0857,不区分院系,345,50,50,75,75,2023
复旦大学,生物与医药,0860,不区分院系,300,50,50,70,70,2023
复旦大学,生物与医药,0860,上海医学院,300,50,50,70,70,2023
复旦大学,基础医学,1001,上海医学院,300,50,50,160,0,2023
复旦大学,临床医学,1002,上海医学院,335,50,50,180,0,2023
复旦大学,公共卫生与预防医学,1004,上海医学院,320,50,50,180,0,2023
复旦大学,中西医结合,1006,上海医学院,350,55,55,200,0,2023
复旦大学,药学,1007,上海医学院,350,60,60,200,0,2023
复旦大学,护理学,1011,上海医学院,325,60,60,200,0,2023
复旦大学,临床医学,1051,上海医学院,340,55,55,185,0,2023
复旦大学,口腔医学,1052,上海医学院,330,55,55,200,0,2023
复旦大学,公共卫生,1053,上海医学院,300,50,50,180,0,2023
复旦大学,护理,1054,上海医学院,315,50,50,185,0,2023
复旦大学,药学,1055,上海医学院,310,60,60,180,0,2023
复旦大学,社会医学与卫生事业管理,1074,上海医学院,320,50,50,180,0,2023
复旦大学,管理科学与工程,1201,不区分院系,380,60,60,90,90,2023
复旦大学,工商管理,1202,不区分院系,380,60,60,90,90,2023
复旦大学,公共管理,1204,不区分院系,370,55,55,90,90,2023
复旦大学,公共管理,1252,不区分院系,185,0,50,100,0,2023
复旦大学,会计,1253,不区分院系,215,0,70,130,0,2023
复旦大学,旅游管理,1254,不区分院系,200,0,65,125,0,2023
复旦大学,图书情报,1255,不区分院系,245,0,70,140,0,2023
复旦大学,工程管理,1256,不区分院系,213,0,50,100,0,2023
复旦大学,戏剧与影视学,1303,不区分院系,365,55,55,90,90,2023
复旦大学,艺术,1351,不区分院系,365,55,55,90,0,2023
复旦大学,国家安全学,1402,不区分院系,380,55,55,90,90,2023
复旦大学,哲学,0101,不区分院系,350,55,55,90,90,2024
复旦大学,应用伦理,0151,不区分院系,340,50,50,90,90,2024
复旦大学,理论经济学,0201,不区分院系,380,60,60,90,90,2024
复旦大学,应用经济学,0202,不区分院系,380,60,60,90,90,2024
复旦大学,金融,0251,不区分院系,408,60,60,90,90,2024
复旦大学,应用统计,0252,不区分院系,395,60,60,90,90,2024
复旦大学,税务,0253,不区分院系,385,60,60,90,90,2024
复旦大学,国际商务,0254,不区分院系,375,60,60,90,90,2024
复旦大学,保险,0255,不区分院系,375,60,60,90,90,2024
复旦大学,资产评估,0256,不区分院系,395,60,60,90,90,2024
复旦大学,法律（非法学）,035101,法学院,335,55,55,90,90,2024
复旦大学,法律（法学）,035102,法学院,370,55,55,90,90,2024
复旦大学,法学,0301,不区分院系,345,55,55,90,90,2024
复旦大学,政治学,0302,不区分院系,380,55,55,90,90,2024
复旦大学,社会学,0303,不区分院系,360,55,55,90,90,2024
复旦大学,马克思主义理论,0305,不区分院系,355,55,55,90,90,2024
复旦大学,社会工作,0352,不区分院系,370,55,55,90,90,2024
复旦大学,国际事务,0355,不区分院系,340,55,55,90,90,2024
复旦大学,社会政策,0356,不区分院系,340,55,55,90,90,2024
复旦大学,教育学,0401,不区分院系,370,55,55,180,0,2024
复旦大学,心理学,0402,不区分院系,355,55,55,180,0,2024
复旦大学,教育,0451,不区分院系,355,55,55,90,90,2024
复旦大学,国际中文教育,0453,不区分院系,365,55,55,90,90,2024
复旦大学,应用心理,0454,不区分院系,380,60,60,180,0,2024
复旦大学,中国语言文学,0501,不区分院系,365,60,60,90,90,2024
复旦大学,外国语言文学,0502,不区分院系,365,60,60,90,90,2024
复旦大学,新闻传播学,0503,不区分院系,400,60,60,90,90,2024
复旦大学,翻译,0551,不区分院系,365,55,55,90,90,2024
复旦大学,新闻与传播,0552,不区分院系,380,60,60,90,90,2024
复旦大学,出版,0553,不区分院系,390,60,60,90,90,2024
复旦大学,博物馆,0651,不区分院系,350,55,55,180,0,2024
复旦大学,历史学,06,不区分院系,350,55,55,180,0,2024
复旦大学,数学,0701,不区分院系,330,50,50,70,70,2024
复旦大学,物理学,0702,不区分院系,300,50,50,70,70,2024
复旦大学,化学,0703,不区分院系,300,50,50,70,70,2024
复旦大学,大气科学,0706,不区分院系,350,50,50,75,75,2024
复旦大学,生物学,0710,不区分院系,310,50,50,75,75,2024
复旦大学,生态学,0713,不区分院系,310,50,50,75,75,2024
复旦大学,统计学,0714,不区分院系,375,50,50,75,75,2024
复旦大学,气象,0751,不区分院系,320,50,50,75,75,2024
复旦大学,光学工程,0803,不区分院系,300,50,50,75,75,2024
复旦大学,材料科学与工程,0805,不区分院系,355,50,50,75,75,2024
复旦大学,电子科学与技术,0809,不区分院系,310,50,50,75,75,2024
复旦大学,信息与通信工程,0810,不区分院系,320,50,50,75,75,2024
复旦大学,计算机科学与技术,0812,不区分院系,330,50,50,75,75,2024
复旦大学,航空宇航科学与技术,0825,不区分院系,320,50,50,75,75,2024
复旦大学,环境科学与工程,0830,不区分院系,325,50,50,75,75,2024
复旦大学,网络空间安全,0839,不区分院系,330,50,50,75,75,2024
复旦大学,电子信息,0854,不区分院系,300,50,50,75,75,2024
复旦大学,机械,0855,不区分院系,320,50,50,75,75,2024
复旦大学,材料与化工,0856,不区分院系,310,50,50,75,75,2024
复旦大学,资源与环境,0857,不区分院系,315,50,50,75,75,2024
复旦大学,生物与医药,0860,不区分院系,300,50,50,70,70,2024
复旦大学,基础医学,1001,不区分院系,305,50,50,160,0,2024
复旦大学,临床医学,1002,不区分院系,325,50,50,180,0,2024
复旦大学,口腔医学,1003,不区分院系,310,50,50,180,0,2024
复旦大学,公共卫生与预防医学,1004,不区分院系,330,60,60,180,0,2024
复旦大学,中西医结合,1006,不区分院系,350,55,55,215,0,2024
复旦大学,药学,1007,不区分院系,305,50,50,160,0,2024
复旦大学,护理学,1011,不区分院系,325,60,60,200,0,2024
复旦大学,临床医学,1051,不区分院系,330,55,55,185,0,2024
复旦大学,口腔医学,1052,不区分院系,340,60,60,200,0,2024
复旦大学,公共卫生,1053,不区分院系,325,50,50,180,0,2024
复旦大学,护理,1054,不区分院系,315,50,50,185,0,2024
复旦大学,药学,1055,不区分院系,320,60,60,180,0,2024
复旦大学,社会医学与卫生事业管理,1074,不区分院系,310,60,60,180,0,2024
复旦大学,工商管理,125100,泛海国际金融学院,162,0,39,78,0,2024
复旦大学,工商管理,125100,管理学院,162,0,39,78,0,2024
复旦大学,管理科学与工程,1201,不区分院系,380,60,60,90,90,2024
复旦大学,工商管理学,1202,不区分院系,380,60,60,90,90,2024
复旦大学,公共管理学,1204,不区分院系,380,60,60,90,90,2024
复旦大学,公共管理,1252,不区分院系,180,0,50,100,0,2024
复旦大学,会计,1253,不区分院系,215,0,70,140,0,2024
复旦大学,旅游管理,1254,不区分院系,200,0,60,120,0,2024
复旦大学,图书情报,1255,不区分院系,240,0,70,140,0,2024
复旦大学,工程管理,1256,不区分院系,206,0,60,110,0,2024
复旦大学,艺术学,1301,不区分院系,365,60,60,90,90,2024
复旦大学,戏剧与影视,1354,不区分院系,385,60,60,90,90,2024
复旦大学,国家安全学,1402,不区分院系,380,55,55,90,90,2024
复旦大学,文物,1451,不区分院系,335,55,55,90,90,2024
复旦大学,应用伦理,0151,不区分院系,330,50,50,90,90,2025
复旦大学,哲学,01,不区分院系,350,55,55,90,90,2025
复旦大学,金融,0251,不区分院系,365,55,55,90,90,2025
复旦大学,应用统计,0252,不区分院系,345,55,55,75,75,2025
复旦大学,税务,0253,不区分院系,355,55,55,90,90,2025
复旦大学,国际商务,0254,不区分院系,365,55,55,90,90,2025
复旦大学,保险,0255,不区分院系,355,55,55,90,90,2025
复旦大学,资产评估,0256,不区分院系,360,55,55,90,90,2025
复旦大学,经济学,02,不区分院系,360,55,55,90,90,2025
复旦大学,法律（非法学）,035101,法学院,325,55,55,90,90,2025
复旦大学,法律（法学）,035102,法学院,340,55,55,90,90,2025
复旦大学,法学,0301,不区分院系,330,55,55,80,80,2025
复旦大学,政治学,0302,不区分院系,350,55,55,90,90,2025
复旦大学,社会学,0303,不区分院系,370,55,55,90,90,2025
复旦大学,马克思主义理论,0305,不区分院系,345,50,50,90,90,2025
复旦大学,中共党史党建学,0307,不区分院系,345,50,50,90,90,2025
复旦大学,社会工作,0352,不区分院系,365,55,55,90,90,2025
复旦大学,国际事务,0355,不区分院系,340,55,55,90,90,2025
复旦大学,社会政策,0356,不区分院系,350,55,55,90,90,2025
复旦大学,教育,0451,不区分院系,341,50,50,90,90,2025
复旦大学,国际中文教育,0453,不区分院系,341,50,50,90,90,2025
复旦大学,应用心理,0454,不区分院系,380,60,60,180,180,2025
复旦大学,教育学（不含体育学）,04,不区分院系,341,50,50,180,180,2025
复旦大学,翻译,0551,不区分院系,360,50,50,90,90,2025
复旦大学,新闻与传播,0552,不区分院系,370,60,60,90,90,2025
复旦大学,出版,0553,不区分院系,370,60,60,90,90,2025
复旦大学,文学,05,不区分院系,365,55,55,90,90,2025
复旦大学,博物馆,0651,不区分院系,390,55,55,180,0,2025
复旦大学,历史学,06,不区分院系,350,55,55,180,180,2025
复旦大学,化学,0703,不区分院系,300,50,50,75,75,2025
复旦大学,生物学,0710,不区分院系,300,50,50,75,75,2025
复旦大学,气象,0751,不区分院系,300,50,50,75,75,2025
复旦大学,理学,07,不区分院系,300,50,50,75,75,2025
复旦大学,电子信息,0854,不区分院系,300,50,50,75,75,2025
复旦大学,机械,0855,不区分院系,340,50,50,75,75,2025
复旦大学,材料与化工,0856,不区分院系,300,50,50,75,75,2025
复旦大学,资源与环境,0857,不区分院系,300,50,50,75,75,2025
复旦大学,生物与医药,0860,不区分院系,300,50,50,75,75,2025
复旦大学,工学（不含工学照顾专业）,08,不区分院系,300,50,50,75,75,2025
复旦大学,基础医学,1001,不区分院系,300,50,50,150,0,2025
复旦大学,临床医学,1002,不区分院系,315,50,50,180,0,2025
复旦大学,口腔医学,1003,不区分院系,325,50,50,180,0,2025
复旦大学,公共卫生与预防医学,1004,不区分院系,300,50,50,170,0,2025
复旦大学,中西医结合,1006,不区分院系,310,50,50,190,0,2025
复旦大学,药学,1007,不区分院系,310,50,50,190,0,2025
复旦大学,护理学,1011,不区分院系,300,50,50,150,0,2025
复旦大学,临床医学,1051,不区分院系,320,50,50,180,0,2025
复旦大学,口腔医学,1052,不区分院系,340,55,55,220,0,2025
复旦大学,公共卫生,1053,不区分院系,300,50,50,170,0,2025
复旦大学,护理,1054,不区分院系,300,50,50,150,0,2025
复旦大学,药学,1055,不区分院系,330,50,50,195,0,2025
复旦大学,医疗管理,1060,不区分院系,300,50,50,150,0,2025
复旦大学,社会医学与卫生事业管理,1074,不区分院系,300,50,50,150,0,2025
复旦大学,公共管理,1252,不区分院系,175,0,50,100,0,2025
复旦大学,旅游管理,1254,不区分院系,151,0,35,70,0,2025
复旦大学,图书情报,1255,不区分院系,225,0,70,140,0,2025
复旦大学,工程管理,1256,不区分院系,162,0,50,100,0,2025
复旦大学,老龄事务管理,1258,不区分院系,335,50,50,90,90,2025
复旦大学,管理学,12,不区分院系,360,55,55,90,90,2025
复旦大学,艺术学,1301,不区分院系,365,55,55,90,90,2025
复旦大学,戏剧与影视,1354,不区分院系,360,60,60,90,90,2025
复旦大学,国家安全学,1402,不区分院系,350,55,55,90,90,2025
复旦大学,文物,1451,不区分院系,335,55,55,90,90,2025
复旦大学,应用伦理,0151,不区分院系,330,50,50,90,90,2026
复旦大学,哲学,01,不区分院系,350,55,55,90,90,2026
复旦大学,金融,0251,不区分院系,380,55,55,90,90,2026
复旦大学,应用统计,0252,不区分院系,380,55,55,90,90,2026
复旦大学,税务,0253,不区分院系,345,55,55,80,80,2026
复旦大学,国际商务,0254,不区分院系,345,55,55,80,80,2026
复旦大学,保险,0255,不区分院系,345,55,55,80,80,2026
复旦大学,资产评估,0256,不区分院系,345,55,55,80,80,2026
复旦大学,数字经济,0258,不区分院系,324,40,40,60,60,2026
复旦大学,经济学,02,不区分院系,360,55,55,90,90,2026
复旦大学,法律（非法学）,035101,法学院,340,55,55,90,90,2026
复旦大学,法律（法学）,035102,法学院,360,55,55,90,90,2026
复旦大学,社会工作,0352,不区分院系,375,55,55,90,90,2026
复旦大学,国际事务,0355,不区分院系,340,55,55,90,90,2026
复旦大学,社会政策,0356,不区分院系,350,55,55,90,90,2026
复旦大学,法学,03,不区分院系,345,55,55,90,90,2026
复旦大学,教育,0451,不区分院系,350,55,55,90,90,2026
复旦大学,国际中文教育,0453,不区分院系,350,55,55,90,90,2026
复旦大学,应用心理,0454,不区分院系,375,55,55,180,180,2026
复旦大学,教育学,04,不区分院系,355,55,55,180,180,2026
复旦大学,翻译,0551,不区分院系,360,55,55,90,90,2026
复旦大学,新闻与传播,0552,不区分院系,370,55,55,90,90,2026
复旦大学,出版,0553,不区分院系,370,55,55,90,90,2026
复旦大学,文学,05,不区分院系,360,55,55,90,90,2026
复旦大学,博物馆,0651,不区分院系,370,55,55,180,180,2026
复旦大学,历史学,06,不区分院系,350,55,55,180,180,2026
复旦大学,气象,0751,不区分院系,300,50,50,75,75,2026
复旦大学,理学,07,不区分院系,300,50,50,75,75,2026
复旦大学,理学,07,上海医学院,300,50,50,75,75,2026
复旦大学,电子信息,0854,不区分院系,300,50,50,75,75,2026
复旦大学,机械,0855,不区分院系,370,50,50,75,75,2026
复旦大学,材料与化工,0856,不区分院系,300,50,50,75,75,2026
复旦大学,资源与环境,0857,不区分院系,300,50,50,75,75,2026
复旦大学,生物与医药,0860,不区分院系,300,50,50,75,75,2026
复旦大学,生物与医药,0860,上海医学院,340,50,50,75,75,2026
复旦大学,工学（不含工学照顾专业）,08,不区分院系,300,50,50,75,75,2026
复旦大学,人体解剖与组织胚胎学,100101,基础医学院,300,50,50,150,0,2026
复旦大学,免疫学,100102,基础医学院,300,50,50,150,0,2026
复旦大学,病原生物学,100103,基础医学院,300,50,50,150,0,2026
复旦大学,病理学与病理生理学,100104,基础医学院,300,50,50,150,0,2026
复旦大学,病理学与病理生理学,100104,临床医学院,300,50,50,150,0,2026
复旦大学,法医学,100105,基础医学院,320,50,50,180,0,2026
复旦大学,医学系统生物学,1001Z3,生物医学研究院,300,50,50,150,108,2026
复旦大学,神经科学与转化,1001Z4,脑科学转化研究院,300,50,50,150,108,2026
复旦大学,内科学,100201,临床医学院,300,50,50,150,0,2026
复旦大学,儿科学,100202,临床医学院,300,50,50,150,0,2026
复旦大学,神经病学,100204,临床医学院,300,50,50,150,0,2026
复旦大学,精神病与精神卫生学,100205,临床医学院,300,50,50,150,0,2026
复旦大学,皮肤病与性病学,100206,临床医学院,300,50,50,150,0,2026
复旦大学,影像医学与核医学,100207,上海市影像医学研究所,300,50,50,150,0,2026
复旦大学,影像医学与核医学,100207,临床医学院,300,50,50,150,0,2026
复旦大学,临床检验诊断学,100208,临床医学院,300,50,50,150,0,2026
复旦大学,外科学,100210,临床医学院,300,50,50,150,0,2026
复旦大学,妇产科学,100211,临床医学院,300,50,50,150,0,2026
复旦大学,眼科学,100212,临床医学院,300,50,50,150,0,2026
复旦大学,耳鼻咽喉科学,100213,临床医学院,300,50,50,150,0,2026
复旦大学,肿瘤学,100214,临床医学院,300,50,50,150,0,2026
复旦大学,康复医学与理疗学,100215,临床医学院,300,50,50,150,0,2026
复旦大学,运动医学,100216,临床医学院,300,50,50,150,0,2026
复旦大学,麻醉学,100217,临床医学院,300,50,50,150,0,2026
复旦大学,急诊医学,100218,临床医学院,300,50,50,150,0,2026
复旦大学,口腔临床医学,100302,临床医学院,300,50,50,150,0,2026
复旦大学,公共卫生与预防医学,100400,公共卫生学院,300,50,50,150,0,2026
复旦大学,流行病与卫生统计学,100401,公共卫生学院,300,50,50,150,0,2026
复旦大学,流行病与卫生统计学,100401,上海市生物医药技术研究院,300,50,50,150,0,2026
复旦大学,劳动卫生与环境卫生学,100402,公共卫生学院,300,50,50,150,0,2026
复旦大学,营养与食品卫生学,100403,公共卫生学院,300,50,50,150,0,2026
复旦大学,卫生毒理学,100405,公共卫生学院,300,50,50,150,0,2026
复旦大学,健康教育与健康促进,1004Z1,公共卫生学院,300,50,50,150,108,2026
复旦大学,中西医结合基础,100601,基础医学院,300,50,50,150,0,2026
复旦大学,中西医结合临床,100602,临床医学院,300,50,50,150,0,2026
复旦大学,药学,100700,药学院,300,50,50,150,0,2026
复旦大学,药理学,100706,基础医学院,300,50,50,150,0,2026
复旦大学,药理学,100706,上海市生物医药技术研究院,300,50,50,150,0,2026
复旦大学,临床药学,1007Z1,临床医学院,300,50,50,150,108,2026
复旦大学,护理学,101100,护理学院,300,50,50,150,0,2026
复旦大学,内科学,105101,临床医学院,320,50,50,180,0,2026
复旦大学,儿科学,105102,临床医学院,320,50,50,180,0,2026
复旦大学,神经病学,105104,临床医学院,320,50,50,180,0,2026
复旦大学,皮肤病与性病学,105106,临床医学院,320,50,50,180,0,2026
复旦大学,急诊医学,105107,临床医学院,320,50,50,180,0,2026
复旦大学,重症医学,105108,临床医学院,320,50,50,180,0,2026
复旦大学,全科医学,105109,临床医学院,320,50,50,180,0,2026
复旦大学,康复医学与理疗学,105110,临床医学院,320,50,50,180,0,2026
复旦大学,外科学,105111,临床医学院,320,50,50,180,0,2026
复旦大学,儿外科学,105112,临床医学院,320,50,50,180,0,2026
复旦大学,妇产科学,105115,临床医学院,320,50,50,180,0,2026
复旦大学,眼科学,105116,临床医学院,320,50,50,180,0,2026
复旦大学,耳鼻咽喉科学,105117,临床医学院,320,50,50,180,0,2026
复旦大学,麻醉学,105118,临床医学院,320,50,50,180,0,2026
复旦大学,临床病理,105119,临床医学院,320,50,50,180,0,2026
复旦大学,临床检验诊断学,105120,临床医学院,320,50,50,180,0,2026
复旦大学,放射肿瘤学,105122,临床医学院,320,50,50,180,0,2026
复旦大学,放射影像学,105123,临床医学院,320,50,50,180,0,2026
复旦大学,超声医学,105124,临床医学院,320,50,50,180,0,2026
复旦大学,核医学,105125,临床医学院,320,50,50,180,0,2026
复旦大学,口腔医学,105200,临床医学院,340,55,55,220,0,2026
复旦大学,公共卫生,105300,公共卫生学院,300,50,50,170,0,2026
复旦大学,护理,105400,护理学院,330,50,50,200,0,2026
复旦大学,药学,105500,药学院,310,50,50,180,0,2026
复旦大学,医疗管理,1060S1,公共卫生学院,300,50,50,170,0,2026
复旦大学,社会医学与卫生事业管理,107401,公共卫生学院,300,50,50,150,0,2026
复旦大学,临床医学,1051,上海医学院,320,50,50,180,0,2026
复旦大学,口腔医学,1052,上海医学院,340,55,55,220,0,2026
复旦大学,公共卫生,1053,上海医学院,300,50,50,170,0,2026
复旦大学,护理,1054,上海医学院,330,50,50,200,0,2026
复旦大学,药学,1055,上海医学院,310,50,50,180,0,2026
复旦大学,医疗管理,1060,上海医学院,300,50,50,170,0,2026
复旦大学,医学,10,上海医学院,300,50,50,150,0,2026
复旦大学,技术转移,1259S1,国际金融学院,332,41,41,62,62,2026
复旦大学,工商管理,1251,不区分院系,146,35,35,70,70,2026
复旦大学,公共管理,1252,不区分院系,180,50,50,100,100,2026
复旦大学,会计,1253,不区分院系,199,51,51,102,102,2026
复旦大学,旅游管理,1254,不区分院系,151,35,35,70,70,2026
复旦大学,图书情报,1255,不区分院系,245,70,70,140,140,2026
复旦大学,工程管理,1256,不区分院系,166,39,39,78,78,2026
复旦大学,老龄事务管理,1258,不区分院系,365,50,50,90,90,2026
复旦大学,管理学,12,不区分院系,380,55,55,90,90,2026
复旦大学,戏剧与影视,1354,不区分院系,370,55,55,90,90,2026
复旦大学,艺术学,13,不区分院系,360,55,55,90,90,2026
复旦大学,文物,1451,不区分院系,345,55,55,90,90,2026
复旦大学,交叉学科,14,不区分院系,345,55,55,90,90,2026
南京大学,哲学,01,不区分院系,340,50,50,90,90,2023
南京大学,金融,0251,商学院,346,48,48,72,72,2023
南京大学,金融,0251,工程管理学院,410,60,60,90,90,2023
南京大学,应用统计,0252,不区分院系,370,55,55,85,85,2023
南京大学,国际商务,0254,不区分院系,385,60,60,90,90,2023
南京大学,审计,0257,不区分院系,200,0,55,110,0,2023
南京大学,经济学,02,不区分院系,370,60,60,90,90,2023
南京大学,法律（非法学）,035101,不区分院系,340,60,60,90,90,2023
南京大学,法律（法学）,035102,不区分院系,340,60,60,90,90,2023
南京大学,社会工作,0352,不区分院系,355,60,60,90,90,2023
南京大学,法学,03,不区分院系,350,50,50,90,90,2023
南京大学,体育学,0401Z1,不区分院系,350,50,50,180,0,2023
南京大学,教育,0451,不区分院系,365,60,60,90,90,2023
南京大学,汉语国际教育,0453,不区分院系,355,55,55,90,90,2023
南京大学,应用心理,0454,不区分院系,370,55,55,180,0,2023
南京大学,教育学（不含体育学）,04,不区分院系,355,60,60,180,0,2023
南京大学,翻译,0551,不区分院系,365,60,60,90,90,2023
南京大学,新闻与传播,0552,不区分院系,365,55,55,90,90,2023
南京大学,出版,0553,不区分院系,380,60,60,90,90,2023
南京大学,文学,05,不区分院系,365,60,60,90,90,2023
南京大学,文物与博物馆,0651,不区分院系,350,55,55,180,0,2023
南京大学,历史学,06,不区分院系,360,50,50,180,0,2023
南京大学,理学,07,不区分院系,290,50,50,75,75,2023
南京大学,地质资源与地质工程,0818,不区分院系,285,40,40,70,70,2023
南京大学,建筑学,0851,不区分院系,340,55,55,90,90,2023
南京大学,城市规划,0853,不区分院系,335,55,55,90,90,2023
南京大学,电子信息,0854,不区分院系,320,55,55,85,85,2023
南京大学,材料与化工,0856,不区分院系,305,50,50,75,75,2023
南京大学,资源与环境,0857,不区分院系,320,55,55,85,85,2023
南京大学,生物与医药,0860,不区分院系,295,50,50,70,70,2023
南京大学,工学（不含工学照顾专业）,08,不区分院系,300,50,50,75,75,2023
南京大学,临床医学,1051,不区分院系,355,55,55,180,0,2023
南京大学,口腔医学,1052,不区分院系,350,60,60,180,0,2023
南京大学,护理,1054,不区分院系,315,60,60,180,0,2023
南京大学,医学（不含中医类照顾专业）,10,不区分院系,305,50,50,180,0,2023
南京大学,工商管理,1251,不区分院系,167,0,41,82,0,2023
南京大学,公共管理,1252,不区分院系,190,0,50,105,0,2023
南京大学,会计,1253,不区分院系,197,0,51,102,0,2023
南京大学,图书情报,1255,不区分院系,244,0,55,110,0,2023
南京大学,工程管理,1256,不区分院系,192,0,50,95,0,2023
南京大学,管理学,12,不区分院系,355,60,60,90,90,2023
南京大学,艺术,1351,不区分院系,362,45,45,90,90,2023
南京大学,艺术学,13,不区分院系,365,50,50,90,90,2023
南京大学,交叉学科,14,不区分院系,310,50,50,70,70,2023
南京大学,哲学,01,不区分院系,360,60,60,90,90,2024
南京大学,金融,0251,不区分院系,360,60,60,90,90,2024
南京大学,应用统计,0252,不区分院系,370,55,55,85,85,2024
南京大学,国际商务,0254,不区分院系,370,60,60,90,90,2024
南京大学,经济学,02,不区分院系,365,60,60,90,90,2024
南京大学,法律（非法学）,035101,法学院,350,60,60,90,90,2024
南京大学,法律（法学）,035102,法学院,350,60,60,90,90,2024
南京大学,社会工作,0352,不区分院系,365,60,60,90,90,2024
南京大学,法学,03,不区分院系,340,50,50,90,90,2024
南京大学,体育教育与训练学,0401Z1,体育科学研究所,350,60,60,180,153,2024
南京大学,教育,0451,不区分院系,370,60,60,90,90,2024
南京大学,国际中文教育,0453,不区分院系,370,60,60,90,90,2024
南京大学,应用心理,0454,不区分院系,365,55,55,180,0,2024
南京大学,教育学（不含体育学）,04,不区分院系,360,60,60,180,0,2024
南京大学,翻译,0551,不区分院系,365,60,60,90,90,2024
南京大学,新闻与传播,0552,不区分院系,370,60,60,90,90,2024
南京大学,出版,0553,不区分院系,375,60,60,90,90,2024
南京大学,文学,05,不区分院系,365,60,60,90,90,2024
南京大学,博物馆,0651,不区分院系,345,55,55,180,0,2024
南京大学,历史学,06,不区分院系,350,50,50,180,0,2024
南京大学,理学,07,不区分院系,290,50,50,75,75,2024
南京大学,矿产普查与勘探,081801,地球科学与工程学院,290,40,40,60,60,2024
南京大学,地球探测与信息技术,081802,地球科学与工程学院,290,40,40,60,60,2024
南京大学,地球探测与信息技术,081802,空间地球科学研究院,290,40,40,60,60,2024
南京大学,地质工程,081803,地球科学与工程学院,290,40,40,60,60,2024
南京大学,建筑,0851,不区分院系,345,55,55,90,90,2024
南京大学,城乡规划,0853,不区分院系,345,55,55,90,90,2024
南京大学,电子信息,0854,不区分院系,315,55,55,85,85,2024
南京大学,材料与化工,0856,不区分院系,305,50,50,75,75,2024
南京大学,资源与环境,0857,不区分院系,290,45,45,65,65,2024
南京大学,生物与医药,0860,不区分院系,300,50,50,70,70,2024
南京大学,工学（不含工学照顾专业）,08,不区分院系,305,50,50,75,75,2024
南京大学,临床医学,1051,不区分院系,365,60,60,180,0,2024
南京大学,口腔医学,1052,不区分院系,390,60,60,180,0,2024
南京大学,护理,1054,不区分院系,330,60,60,180,0,2024
南京大学,医学（不含中医类照顾专业）,10,不区分院系,315,50,50,180,0,2024
南京大学,工商管理,1251,不区分院系,162,0,39,78,0,2024
南京大学,公共管理,1252,不区分院系,190,0,50,105,0,2024
南京大学,会计,1253,不区分院系,201,0,52,104,0,2024
南京大学,图书情报,1255,不区分院系,245,0,55,110,0,2024
南京大学,工程管理,1256,不区分院系,176,0,43,86,0,2024
南京大学,审计,1257,不区分院系,201,0,52,104,0,2024
南京大学,管理学,12,不区分院系,360,60,60,90,90,2024
南京大学,戏剧与影视,1354,不区分院系,380,60,60,90,90,2024
南京大学,美术与书法,1356,不区分院系,375,45,45,90,90,2024
南京大学,艺术学,13,不区分院系,370,50,50,90,90,2024
南京大学,文物,1451,不区分院系,320,55,55,90,90,2024
南京大学,交叉学科,14,不区分院系,285,40,40,60,60,2024
南京大学,哲学,01,不区分院系,350,60,60,90,90,2025
南京大学,金融,0251,不区分院系,375,60,60,90,90,2025
南京大学,应用统计,0252,不区分院系,355,55,55,85,85,2025
南京大学,国际商务,0254,不区分院系,370,60,60,90,90,2025
南京大学,经济学,02,不区分院系,350,60,60,90,90,2025
南京大学,法律（非法学）,035101,法学院,355,60,60,90,90,2025
南京大学,法律（法学）,035102,法学院,355,60,60,90,90,2025
南京大学,社会工作,0352,不区分院系,365,60,60,90,90,2025
南京大学,法学,03,不区分院系,340,50,50,90,90,2025
南京大学,体育教育与训练学,0401Z1,体育科学研究所,350,55,55,180,135,2025
南京大学,教育,0451,不区分院系,341,45,45,70,70,2025
南京大学,国际中文教育,0453,不区分院系,341,50,50,75,75,2025
南京大学,应用心理,0454,不区分院系,345,55,55,180,0,2025
南京大学,教育学（不含体育学）,04,不区分院系,345,60,60,180,0,2025
南京大学,翻译,0551,不区分院系,360,60,60,90,90,2025
南京大学,新闻与传播,0552,不区分院系,380,60,60,90,90,2025
南京大学,出版,0553,不区分院系,351,60,60,90,90,2025
南京大学,文学,05,不区分院系,365,55,55,90,90,2025
南京大学,博物馆,0651,不区分院系,350,55,55,180,0,2025
南京大学,历史学,06,不区分院系,355,50,50,180,0,2025
南京大学,理学,07,不区分院系,290,50,50,75,75,2025
南京大学,地质资源与地质工程,0818,不区分院系,295,40,40,60,60,2025
南京大学,建筑,0851,不区分院系,320,55,55,90,90,2025
南京大学,城乡规划,0853,不区分院系,330,55,55,90,90,2025
南京大学,电子信息,0854,不区分院系,315,55,55,85,85,2025
南京大学,材料与化工,0856,不区分院系,280,45,45,70,70,2025
南京大学,资源与环境,0857,不区分院系,275,45,45,65,65,2025
南京大学,生物与医药,0860,不区分院系,295,50,50,70,70,2025
南京大学,工学（不含工学照顾专业）,08,不区分院系,305,50,50,75,75,2025
南京大学,临床医学,1051,不区分院系,370,60,60,180,0,2025
南京大学,口腔医学,1052,不区分院系,340,60,60,180,0,2025
南京大学,护理,1054,不区分院系,310,50,50,180,0,2025
南京大学,医学（不含中医类照顾专业）,10,不区分院系,293,45,45,160,0,2025
南京大学,工商管理,1251,不区分院系,151,0,35,70,0,2025
南京大学,公共管理,1252,不区分院系,190,0,50,105,0,2025
南京大学,会计,1253,不区分院系,194,0,48,96,0,2025
南京大学,图书情报,1255,不区分院系,238,0,55,110,0,2025
南京大学,工程管理,1256,不区分院系,162,0,38,76,0,2025
南京大学,审计,1257,不区分院系,194,0,48,96,0,2025
南京大学,管理学,12,不区分院系,340,55,55,85,85,2025
南京大学,戏剧与影视,1354,不区分院系,370,50,50,90,90,2025
南京大学,美术与书法,1356,不区分院系,375,45,45,90,90,2025
南京大学,艺术学,13,不区分院系,355,45,45,90,90,2025
南京大学,文物,1451,不区分院系,350,55,55,90,90,2025
南京大学,交叉学科,14,不区分院系,280,40,40,60,60,2025
南京大学,应用伦理,0151,不区分院系,326,41,41,62,62,2026
南京大学,哲学,01,不区分院系,360,55,55,90,90,2026
南京大学,金融,0251,不区分院系,325,55,55,85,85,2026
南京大学,应用统计,0252,不区分院系,400,60,60,90,90,2026
南京大学,国际商务,0254,不区分院系,375,60,60,90,90,2026
南京大学,经济学,02,不区分院系,360,55,55,90,90,2026
南京大学,法律（非法学）,035101,法学院,350,60,60,90,90,2026
南京大学,法律（法学）,035102,法学院,350,60,60,90,90,2026
南京大学,社会工作,0352,不区分院系,365,60,60,90,90,2026
南京大学,法学,03,不区分院系,335,50,50,90,90,2026
南京大学,体育教育与训练学,0401Z1,体育科学研究所,347,50,50,180,144,2026
南京大学,教育,0451,不区分院系,347,48,48,72,72,2026
南京大学,国际中文教育,0453,不区分院系,350,50,50,75,75,2026
南京大学,应用心理,0454,不区分院系,360,60,60,180,0,2026
南京大学,教育学,04,不区分院系,347,50,50,180,0,2026
南京大学,翻译,0551,不区分院系,360,55,55,90,90,2026
南京大学,新闻与传播,0552,不区分院系,389,60,60,90,90,2026
南京大学,出版,0553,不区分院系,360,60,60,90,90,2026
南京大学,文学,05,不区分院系,360,50,50,90,90,2026
南京大学,博物馆,0651,不区分院系,350,55,55,180,0,2026
南京大学,历史学,06,不区分院系,355,50,50,180,0,2026
南京大学,理学,07,不区分院系,290,50,50,75,75,2026
南京大学,地质资源与地质工程,0818,不区分院系,290,50,50,75,75,2026
南京大学,建筑,0851,不区分院系,340,60,60,90,90,2026
南京大学,城乡规划,0853,不区分院系,340,55,55,90,90,2026
南京大学,电子信息,0854,不区分院系,320,55,55,85,85,2026
南京大学,材料与化工,0856,不区分院系,285,50,50,75,75,2026
南京大学,资源与环境,0857,不区分院系,280,50,50,70,70,2026
南京大学,生物与医药,0860,不区分院系,264,35,35,53,53,2026
南京大学,工学（不含工学照顾专业）,08,不区分院系,295,50,50,75,75,2026
南京大学,临床医学,1051,不区分院系,360,55,55,180,0,2026
南京大学,口腔医学,1052,不区分院系,370,55,55,180,0,2026
南京大学,护理,1054,不区分院系,310,50,50,180,0,2026
南京大学,医学,10,不区分院系,300,50,50,180,0,2026
南京大学,工商管理,1251,不区分院系,146,0,35,70,0,2026
南京大学,公共管理,1252,不区分院系,190,0,50,105,0,2026
南京大学,会计,1253,不区分院系,199,0,51,102,0,2026
南京大学,图书情报,1255,不区分院系,254,0,60,120,0,2026
南京大学,工程管理,1256,不区分院系,166,0,39,78,0,2026
南京大学,审计,1257,不区分院系,199,0,51,102,0,2026
南京大学,管理学,12,不区分院系,350,55,55,90,90,2026
南京大学,戏剧与影视,1354,不区分院系,385,50,50,90,90,2026
南京大学,美术与书法,1356,不区分院系,375,45,45,90,90,2026
南京大学,艺术学,13,不区分院系,360,50,50,90,90,2026
南京大学,文物,1451,不区分院系,365,60,60,90,90,2026
南京大学,交叉学科,14,不区分院系,280,50,50,75,75,2026
中国科学技术大学,哲学,010100,人文与社会科学学院,360,60,60,90,90,2023
中国科学技术大学,哲学,010100,马克思主义学院,355,60,60,90,90,2023
中国科学技术大学,哲学,01,不区分院系,355,60,60,90,90,2023
中国科学技术大学,金融,025100,管理学院,390,60,60,95,95,2023
中国科学技术大学,应用统计,025200,管理学院,380,60,60,95,95,2023
中国科学技术大学,马克思主义理论,030500,马克思主义学院,355,60,60,90,90,2023
中国科学技术大学,法律（非法学）,035101,公共事务学院,355,60,60,95,95,2023
中国科学技术大学,法学,03,不区分院系,355,60,60,90,90,2023
中国科学技术大学,新闻与传播,055200,人文与社会科学学院,375,55,55,90,90,2023
中国科学技术大学,文学,05,不区分院系,375,55,55,90,90,2023
中国科学技术大学,考古学,060100,人文与社会科学学院,355,55,55,220,0,2023
中国科学技术大学,文物与博物馆,065100,人文与社会科学学院,384,55,55,230,0,2023
中国科学技术大学,历史学,06,不区分院系,355,55,55,220,0,2023
中国科学技术大学,数学,070100,数学科学学院,375,50,50,90,90,2023
中国科学技术大学,数据科学,0701J1,大数据学院,310,60,50,90,90,2023
中国科学技术大学,物理学,070200,物理学院,310,50,50,80,80,2023
中国科学技术大学,物理学,070200,核科学技术学院,310,50,50,80,80,2023
中国科学技术大学,物理学,070200,环境科学与光电技术学院,310,50,50,80,80,2023
中国科学技术大学,物理学,070200,国家同步辐射实验室,310,50,50,80,80,2023
中国科学技术大学,物理学,070200,合肥微尺度物质科学国家研究中心,310,50,50,80,80,2023
中国科学技术大学,物理学,070200,稀土学院（赣江创新院）,310,50,50,80,80,2023
中国科学技术大学,等离子体物理,070204,研究生院科学岛分院,310,50,50,80,80,2023
中国科学技术大学,凝聚态物理,070205,研究生院科学岛分院,310,50,50,80,80,2023
中国科学技术大学,凝聚态物理,070205,研究生院科学岛分院,310,50,50,80,80,2023
中国科学技术大学,光学,070207,研究生院科学岛分院,310,50,50,80,80,2023
中国科学技术大学,化学,070300,化学与材料科学学院,310,50,50,80,80,2023
中国科学技术大学,化学,070300,化学与材料科学学院,310,50,50,80,80,2023
中国科学技术大学,化学,070300,化学与材料科学学院,340,50,50,80,80,2023
中国科学技术大学,化学,070300,化学与材料科学学院,330,50,50,80,80,2023
中国科学技术大学,化学,070300,化学与材料科学学院,310,50,50,80,80,2023
中国科学技术大学,化学,070300,化学与材料科学学院,310,50,50,80,80,2023
中国科学技术大学,化学,070300,化学与材料科学学院,310,50,50,80,80,2023
中国科学技术大学,化学,070300,国家同步辐射实验室,310,50,50,80,80,2023
中国科学技术大学,化学,070300,合肥微尺度物质科学国家研究中心,330,50,50,80,80,2023
中国科学技术大学,化学,070300,纳米技术与纳米仿生学院（苏州纳米所）,310,50,50,80,80,2023
中国科学技术大学,化学,070300,应用化学与工程学院（长春应化所）,310,50,50,80,80,2023
中国科学技术大学,化学,070300,应用化学与工程学院（长春应化所）,330,55,55,90,90,2023
中国科学技术大学,化学,070300,应用化学与工程学院（长春应化所）,335,55,55,80,80,2023
中国科学技术大学,化学,070300,应用化学与工程学院（长春应化所）,310,50,50,80,80,2023
中国科学技术大学,化学,070300,应用化学与工程学院（长春应化所）,310,50,50,80,80,2023
中国科学技术大学,化学,070300,稀土学院（赣江创新院）,310,50,50,80,80,2023
中国科学技术大学,化学生物学,0703Z2,化学与材料科学学院,310,50,50,80,80,2023
中国科学技术大学,能源化学,0703Z4,化学与材料科学学院,310,50,50,80,80,2023
中国科学技术大学,天文学,070400,物理学院,310,50,50,80,80,2023
中国科学技术大学,天文学,070400,天文与空间科学学院（紫金山天文台）,310,50,50,80,80,2023
中国科学技术大学,天文学,070400,天文与空间科学学院（紫金山天文台）,310,50,50,80,80,2023
中国科学技术大学,天文学,070400,天文与空间科学学院（紫金山天文台）,310,50,50,80,80,2023
中国科学技术大学,天文学,070400,天文与空间科学学院（紫金山天文台）,310,50,50,80,80,2023
中国科学技术大学,天文学,070400,南京天文仪器研制中心,310,50,50,80,80,2023
中国科学技术大学,大气科学,070600,地球和空间科学学院,310,55,55,80,80,2023
中国科学技术大学,大气科学,070600,地球和空间科学学院,310,55,55,80,80,2023
中国科学技术大学,地球物理学,070800,地球和空间科学学院,310,55,55,85,85,2023
中国科学技术大学,地球物理学,070800,地球和空间科学学院,310,55,55,85,85,2023
中国科学技术大学,地质学,070900,地球和空间科学学院,330,55,55,90,90,2023
中国科学技术大学,地质学,070900,能源科学与技术学院（广州能源所）,310,50,50,80,80,2023
中国科学技术大学,生物学,071000,合肥微尺度物质科学国家研究中心,330,55,55,85,85,2023
中国科学技术大学,生物学,071000,合肥微尺度物质科学国家研究中心,325,50,50,80,80,2023
中国科学技术大学,生物学,071000,生命科学与医学部,330,55,55,85,85,2023
中国科学技术大学,生物学,071000,生命科学与医学部,325,50,50,80,80,2023
中国科学技术大学,生物学,071000,纳米技术与纳米仿生学院（苏州纳米所）,310,50,50,80,80,2023
中国科学技术大学,生物学,071000,生物医学工程学院（苏州医工所）,330,50,50,80,80,2023
中国科学技术大学,生物物理学,071011,研究生院科学岛分院,310,50,50,80,80,2023
中国科学技术大学,生物物理学,071011,研究生院科学岛分院,310,50,50,80,80,2023
中国科学技术大学,生物物理学,071011,研究生院科学岛分院,310,50,50,80,80,2023
中国科学技术大学,科学技术史,071200,人文与社会科学学院,370,55,55,95,95,2023
中国科学技术大学,统计学,071400,管理学院,380,55,55,110,110,2023
中国科学技术大学,统计学,071400,管理学院,375,55,55,110,110,2023
中国科学技术大学,数据科学,0714J1,大数据学院,360,60,50,90,90,2023
中国科学技术大学,理学,07,不区分院系,310,50,50,80,80,2023
中国科学技术大学,力学,080100,工程科学学院,310,50,50,80,80,2023
中国科学技术大学,机械工程,080200,工程科学学院,320,50,50,80,80,2023
中国科学技术大学,机械电子工程,080202,生物医学工程学院（苏州医工所）,310,50,50,80,80,2023
中国科学技术大学,光学工程,080300,物理学院,310,50,50,80,80,2023
中国科学技术大学,光学工程,080300,国家同步辐射实验室,310,50,50,80,80,2023
中国科学技术大学,光学工程,080300,研究生院科学岛分院,310,50,50,80,80,2023
中国科学技术大学,光学工程,080300,生物医学工程学院（苏州医工所）,310,50,50,80,80,2023
中国科学技术大学,仪器科学与技术,080400,工程科学学院,320,50,50,80,80,2023
中国科学技术大学,精密仪器及机械,080401,研究生院科学岛分院,310,50,50,80,80,2023
中国科学技术大学,材料科学与工程,080500,化学与材料科学学院,310,50,50,80,80,2023
中国科学技术大学,材料科学与工程,080500,化学与材料科学学院,330,50,50,80,80,2023
中国科学技术大学,材料科学与工程,080500,国家同步辐射实验室,310,50,50,80,80,2023
中国科学技术大学,材料科学与工程,080500,纳米技术与纳米仿生学院（苏州纳米所）,310,50,50,80,80,2023
中国科学技术大学,材料科学与工程,080500,能源科学与技术学院（广州能源所）,310,50,50,80,80,2023
中国科学技术大学,材料科学与工程,080500,稀土学院（赣江创新院）,310,50,50,80,80,2023
中国科学技术大学,材料物理与化学,080501,研究生院科学岛分院,310,50,50,80,80,2023
中国科学技术大学,材料物理与化学,080501,研究生院科学岛分院,310,50,50,80,80,2023
中国科学技术大学,材料物理与化学,080501,材料科学与工程学院（金属研究所）,310,50,50,80,80,2023
中国科学技术大学,材料学,080502,材料科学与工程学院（金属研究所）,310,50,50,80,80,2023
中国科学技术大学,材料加工工程,080503,材料科学与工程学院（金属研究所）,310,50,50,80,80,2023
中国科学技术大学,腐蚀科学与防护,0805Z1,材料科学与工程学院（金属研究所）,310,50,50,80,80,2023
中国科学技术大学,动力工程及工程热物理,080700,工程科学学院,320,50,50,80,80,2023
中国科学技术大学,动力工程及工程热物理,080700,能源科学与技术学院（广州能源所）,310,50,50,80,80,2023
中国科学技术大学,动力工程及工程热物理,080700,能源科学与技术学院（广州能源所）,310,50,50,80,80,2023
中国科学技术大学,动力工程及工程热物理,080700,能源科学与技术学院（广州能源所）,310,50,50,80,80,2023
中国科学技术大学,制冷及低温工程,080705,研究生院科学岛分院,310,50,50,80,80,2023
中国科学技术大学,电子科学与技术,080900,物理学院,310,50,50,80,80,2023
中国科学技术大学,电子科学与技术,080900,物理学院,310,50,50,80,80,2023
中国科学技术大学,电子科学与技术,080900,信息科学技术学院,320,50,50,80,80,2023
中国科学技术大学,电子科学与技术,080900,微电子学院,310,50,50,80,80,2023
中国科学技术大学,电子科学与技术,080900,微电子学院,350,50,50,80,80,2023
中国科学技术大学,电子科学与技术,080900,纳米技术与纳米仿生学院（苏州纳米所）,310,50,50,80,80,2023
中国科学技术大学,信息与通信工程,081000,信息科学技术学院,320,50,50,80,80,2023
中国科学技术大学,数据科学,0810J1,大数据学院,310,60,50,90,80,2023
中国科学技术大学,控制科学与工程,081100,信息科学技术学院,320,50,50,80,80,2023
中国科学技术大学,检测技术与自动化装置,081102,研究生院科学岛分院,310,50,50,80,80,2023
中国科学技术大学,检测技术与自动化装置,081102,研究生院科学岛分院,310,50,50,80,80,2023
中国科学技术大学,模式识别与智能系统,081104,研究生院科学岛分院,310,50,50,80,80,2023
中国科学技术大学,计算机科学与技术,081200,计算机科学与技术学院,345,55,55,95,95,2023
中国科学技术大学,计算机应用技术,081203,研究生院科学岛分院,310,50,50,80,80,2023
中国科学技术大学,数据科学,0812J1,大数据学院,310,60,50,90,90,2023
中国科学技术大学,化学工程与技术,081700,化学与材料科学学院,320,50,50,80,80,2023
中国科学技术大学,化学工程与技术,081700,应用化学与工程学院（长春应化所）,310,50,50,80,80,2023
中国科学技术大学,化学工程与技术,081700,应用化学与工程学院（长春应化所）,310,55,55,90,90,2023
中国科学技术大学,化学工程与技术,081700,应用化学与工程学院（长春应化所）,310,50,50,80,80,2023
中国科学技术大学,化学工程与技术,081700,能源科学与技术学院（广州能源所）,310,50,50,80,80,2023
中国科学技术大学,核科学与技术,082700,核科学技术学院,310,50,50,80,80,2023
中国科学技术大学,核科学与技术,082700,核科学技术学院,310,50,50,80,80,2023
中国科学技术大学,核科学与技术,082700,国家同步辐射实验室,310,50,50,80,80,2023
中国科学技术大学,核科学与技术,082700,研究生院科学岛分院,310,50,50,80,80,2023
中国科学技术大学,核科学与技术,082700,研究生院科学岛分院,310,50,50,80,80,2023
中国科学技术大学,环境科学与工程,083000,环境科学与光电技术学院,310,50,50,80,80,2023
中国科学技术大学,环境科学与工程,083000,环境科学与工程系,350,55,55,80,80,2023
中国科学技术大学,环境科学与工程,083000,环境科学与工程系,350,55,55,80,80,2023
中国科学技术大学,环境科学与工程,083000,环境科学与工程系,350,55,55,80,80,2023
中国科学技术大学,环境科学与工程,083000,研究生院科学岛分院,310,50,50,80,80,2023
中国科学技术大学,环境科学与工程,083000,能源科学与技术学院（广州能源所）,310,50,50,80,80,2023
中国科学技术大学,环境科学与工程,083000,稀土学院（赣江创新院）,310,50,50,80,80,2023
中国科学技术大学,生物医学工程,083100,生物医学工程学院（苏州医工所）,310,50,50,80,80,2023
中国科学技术大学,软件工程,083500,软件学院,310,50,50,80,80,2023
中国科学技术大学,安全科学与工程,083700,火灾科学国家重点实验室,348,58,58,95,95,2023
中国科学技术大学,网络空间安全,083900,网络空间安全学院,330,50,50,80,80,2023
中国科学技术大学,电子信息,085400,物理学院,300,50,50,70,70,2023
中国科学技术大学,电子信息,085400,工程科学学院,300,50,50,70,70,2023
中国科学技术大学,电子信息,085400,信息科学技术学院,320,50,50,70,70,2023
中国科学技术大学,电子信息,085400,信息科学技术学院,300,50,50,70,70,2023
中国科学技术大学,电子信息,085400,计算机科学与技术学院,360,55,60,100,100,2023
中国科学技术大学,电子信息,085400,先进技术研究院,319,50,50,70,70,2023
中国科学技术大学,电子信息,085400,先进技术研究院,301,50,50,70,70,2023
中国科学技术大学,电子信息,085400,先进技术研究院,304,50,50,70,70,2023
中国科学技术大学,电子信息,085400,先进技术研究院,300,50,50,70,70,2023
中国科学技术大学,电子信息,085400,先进技术研究院,316,50,50,70,70,2023
中国科学技术大学,电子信息,085400,先进技术研究院,347,50,50,70,70,2023
中国科学技术大学,电子信息,085400,微电子学院,300,50,50,70,70,2023
中国科学技术大学,电子信息,085400,微电子学院,330,50,50,70,70,2023
中国科学技术大学,电子信息,085400,网络空间安全学院,325,50,50,80,80,2023
中国科学技术大学,电子信息,085400,大数据学院,345,50,50,90,90,2023
中国科学技术大学,电子信息,085400,大数据学院,340,50,50,90,90,2023
中国科学技术大学,电子信息,085400,生命科学与医学部,300,50,50,70,70,2023
中国科学技术大学,电子信息,085400,生命科学与医学部,308,50,50,70,70,2023
中国科学技术大学,电子信息,085400,生命科学与医学部,300,50,50,70,70,2023
中国科学技术大学,电子信息,085400,研究生院科学岛分院,335,50,50,70,70,2023
中国科学技术大学,电子信息,085400,研究生院科学岛分院,300,50,50,70,70,2023
中国科学技术大学,电子信息,085400,研究生院科学岛分院,300,50,50,70,70,2023
中国科学技术大学,电子信息,085400,研究生院科学岛分院,345,50,50,70,70,2023
中国科学技术大学,电子信息,085400,研究生院科学岛分院,300,50,50,70,70,2023
中国科学技术大学,电子信息,085400,纳米技术与纳米仿生学院（苏州纳米所）,300,50,50,70,70,2023
中国科学技术大学,电子信息,085400,生物医学工程学院（苏州医工所）,300,50,50,70,70,2023
中国科学技术大学,机械,085500,工程科学学院,355,50,50,80,80,2023
中国科学技术大学,机械,085500,研究生院科学岛分院,355,50,50,70,70,2023
中国科学技术大学,机械,085500,研究生院科学岛分院,345,50,50,70,70,2023
中国科学技术大学,机械,085500,研究生院科学岛分院,343,50,50,70,70,2023
中国科学技术大学,机械,085500,生物医学工程学院（苏州医工所）,300,50,50,70,70,2023
中国科学技术大学,材料与化工,085600,先进技术研究院,306,50,50,70,70,2023
中国科学技术大学,材料与化工,085600,先进技术研究院,300,50,50,70,70,2023
中国科学技术大学,材料与化工,085600,纳米学院,320,50,50,70,70,2023
中国科学技术大学,材料与化工,085600,纳米学院,300,50,50,70,70,2023
中国科学技术大学,材料与化工,085600,研究生院科学岛分院,300,50,50,70,70,2023
中国科学技术大学,材料与化工,085600,研究生院科学岛分院,300,50,50,70,70,2023
中国科学技术大学,材料与化工,085600,材料科学与工程学院（金属研究所）,300,50,50,70,70,2023
中国科学技术大学,材料与化工,085600,纳米技术与纳米仿生学院（苏州纳米所）,300,50,50,70,70,2023
中国科学技术大学,材料与化工,085600,应用化学与工程学院（长春应化所）,300,50,50,70,70,2023
中国科学技术大学,材料与化工,085600,应用化学与工程学院（长春应化所）,300,50,50,70,70,2023
中国科学技术大学,材料与化工,085600,能源科学与技术学院（广州能源所）,300,50,50,70,70,2023
中国科学技术大学,材料与化工,085600,稀土学院（赣江创新院）,300,50,50,70,70,2023
中国科学技术大学,资源与环境,085700,地球和空间科学学院,300,50,50,70,70,2023
中国科学技术大学,资源与环境,085700,地球和空间科学学院,300,50,50,70,70,2023
中国科学技术大学,资源与环境,085700,环境科学与光电技术学院,300,50,50,70,70,2023
中国科学技术大学,资源与环境,085700,火灾科学国家重点实验室,273,38,38,57,57,2023
中国科学技术大学,资源与环境,085700,环境科学与工程系,320,50,50,80,80,2023
中国科学技术大学,资源与环境,085700,研究生院科学岛分院,300,50,50,70,70,2023
中国科学技术大学,资源与环境,085700,稀土学院（赣江创新院）,300,50,50,70,70,2023
中国科学技术大学,能源动力,085800,工程科学学院,340,50,50,80,80,2023
中国科学技术大学,能源动力,085800,核科学技术学院,300,50,50,70,70,2023
中国科学技术大学,能源动力,085800,国家同步辐射实验室,300,50,50,70,70,2023
中国科学技术大学,能源动力,085800,研究生院科学岛分院,340,50,50,70,70,2023
中国科学技术大学,能源动力,085800,研究生院科学岛分院,300,50,50,70,70,2023
中国科学技术大学,能源动力,085800,研究生院科学岛分院,300,50,50,70,70,2023
中国科学技术大学,能源动力,085800,能源科学与技术学院（广州能源所）,300,50,50,70,70,2023
中国科学技术大学,能源动力,085800,能源科学与技术学院（广州能源所）,300,50,50,70,70,2023
中国科学技术大学,能源动力,085800,能源科学与技术学院（广州能源所）,300,50,50,70,70,2023
中国科学技术大学,生物与医药,086000,先进技术研究院,300,50,50,70,70,2023
中国科学技术大学,生物与医药,086000,生命科学与医学部,325,50,50,85,85,2023
中国科学技术大学,生物与医药,086000,研究生院科学岛分院,300,50,50,70,70,2023
中国科学技术大学,生物与医药,086000,纳米技术与纳米仿生学院（苏州纳米所）,300,50,50,70,70,2023
中国科学技术大学,生物与医药,086000,生物医学工程学院（苏州医工所）,340,50,50,80,80,2023
中国科学技术大学,电子信息,0854,不区分院系,300,50,50,70,70,2023
中国科学技术大学,机械,0855,不区分院系,300,50,50,70,70,2023
中国科学技术大学,材料与化工,0856,不区分院系,300,50,50,70,70,2023
中国科学技术大学,资源与环境,0857,不区分院系,300,50,50,70,70,2023
中国科学技术大学,能源动力,0858,不区分院系,300,50,50,70,70,2023
中国科学技术大学,生物与医药,0860,不区分院系,300,50,50,70,70,2023
中国科学技术大学,工学（不含工学照顾专业）,08,不区分院系,310,50,50,80,80,2023
中国科学技术大学,临床医学,100200,生命科学与医学部,325,55,55,180,0,2023
中国科学技术大学,临床医学,105100,生命科学与医学部,330,50,50,190,0,2023
中国科学技术大学,临床医学,1051,不区分院系,330,50,50,190,0,2023
中国科学技术大学,医学（不含中医类照顾专业）,10,不区分院系,325,55,55,180,0,2023
中国科学技术大学,管理科学与工程,120100,管理学院,360,55,55,95,95,2023
中国科学技术大学,工商管理,120200,管理学院,360,55,55,95,95,2023
中国科学技术大学,公共管理,120400,公共事务学院,370,55,55,100,100,2023
中国科学技术大学,工商管理,125100,管理学院,167,0,70,82,0,2023
中国科学技术大学,工商管理,125100,管理学院,205,0,55,110,0,2023
中国科学技术大学,工商管理,125100,管理学院,167,0,41,82,0,2023
中国科学技术大学,工商管理,125100,管理学院,180,0,45,90,0,2023
中国科学技术大学,工商管理,125100,管理学院,167,0,41,82,0,2023
中国科学技术大学,工商管理,125100,管理学院,167,0,41,82,0,2023
中国科学技术大学,工商管理,125100,管理学院,167,0,41,82,0,2023
中国科学技术大学,公共管理,125200,公共事务学院,193,0,50,100,0,2023
中国科学技术大学,公共管理,125200,公共事务学院,175,0,44,88,0,2023
中国科学技术大学,公共管理,125200,公共事务学院,205,0,50,100,0,2023
中国科学技术大学,公共管理,125200,公共事务学院,175,0,44,88,0,2023
中国科学技术大学,工程管理,125600,管理学院,185,0,45,90,0,2023
中国科学技术大学,工程管理,125600,管理学院,178,0,44,88,0,2023
中国科学技术大学,物流工程与管理,125604,管理学院,245,0,60,120,0,2023
中国科学技术大学,管理学,12,不区分院系,360,55,55,95,95,2023
中国科学技术大学,集成电路科学与工程,140100,微电子学院,310,50,50,80,80,2023
中国科学技术大学,集成电路科学与工程,140100,微电子学院,310,50,50,80,80,2023
中国科学技术大学,交叉学科,14,不区分院系,310,50,50,80,80,2023
中国科学技术大学,哲学,010100,人文与社会科学学院,375,60,60,90,90,2024
中国科学技术大学,哲学,010100,马克思主义学院,360,60,60,90,90,2024
中国科学技术大学,哲学,01,不区分院系,360,60,60,90,90,2024
中国科学技术大学,金融,025100,管理学院,390,60,60,95,95,2024
中国科学技术大学,应用统计,025200,管理学院,380,60,60,95,95,2024
中国科学技术大学,金融,0251,不区分院系,390,60,60,95,95,2024
中国科学技术大学,应用统计,0252,不区分院系,380,60,60,95,95,2024
中国科学技术大学,马克思主义理论,030500,马克思主义学院,385,60,60,90,90,2024
中国科学技术大学,法律（非法学）,035101,公共事务学院,345,60,60,90,90,2024
中国科学技术大学,法律（非法学）,035101,公共事务学院,345,60,60,90,90,2024
中国科学技术大学,法学,03,不区分院系,385,60,60,90,90,2024
中国科学技术大学,新闻与传播,055200,人文与社会科学学院,374,60,60,90,90,2024
中国科学技术大学,新闻与传播,0552,不区分院系,374,60,60,90,90,2024
中国科学技术大学,考古学,060100,人文与社会科学学院,355,60,60,220,0,2024
中国科学技术大学,历史学,06,不区分院系,355,60,60,220,0,2024
中国科学技术大学,数学,070100,数学科学学院,398,50,50,90,90,2024
中国科学技术大学,数据科学,0701J1,大数据学院,310,50,50,80,80,2024
中国科学技术大学,物理学,070200,物理学院,340,50,50,80,80,2024
中国科学技术大学,物理学,070200,核科学技术学院,310,50,50,80,80,2024
中国科学技术大学,物理学,070200,核科学技术学院,310,50,50,80,80,2024
中国科学技术大学,物理学,070200,环境科学与光电技术学院,310,50,50,80,80,2024
中国科学技术大学,物理学,070200,国家同步辐射实验室,310,50,50,80,80,2024
中国科学技术大学,物理学,070200,合肥微尺度物质科学国家研究中心,340,50,50,80,80,2024
中国科学技术大学,物理学,070200,稀土学院（赣江创新院）,310,50,50,80,80,2024
中国科学技术大学,物理学,070200,物理学院,340,50,50,80,80,2024
中国科学技术大学,等离子体物理,070204,研究生院科学岛分院,310,50,50,80,80,2024
中国科学技术大学,凝聚态物理,070205,研究生院科学岛分院,310,50,50,80,80,2024
中国科学技术大学,凝聚态物理,070205,研究生院科学岛分院,310,50,50,80,80,2024
中国科学技术大学,光学,070207,研究生院科学岛分院,310,50,50,80,80,2024
中国科学技术大学,化学,070300,化学与材料科学学院,315,50,60,85,85,2024
中国科学技术大学,化学,070300,化学与材料科学学院,335,50,60,85,85,2024
中国科学技术大学,化学,070300,化学与材料科学学院,340,50,50,80,80,2024
中国科学技术大学,化学,070300,化学与材料科学学院,310,50,50,80,80,2024
中国科学技术大学,化学,070300,化学与材料科学学院,350,50,50,80,80,2024
中国科学技术大学,化学,070300,化学与材料科学学院,310,50,50,80,80,2024
中国科学技术大学,化学,070300,化学与材料科学学院,340,50,50,80,80,2024
中国科学技术大学,化学,070300,国家同步辐射实验室,310,50,50,80,80,2024
中国科学技术大学,化学,070300,合肥微尺度物质科学国家研究中心,340,50,50,80,80,2024
中国科学技术大学,化学,070300,合肥微尺度物质科学国家研究中心,340,50,50,80,80,2024
中国科学技术大学,化学,070300,合肥微尺度物质科学国家研究中心,340,50,50,80,80,2024
中国科学技术大学,化学,070300,合肥微尺度物质科学国家研究中心,340,50,50,80,80,2024
中国科学技术大学,化学,070300,合肥微尺度物质科学国家研究中心,340,50,50,80,80,2024
中国科学技术大学,化学,070300,纳米技术与纳米仿生学院（苏州纳米所）,310,50,50,80,80,2024
中国科学技术大学,化学,070300,应用化学与工程学院（长春应化所）,310,55,55,80,80,2024
中国科学技术大学,化学,070300,应用化学与工程学院（长春应化所）,310,50,50,80,80,2024
中国科学技术大学,化学,070300,应用化学与工程学院（长春应化所）,310,50,50,80,80,2024
中国科学技术大学,化学,070300,应用化学与工程学院（长春应化所）,310,50,50,80,80,2024
中国科学技术大学,化学,070300,应用化学与工程学院（长春应化所）,310,50,50,80,80,2024
中国科学技术大学,化学,070300,稀土学院（赣江创新院）,310,50,50,80,80,2024
中国科学技术大学,化学生物学,0703Z2,化学与材料科学学院,325,50,50,80,80,2024
中国科学技术大学,能源化学,0703Z4,化学与材料科学学院,320,50,50,80,80,2024
中国科学技术大学,天文学,070400,天文与空间科学学院（紫金山天文台）,310,50,50,80,80,2024
中国科学技术大学,天文学,070400,物理学院,340,50,50,80,80,2024
中国科学技术大学,天文学,070400,天文与空间科学学院（紫金山天文台）,310,50,50,80,80,2024
中国科学技术大学,天文学,070400,天文与空间科学学院（紫金山天文台）,310,50,50,80,80,2024
中国科学技术大学,天文学,070400,天文与空间科学学院（紫金山天文台）,310,50,50,80,80,2024
中国科学技术大学,天文学,070400,南京天文仪器研制中心,310,50,50,80,80,2024
中国科学技术大学,天文学,070400,南京天文仪器研制中心,310,50,50,80,80,2024
中国科学技术大学,天文学,070400,天文与空间科学学院（紫金山天文台）,310,50,50,80,80,2024
中国科学技术大学,大气科学,070600,地球和空间科学学院,310,60,60,80,80,2024
中国科学技术大学,大气科学,070600,地球和空间科学学院,310,60,60,80,80,2024
中国科学技术大学,大气科学,070600,地球和空间科学学院,310,60,60,80,80,2024
中国科学技术大学,地球物理学,070800,地球和空间科学学院,320,60,60,80,80,2024
中国科学技术大学,地球物理学,070800,地球和空间科学学院,320,60,60,80,80,2024
中国科学技术大学,地质学,070900,能源科学与技术学院（广州能源所）,310,50,50,80,80,2024
中国科学技术大学,地质学,070900,地球和空间科学学院,310,55,50,80,80,2024
中国科学技术大学,地质学,070900,能源科学与技术学院（广州能源所）,310,50,50,80,80,2024
中国科学技术大学,生物学,071000,合肥微尺度物质科学国家研究中心,350,65,70,105,100,2024
中国科学技术大学,生物学,071000,合肥微尺度物质科学国家研究中心,350,65,70,105,100,2024
中国科学技术大学,生物学,071000,生命科学与医学部,350,65,70,105,100,2024
中国科学技术大学,生物学,071000,生命科学与医学部,350,65,70,105,100,2024
中国科学技术大学,生物学,071000,纳米技术与纳米仿生学院（苏州纳米所）,310,50,50,80,80,2024
中国科学技术大学,生物学,071000,生物医学工程学院（苏州医工所）,310,50,50,80,80,2024
中国科学技术大学,生物物理学,071011,研究生院科学岛分院,310,50,50,80,80,2024
中国科学技术大学,科学技术史,071200,人文与社会科学学院,370,60,60,100,90,2024
中国科学技术大学,统计学,071400,管理学院,375,60,60,95,95,2024
中国科学技术大学,统计学,071400,管理学院,375,60,60,95,95,2024
中国科学技术大学,数据科学,0714J1,大数据学院,330,50,50,90,90,2024
中国科学技术大学,量子科学与技术,079901,合肥微尺度物质科学国家研究中心,340,50,50,80,80,2024
中国科学技术大学,理学,07,不区分院系,310,50,50,80,80,2024
中国科学技术大学,力学,080100,工程科学学院,330,50,50,80,80,2024
中国科学技术大学,机械工程,080200,工程科学学院,330,50,50,80,80,2024
中国科学技术大学,机械电子工程,080202,生物医学工程学院（苏州医工所）,310,50,50,80,80,2024
中国科学技术大学,光学工程,080300,物理学院,330,50,50,80,80,2024
中国科学技术大学,光学工程,080300,国家同步辐射实验室,310,50,50,80,80,2024
中国科学技术大学,光学工程,080300,研究生院科学岛分院,310,50,50,80,80,2024
中国科学技术大学,光学工程,080300,生物医学工程学院（苏州医工所）,310,50,50,80,80,2024
中国科学技术大学,仪器科学与技术,080400,工程科学学院,330,50,50,80,80,2024
中国科学技术大学,精密仪器及机械,080401,研究生院科学岛分院,310,50,50,80,80,2024
中国科学技术大学,材料科学与工程,080500,能源科学与技术学院（广州能源所）,310,50,50,80,80,2024
中国科学技术大学,材料科学与工程,080500,化学与材料科学学院,345,50,50,80,80,2024
中国科学技术大学,材料科学与工程,080500,化学与材料科学学院,340,50,50,80,80,2024
中国科学技术大学,材料科学与工程,080500,国家同步辐射实验室,310,50,50,80,80,2024
中国科学技术大学,材料科学与工程,080500,合肥微尺度物质科学国家研究中心,325,50,50,80,80,2024
中国科学技术大学,材料科学与工程,080500,纳米技术与纳米仿生学院（苏州纳米所）,310,50,50,80,80,2024
中国科学技术大学,材料科学与工程,080500,能源科学与技术学院（广州能源所）,310,50,50,80,80,2024
中国科学技术大学,材料科学与工程,080500,稀土学院（赣江创新院）,310,50,50,80,80,2024
中国科学技术大学,材料物理与化学,080501,材料科学与工程学院（金属研究所）,310,50,50,80,80,2024
中国科学技术大学,材料物理与化学,080501,研究生院科学岛分院,310,50,50,80,80,2024
中国科学技术大学,材料物理与化学,080501,研究生院科学岛分院,310,50,50,80,80,2024
中国科学技术大学,材料物理与化学,080501,研究生院科学岛分院,310,50,50,80,80,2024
中国科学技术大学,材料学,080502,材料科学与工程学院（金属研究所）,310,50,50,80,80,2024
中国科学技术大学,材料加工工程,080503,材料科学与工程学院（金属研究所）,310,50,50,80,80,2024
中国科学技术大学,腐蚀科学与防护,0805Z1,材料科学与工程学院（金属研究所）,310,50,50,80,80,2024
中国科学技术大学,动力工程及工程热物理,080700,能源科学与技术学院（广州能源所）,310,50,50,80,80,2024
中国科学技术大学,动力工程及工程热物理,080700,工程科学学院,315,50,50,80,80,2024
中国科学技术大学,动力工程及工程热物理,080700,能源科学与技术学院（广州能源所）,310,50,50,80,80,2024
中国科学技术大学,动力工程及工程热物理,080700,能源科学与技术学院（广州能源所）,310,50,50,80,80,2024
中国科学技术大学,动力工程及工程热物理,080700,能源科学与技术学院（广州能源所）,310,50,50,80,80,2024
中国科学技术大学,电子科学与技术,080900,物理学院,330,50,50,80,80,2024
中国科学技术大学,电子科学与技术,080900,物理学院,330,50,50,80,80,2024
中国科学技术大学,电子科学与技术,080900,信息科学技术学院,310,50,50,80,80,2024
中国科学技术大学,电子科学与技术,080900,微电子学院,310,50,50,80,80,2024
中国科学技术大学,电子科学与技术,080900,微电子学院,310,50,50,80,80,2024
中国科学技术大学,电子科学与技术,080900,纳米技术与纳米仿生学院（苏州纳米所）,310,50,50,80,80,2024
中国科学技术大学,信息与通信工程,081000,信息科学技术学院,310,50,50,80,80,2024
中国科学技术大学,数据科学,0810J1,大数据学院,310,50,50,80,80,2024
中国科学技术大学,控制科学与工程,081100,信息科学技术学院,320,50,50,80,80,2024
中国科学技术大学,检测技术与自动化装置,081102,研究生院科学岛分院,310,50,50,80,80,2024
中国科学技术大学,检测技术与自动化装置,081102,研究生院科学岛分院,310,50,50,80,80,2024
中国科学技术大学,模式识别与智能系统,081104,研究生院科学岛分院,310,50,50,80,80,2024
中国科学技术大学,计算机科学与技术,081200,计算机科学与技术学院,375,55,55,100,100,2024
中国科学技术大学,计算机应用技术,081203,研究生院科学岛分院,310,50,50,80,80,2024
中国科学技术大学,数据科学,0812J1,大数据学院,350,50,50,90,90,2024
中国科学技术大学,化学工程与技术,081700,能源科学与技术学院（广州能源所）,310,50,50,80,80,2024
中国科学技术大学,化学工程与技术,081700,化学与材料科学学院,320,50,50,80,80,2024
中国科学技术大学,化学工程与技术,081700,应用化学与工程学院（长春应化所）,310,50,50,80,80,2024
中国科学技术大学,化学工程与技术,081700,应用化学与工程学院（长春应化所）,310,55,55,85,85,2024
中国科学技术大学,化学工程与技术,081700,能源科学与技术学院（广州能源所）,310,50,50,80,80,2024
中国科学技术大学,核科学与技术,082700,核科学技术学院,310,50,50,80,80,2024
中国科学技术大学,核科学与技术,082700,核科学技术学院,310,50,50,80,80,2024
中国科学技术大学,核科学与技术,082700,国家同步辐射实验室,310,50,50,80,80,2024
中国科学技术大学,核科学与技术,082700,研究生院科学岛分院,310,50,50,80,80,2024
中国科学技术大学,环境科学与工程,083000,能源科学与技术学院（广州能源所）,310,50,50,80,80,2024
中国科学技术大学,环境科学与工程,083000,环境科学与光电技术学院,310,50,50,80,80,2024
中国科学技术大学,环境科学与工程,083000,环境科学与工程系,330,55,55,80,80,2024
中国科学技术大学,环境科学与工程,083000,环境科学与工程系,330,55,55,80,80,2024
中国科学技术大学,环境科学与工程,083000,环境科学与工程系,330,55,55,80,80,2024
中国科学技术大学,环境科学与工程,083000,研究生院科学岛分院,310,50,50,80,80,2024
中国科学技术大学,环境科学与工程,083000,能源科学与技术学院（广州能源所）,310,50,50,80,80,2024
中国科学技术大学,环境科学与工程,083000,稀土学院（赣江创新院）,310,50,50,80,80,2024
中国科学技术大学,生物医学工程,083100,生物医学工程学院（苏州医工所）,310,50,50,80,80,2024
中国科学技术大学,安全科学与工程,083700,火灾科学国家重点实验室,330,60,60,80,90,2024
中国科学技术大学,网络空间安全,083900,网络空间安全学院,310,50,50,80,80,2024
中国科学技术大学,电子信息,085400,研究生院科学岛分院,300,50,50,70,70,2024
中国科学技术大学,电子信息,085400,纳米技术与纳米仿生学院（苏州纳米所）,300,50,50,70,70,2024
中国科学技术大学,电子信息,085400,生物医学工程学院（苏州医工所）,300,50,50,70,70,2024
中国科学技术大学,电子信息,085400,物理学院,300,50,50,70,70,2024
中国科学技术大学,电子信息,085400,工程科学学院,300,50,50,70,70,2024
中国科学技术大学,电子信息,085400,信息科学技术学院,300,50,50,70,70,2024
中国科学技术大学,电子信息,085400,计算机科学与技术学院,300,50,50,70,70,2024
中国科学技术大学,电子信息,085400,先进技术研究院,300,50,50,70,70,2024
中国科学技术大学,电子信息,085400,微电子学院,300,50,50,70,70,2024
中国科学技术大学,电子信息,085400,网络空间安全学院,300,50,50,70,70,2024
中国科学技术大学,电子信息,085400,大数据学院,300,50,50,70,70,2024
中国科学技术大学,电子信息,085400,生命科学与医学部-生物医学工程学院,300,50,50,70,70,2024
中国科学技术大学,电子信息,085400,物理学院,325,50,50,70,70,2024
中国科学技术大学,电子信息,085400,工程科学学院,315,50,50,75,80,2024
中国科学技术大学,电子信息,085400,信息科学技术学院,330,50,50,70,70,2024
中国科学技术大学,电子信息,085400,信息科学技术学院,300,50,50,70,70,2024
中国科学技术大学,电子信息,085400,计算机科学与技术学院,350,55,55,95,100,2024
中国科学技术大学,电子信息,085400,微电子学院,310,50,50,70,70,2024
中国科学技术大学,电子信息,085400,微电子学院,343,50,50,70,70,2024
中国科学技术大学,电子信息,085400,网络空间安全学院,305,50,50,70,70,2024
中国科学技术大学,电子信息,085400,大数据学院,350,50,50,90,90,2024
中国科学技术大学,电子信息,085400,大数据学院,365,50,50,90,90,2024
中国科学技术大学,电子信息,085400,生命科学与医学部-生物医学工程学院,300,50,50,70,70,2024
中国科学技术大学,电子信息,085400,生命科学与医学部-生物医学工程学院,325,50,50,70,70,2024
中国科学技术大学,电子信息,085400,生命科学与医学部-生物医学工程学院,300,50,50,70,70,2024
中国科学技术大学,电子信息,085400,研究生院科学岛分院,327,50,50,70,70,2024
中国科学技术大学,电子信息,085400,纳米技术与纳米仿生学院（苏州纳米所）,300,50,50,70,70,2024
中国科学技术大学,电子信息,085400,生物医学工程学院（苏州医工所）,300,50,50,70,70,2024
中国科学技术大学,电子信息,085400,生物医学工程学院（苏州医工所）,300,50,50,70,70,2024
中国科学技术大学,电子信息,085400,先进技术研究院,327,50,50,70,70,2024
中国科学技术大学,电子信息,085400,先进技术研究院,315,50,50,70,70,2024
中国科学技术大学,电子信息,085400,先进技术研究院,312,50,50,70,70,2024
中国科学技术大学,电子信息,085400,先进技术研究院,325,50,50,70,70,2024
中国科学技术大学,电子信息,085400,先进技术研究院,339,50,50,70,70,2024
中国科学技术大学,电子信息,085400,先进技术研究院,340,50,50,70,70,2024
中国科学技术大学,电子信息,085400,研究生院科学岛分院,329,50,50,70,70,2024
中国科学技术大学,电子信息,085400,研究生院科学岛分院,300,50,50,70,70,2024
中国科学技术大学,电子信息,085400,研究生院科学岛分院,300,50,50,70,70,2024
中国科学技术大学,软件工程,085405,软件学院,300,50,50,70,70,2024
中国科学技术大学,软件工程,085405,软件学院,376,60,60,100,100,2024
中国科学技术大学,机械,085500,研究生院科学岛分院,300,50,50,70,70,2024
中国科学技术大学,机械,085500,生物医学工程学院（苏州医工所）,300,50,50,70,70,2024
中国科学技术大学,机械,085500,工程科学学院,300,50,50,70,70,2024
中国科学技术大学,机械,085500,工程科学学院,342,50,50,80,80,2024
中国科学技术大学,机械,085500,生物医学工程学院（苏州医工所）,300,50,50,70,70,2024
中国科学技术大学,机械,085500,研究生院科学岛分院,300,50,50,70,70,2024
中国科学技术大学,机械,085500,研究生院科学岛分院,300,50,50,70,70,2024
中国科学技术大学,材料与化工,085600,研究生院科学岛分院,300,50,50,70,70,2024
中国科学技术大学,材料与化工,085600,材料科学与工程学院（金属研究所）,300,50,50,70,70,2024
中国科学技术大学,材料与化工,085600,纳米技术与纳米仿生学院（苏州纳米所）,300,50,50,70,70,2024
中国科学技术大学,材料与化工,085600,应用化学与工程学院（长春应化所）,300,50,50,70,70,2024
中国科学技术大学,材料与化工,085600,能源科学与技术学院（广州能源所）,300,50,50,70,70,2024
中国科学技术大学,材料与化工,085600,稀土学院（赣江创新院）,300,50,50,70,70,2024
中国科学技术大学,材料与化工,085600,先进技术研究院,300,50,50,70,70,2024
中国科学技术大学,材料与化工,085600,纳米学院,300,50,50,70,70,2024
中国科学技术大学,材料与化工,085600,先进技术研究院,300,50,50,70,70,2024
中国科学技术大学,材料与化工,085600,先进技术研究院,300,50,50,70,70,2024
中国科学技术大学,材料与化工,085600,纳米学院,305,50,50,70,70,2024
中国科学技术大学,材料与化工,085600,纳米学院,305,50,50,70,70,2024
中国科学技术大学,材料与化工,085600,材料科学与工程学院（金属研究所）,300,50,50,70,70,2024
中国科学技术大学,材料与化工,085600,纳米技术与纳米仿生学院（苏州纳米所）,300,50,50,70,70,2024
中国科学技术大学,材料与化工,085600,应用化学与工程学院（长春应化所）,300,50,50,70,70,2024
中国科学技术大学,材料与化工,085600,应用化学与工程学院（长春应化所）,310,50,50,70,70,2024
中国科学技术大学,材料与化工,085600,能源科学与技术学院（广州能源所）,300,50,50,70,70,2024
中国科学技术大学,材料与化工,085600,稀土学院（赣江创新院）,300,50,50,70,70,2024
中国科学技术大学,材料与化工,085600,研究生院科学岛分院,321,50,50,70,70,2024
中国科学技术大学,材料与化工,085600,研究生院科学岛分院,300,50,50,70,70,2024
中国科学技术大学,资源与环境,085700,研究生院科学岛分院,300,50,50,70,70,2024
中国科学技术大学,资源与环境,085700,稀土学院（赣江创新院）,300,50,50,70,70,2024
中国科学技术大学,资源与环境,085700,地球和空间科学学院,300,50,50,70,70,2024
中国科学技术大学,资源与环境,085700,环境科学与光电技术学院,300,50,50,70,70,2024
中国科学技术大学,资源与环境,085700,火灾科学国家重点实验室,300,50,50,70,70,2024
中国科学技术大学,资源与环境,085700,环境科学与工程系,300,50,50,70,70,2024
中国科学技术大学,资源与环境,085700,地球和空间科学学院,300,50,50,75,75,2024
中国科学技术大学,资源与环境,085700,地球和空间科学学院,300,50,50,75,75,2024
中国科学技术大学,资源与环境,085700,环境科学与光电技术学院,300,50,50,70,70,2024
中国科学技术大学,资源与环境,085700,火灾科学国家重点实验室,273,37,37,56,56,2024
中国科学技术大学,资源与环境,085700,环境科学与工程系,310,50,50,80,80,2024
中国科学技术大学,资源与环境,085700,研究生院科学岛分院,300,50,50,70,70,2024
中国科学技术大学,资源与环境,085700,稀土学院（赣江创新院）,300,50,50,70,70,2024
中国科学技术大学,能源动力,085800,研究生院科学岛分院,300,50,50,70,70,2024
中国科学技术大学,能源动力,085800,能源科学与技术学院（广州能源所）,300,50,50,70,70,2024
中国科学技术大学,能源动力,085800,工程科学学院,300,50,50,70,70,2024
中国科学技术大学,能源动力,085800,核科学技术学院,300,50,50,70,70,2024
中国科学技术大学,能源动力,085800,国家同步辐射实验室,300,50,50,70,70,2024
中国科学技术大学,能源动力,085800,工程科学学院,310,50,50,80,80,2024
中国科学技术大学,能源动力,085800,核科学技术学院,300,50,50,70,70,2024
中国科学技术大学,能源动力,085800,国家同步辐射实验室,300,50,50,70,70,2024
中国科学技术大学,能源动力,085800,能源科学与技术学院（广州能源所）,300,50,50,70,70,2024
中国科学技术大学,能源动力,085800,能源科学与技术学院（广州能源所）,300,50,50,70,70,2024
中国科学技术大学,能源动力,085800,能源科学与技术学院（广州能源所）,300,50,50,70,70,2024
中国科学技术大学,能源动力,085800,工程科学学院,315,50,50,80,80,2024
中国科学技术大学,能源动力,085800,研究生院科学岛分院,300,50,50,70,70,2024
中国科学技术大学,能源动力,085800,研究生院科学岛分院,300,50,50,70,70,2024
中国科学技术大学,生物与医药,086000,研究生院科学岛分院,300,50,50,70,70,2024
中国科学技术大学,生物与医药,086000,纳米技术与纳米仿生学院（苏州纳米所）,300,50,50,70,70,2024
中国科学技术大学,生物与医药,086000,生物医学工程学院（苏州医工所）,300,50,50,70,70,2024
中国科学技术大学,生物与医药,086000,先进技术研究院,300,50,50,70,70,2024
中国科学技术大学,生物与医药,086000,生命科学与医学部,300,50,50,70,70,2024
中国科学技术大学,生物与医药,086000,生命科学与医学部-生物医学工程学院,300,50,50,70,70,2024
中国科学技术大学,生物与医药,086000,先进技术研究院,300,50,50,70,70,2024
中国科学技术大学,生物与医药,086000,生命科学与医学部,340,60,65,95,95,2024
中国科学技术大学,生物与医药,086000,生命科学与医学部-生物医学工程学院,300,50,50,70,70,2024
中国科学技术大学,生物与医药,086000,研究生院科学岛分院,300,50,50,70,70,2024
中国科学技术大学,生物与医药,086000,纳米技术与纳米仿生学院（苏州纳米所）,300,50,50,70,70,2024
中国科学技术大学,生物与医药,086000,生物医学工程学院（苏州医工所）,300,50,50,70,70,2024
中国科学技术大学,集成电路科学与工程,087300,微电子学院,310,50,50,80,80,2024
中国科学技术大学,集成电路科学与工程,087300,微电子学院,310,50,50,80,80,2024
中国科学技术大学,智能科学与技术,087600,大数据学院,335,50,50,80,80,2024
中国科学技术大学,工学（不含工学照顾专业）,08,不区分院系,310,50,50,80,80,2024
中国科学技术大学,临床医学,100200,生命科学与医学部,335,60,60,190,0,2024
中国科学技术大学,临床医学,105100,生命科学与医学部,355,60,60,195,0,2024
中国科学技术大学,临床医学,1051,不区分院系,355,60,60,195,0,2024
中国科学技术大学,医学（不含中医类照顾专业）,10,不区分院系,335,60,60,190,0,2024
中国科学技术大学,管理科学与工程,120100,管理学院,380,60,60,95,95,2024
中国科学技术大学,工商管理学,120200,管理学院,350,60,60,80,95,2024
中国科学技术大学,公共管理学,120400,公共事务学院,370,60,50,100,100,2024
中国科学技术大学,工商管理,125100,管理学院,162,0,39,78,0,2024
中国科学技术大学,工商管理,125100,管理学院,162,0,39,78,0,2024
中国科学技术大学,工商管理,125100,管理学院,162,0,39,78,0,2024
中国科学技术大学,工商管理,125100,管理学院,162,0,39,78,0,2024
中国科学技术大学,工商管理,125100,管理学院,162,0,39,78,0,2024
中国科学技术大学,工商管理,125100,管理学院,162,0,39,78,0,2024
中国科学技术大学,公共管理,125200,公共事务学院,208,0,50,100,0,2024
中国科学技术大学,公共管理,125200,公共事务学院,173,0,50,86,0,2024
中国科学技术大学,工程管理,125601,管理学院,176,0,43,86,0,2024
中国科学技术大学,工程管理,125601,管理学院,176,0,43,86,0,2024
中国科学技术大学,物流工程与管理,125604,管理学院,235,0,60,120,0,2024
中国科学技术大学,物流工程与管理,125604,管理学院,235,0,60,120,0,2024
中国科学技术大学,管理学,12,不区分院系,350,60,50,80,95,2024
中国科学技术大学,文物,145100,人文与社会科学学院,375,60,60,110,110,2024
中国科学技术大学,文物,1451,不区分院系,375,60,60,110,110,2024
中国科学技术大学,哲学,010100,人文与社会科学学院,370,60,60,90,90,2025
中国科学技术大学,哲学,010100,马克思主义学院,355,60,50,90,90,2025
中国科学技术大学,哲学,01,不区分院系,355,60,50,90,90,2025
中国科学技术大学,金融,025100,管理学院,365,60,50,95,95,2025
中国科学技术大学,应用统计,025200,管理学院,333,41,41,62,62,2025
中国科学技术大学,金融,0251,不区分院系,365,60,50,95,95,2025
中国科学技术大学,应用统计,0252,不区分院系,333,41,41,62,62,2025
中国科学技术大学,马克思主义理论,030500,马克思主义学院,350,60,55,90,90,2025
中国科学技术大学,知识产权,035400,公共事务学院,365,50,50,100,100,2025
中国科学技术大学,知识产权,0354,不区分院系,365,50,50,100,100,2025
中国科学技术大学,法学,03,不区分院系,350,60,55,90,90,2025
中国科学技术大学,新闻与传播,055200,人文与社会科学学院,360,55,55,90,90,2025
中国科学技术大学,新闻与传播,0552,不区分院系,360,55,55,90,90,2025
中国科学技术大学,数学,070100,数学科学学院,330,45,45,90,90,2025
中国科学技术大学,物理学,070200,研究生院科学岛分院,310,45,45,80,80,2025
中国科学技术大学,物理学,070200,稀土学院（赣江创新院）,310,45,45,80,80,2025
中国科学技术大学,物理学,070200,物理学院,330,50,50,80,80,2025
中国科学技术大学,物理学,070200,核科学技术学院,310,45,45,80,80,2025
中国科学技术大学,物理学,070200,环境科学与光电技术学院,310,45,45,80,80,2025
中国科学技术大学,物理学,070200,国家同步辐射实验室,310,45,45,80,80,2025
中国科学技术大学,物理学,070200,合肥微尺度物质科学国家研究中心,330,50,50,80,80,2025
中国科学技术大学,化学,070300,纳米技术与纳米仿生学院（苏州纳米所）,310,45,45,80,80,2025
中国科学技术大学,化学,070300,应用化学与工程学院（长春应化所）,340,45,45,80,80,2025
中国科学技术大学,化学,070300,应用化学与工程学院（长春应化所）,310,45,45,80,80,2025
中国科学技术大学,化学,070300,应用化学与工程学院（长春应化所）,315,45,45,80,80,2025
中国科学技术大学,化学,070300,应用化学与工程学院（长春应化所）,310,45,45,80,80,2025
中国科学技术大学,化学,070300,稀土学院（赣江创新院）,310,45,45,80,80,2025
中国科学技术大学,化学,070300,化学与材料科学学院,310,45,45,80,80,2025
中国科学技术大学,化学,070300,国家同步辐射实验室,310,45,45,80,80,2025
中国科学技术大学,化学,070300,合肥微尺度物质科学国家研究中心,310,45,45,80,80,2025
中国科学技术大学,化学生物学,0703Z2,化学与材料科学学院,310,45,45,80,80,2025
中国科学技术大学,能源化学,0703Z4,化学与材料科学学院,310,45,45,80,80,2025
中国科学技术大学,天文学,070400,天文与空间科学学院（紫金山天文台）,310,45,45,80,80,2025
中国科学技术大学,天文学,070400,南京天文仪器研制中心,310,45,45,80,80,2025
中国科学技术大学,天文学,070400,物理学院,320,50,50,80,80,2025
中国科学技术大学,大气科学,070600,地球和空间科学学院,310,50,45,80,80,2025
中国科学技术大学,地球物理学,070800,地球和空间科学学院,310,50,45,80,80,2025
中国科学技术大学,地质学,070900,能源科学与技术学院（广州能源所）,310,45,45,80,80,2025
中国科学技术大学,地质学,070900,地球和空间科学学院,330,55,55,90,90,2025
中国科学技术大学,生物学,071000,研究生院科学岛分院,310,45,45,80,80,2025
中国科学技术大学,生物学,071000,纳米技术与纳米仿生学院（苏州纳米所）,310,45,45,80,80,2025
中国科学技术大学,生物学,071000,生物医学工程学院（苏州医工所）,310,45,45,80,80,2025
中国科学技术大学,生物学,071000,生命科学与医学部,355,55,55,100,100,2025
中国科学技术大学,生物学,071000,生命科学与医学部,330,55,50,100,90,2025
中国科学技术大学,科学技术史,071200,人文与社会科学学院,330,60,50,100,85,2025
中国科学技术大学,生态学,071300,生命科学与医学部,310,45,45,80,80,2025
中国科学技术大学,统计学,071400,管理学院,345,50,50,100,100,2025
中国科学技术大学,理学,07,不区分院系,310,45,45,80,80,2025
中国科学技术大学,力学,080100,工程科学学院,315,50,48,80,80,2025
中国科学技术大学,光学工程,080300,研究生院科学岛分院,300,45,45,70,70,2025
中国科学技术大学,光学工程,080300,生物医学工程学院（苏州医工所）,300,45,45,70,70,2025
中国科学技术大学,光学工程,080300,物理学院,310,45,45,80,80,2025
中国科学技术大学,光学工程,080300,国家同步辐射实验室,300,45,45,70,70,2025
中国科学技术大学,仪器科学与技术,080400,研究生院科学岛分院,300,45,45,70,70,2025
中国科学技术大学,仪器科学与技术,080400,工程科学学院,327,50,50,80,80,2025
中国科学技术大学,材料科学与工程,080500,研究生院科学岛分院,300,45,45,70,70,2025
中国科学技术大学,材料科学与工程,080500,纳米技术与纳米仿生学院（苏州纳米所）,300,45,45,70,70,2025
中国科学技术大学,材料科学与工程,080500,能源科学与技术学院（广州能源所）,300,45,45,70,70,2025
中国科学技术大学,材料科学与工程,080500,稀土学院（赣江创新院）,300,45,45,70,70,2025
中国科学技术大学,材料科学与工程,080500,化学与材料科学学院,300,45,45,70,70,2025
中国科学技术大学,材料科学与工程,080500,国家同步辐射实验室,300,45,45,70,70,2025
中国科学技术大学,材料物理与化学,080501,材料科学与工程学院（金属研究所）,300,45,45,70,70,2025
中国科学技术大学,材料学,080502,材料科学与工程学院（金属研究所）,300,45,45,70,70,2025
中国科学技术大学,材料加工工程,080503,材料科学与工程学院（金属研究所）,300,45,45,70,70,2025
中国科学技术大学,腐蚀科学与防护,0805Z1,材料科学与工程学院（金属研究所）,300,45,45,70,70,2025
中国科学技术大学,动力工程及工程热物理,080700,能源科学与技术学院（广州能源所）,300,45,45,70,70,2025
中国科学技术大学,动力工程及工程热物理,080700,工程科学学院,310,50,50,80,80,2025
中国科学技术大学,电子科学与技术,080900,纳米技术与纳米仿生学院（苏州纳米所）,300,45,45,70,70,2025
中国科学技术大学,电子科学与技术,080900,物理学院,320,50,50,80,80,2025
中国科学技术大学,电子科学与技术,080900,信息科学技术学院,310,50,50,70,70,2025
中国科学技术大学,电子科学与技术,080900,微电子学院,346,45,45,70,70,2025
中国科学技术大学,电子科学与技术,080900,微电子学院,322,45,45,70,70,2025
中国科学技术大学,信息与通信工程,081000,信息科学技术学院,310,50,50,70,70,2025
中国科学技术大学,控制科学与工程,081100,信息科学技术学院,310,50,50,70,70,2025
中国科学技术大学,计算机科学与技术,081200,研究生院科学岛分院,300,45,45,70,70,2025
中国科学技术大学,计算机科学与技术,081200,计算机科学与技术学院,350,55,55,100,110,2025
中国科学技术大学,化学工程与技术,081700,应用化学与工程学院（长春应化所）,300,45,45,70,70,2025
中国科学技术大学,化学工程与技术,081700,能源科学与技术学院（广州能源所）,300,45,45,70,70,2025
中国科学技术大学,化学工程与技术,081700,化学与材料科学学院,300,45,45,70,70,2025
中国科学技术大学,核科学与技术,082700,研究生院科学岛分院,300,45,45,70,70,2025
中国科学技术大学,核科学与技术,082700,核科学技术学院,300,45,45,70,70,2025
中国科学技术大学,核科学与技术,082700,国家同步辐射实验室,300,45,45,70,70,2025
中国科学技术大学,环境科学与工程,083000,能源科学与技术学院（广州能源所）,300,45,45,70,70,2025
中国科学技术大学,环境科学与工程,083000,稀土学院（赣江创新院）,300,45,45,70,70,2025
中国科学技术大学,环境科学与工程,083000,环境科学与光电技术学院,300,45,45,70,70,2025
中国科学技术大学,环境科学与工程,083000,环境科学与工程系,300,45,45,70,70,2025
中国科学技术大学,环境科学与工程,083000,环境科学与工程系,310,55,55,75,85,2025
中国科学技术大学,生物医学工程,083100,生物医学工程学院（苏州医工所）,300,45,45,70,70,2025
中国科学技术大学,安全科学与工程,083700,火灾科学国家重点实验室,345,60,58,85,90,2025
中国科学技术大学,网络空间安全,083900,网络空间安全学院,320,45,45,70,70,2025
中国科学技术大学,电子信息,085400,研究生院科学岛分院,310,45,45,70,70,2025
中国科学技术大学,电子信息,085400,纳米技术与纳米仿生学院（苏州纳米所）,300,45,45,70,70,2025
中国科学技术大学,电子信息,085400,生物医学工程学院（苏州医工所）,300,45,45,70,70,2025
中国科学技术大学,电子信息,085400,生物医学工程学院（苏州医工所）,310,45,45,70,70,2025
中国科学技术大学,电子信息,085400,物理学院,300,45,45,70,70,2025
中国科学技术大学,电子信息,085400,工程科学学院,300,50,50,75,75,2025
中国科学技术大学,电子信息,085400,信息科学技术学院,300,50,50,70,70,2025
中国科学技术大学,电子信息,085400,信息科学技术学院,310,50,50,70,70,2025
中国科学技术大学,电子信息,085400,计算机科学与技术学院,340,50,50,90,90,2025
中国科学技术大学,电子信息,085400,先进技术研究院,320,45,45,70,70,2025
中国科学技术大学,电子信息,085400,先进技术研究院,300,45,45,70,70,2025
中国科学技术大学,电子信息,085400,先进技术研究院,323,45,45,70,70,2025
中国科学技术大学,电子信息,085400,先进技术研究院,365,45,45,70,70,2025
中国科学技术大学,电子信息,085400,微电子学院,330,45,45,70,70,2025
中国科学技术大学,电子信息,085400,网络空间安全学院,320,45,45,70,70,2025
中国科学技术大学,电子信息,085400,人工智能与数据科学学院,300,50,45,70,70,2025
中国科学技术大学,电子信息,085400,生命科学与医学部-生物医学工程学院,300,45,45,70,70,2025
中国科学技术大学,软件工程,085405,软件学院,370,60,60,100,100,2025
中国科学技术大学,机械,085500,研究生院科学岛分院,300,45,45,70,70,2025
中国科学技术大学,机械,085500,生物医学工程学院（苏州医工所）,300,45,45,70,70,2025
中国科学技术大学,机械,085500,工程科学学院,325,50,50,80,80,2025
中国科学技术大学,材料与化工,085600,研究生院科学岛分院,300,45,45,70,70,2025
中国科学技术大学,材料与化工,085600,材料科学与工程学院（金属研究所）,300,45,45,70,70,2025
中国科学技术大学,材料与化工,085600,纳米技术与纳米仿生学院（苏州纳米所）,300,45,45,70,70,2025
中国科学技术大学,材料与化工,085600,应用化学与工程学院（长春应化所）,300,45,45,70,70,2025
中国科学技术大学,材料与化工,085600,应用化学与工程学院（长春应化所）,307,50,50,70,70,2025
中国科学技术大学,材料与化工,085600,能源科学与技术学院（广州能源所）,300,45,45,70,70,2025
中国科学技术大学,材料与化工,085600,稀土学院（赣江创新院）,300,45,45,70,70,2025
中国科学技术大学,材料与化工,085600,先进技术研究院,300,45,45,70,70,2025
中国科学技术大学,材料与化工,085600,纳米科学技术学院,330,45,45,70,70,2025
中国科学技术大学,材料与化工,085600,纳米科学技术学院,300,45,45,70,70,2025
中国科学技术大学,资源与环境,085700,研究生院科学岛分院,300,45,45,70,70,2025
中国科学技术大学,资源与环境,085700,稀土学院（赣江创新院）,300,45,45,70,70,2025
中国科学技术大学,资源与环境,085700,地球和空间科学学院,315,50,45,80,80,2025
中国科学技术大学,资源与环境,085700,环境科学与光电技术学院,300,45,45,70,70,2025
中国科学技术大学,资源与环境,085700,火灾科学国家重点实验室,260,34,34,51,51,2025
中国科学技术大学,资源与环境,085700,环境科学与工程系,310,50,50,80,80,2025
中国科学技术大学,能源动力,085800,研究生院科学岛分院,300,45,45,70,70,2025
中国科学技术大学,能源动力,085800,能源科学与技术学院（广州能源所）,300,45,45,70,70,2025
中国科学技术大学,能源动力,085800,工程科学学院,308,50,50,80,80,2025
中国科学技术大学,能源动力,085800,工程科学学院,315,50,48,80,80,2025
中国科学技术大学,能源动力,085800,核科学技术学院,300,45,45,70,70,2025
中国科学技术大学,能源动力,085800,国家同步辐射实验室,300,45,45,70,70,2025
中国科学技术大学,生物与医药,086000,研究生院科学岛分院,300,45,45,70,70,2025
中国科学技术大学,生物与医药,086000,纳米技术与纳米仿生学院（苏州纳米所）,300,45,45,70,70,2025
中国科学技术大学,生物与医药,086000,生物医学工程学院（苏州医工所）,300,45,45,70,70,2025
中国科学技术大学,生物与医药,086000,先进技术研究院,322,45,45,70,70,2025
中国科学技术大学,生物与医药,086000,生命科学与医学部,320,55,45,100,95,2025
中国科学技术大学,生物与医药,086000,生命科学与医学部-生物医学工程学院,300,45,45,70,70,2025
中国科学技术大学,工学（不含工学照顾专业）,08,不区分院系,300,45,45,70,70,2025
中国科学技术大学,临床医学,100200,生命科学与医学部,330,55,55,200,0,2025
中国科学技术大学,临床医学,1051,不区分院系,360,55,55,200,0,2025
中国科学技术大学,医学（不含中医类照顾专业）,10,不区分院系,330,55,55,200,0,2025
中国科学技术大学,管理科学与工程,120100,管理学院,340,50,50,85,100,2025
中国科学技术大学,工商管理学,120200,管理学院,340,50,50,85,100,2025
中国科学技术大学,公共管理学,120400,公共事务学院,345,55,55,80,100,2025
中国科学技术大学,工商管理,125100,管理学院,151,0,35,70,0,2025
中国科学技术大学,公共管理,125200,公共事务学院,210,0,50,100,0,2025
中国科学技术大学,公共管理,125200,公共事务学院,166,0,40,80,0,2025
中国科学技术大学,工程管理,125601,管理学院,162,0,38,76,0,2025
中国科学技术大学,物流工程与管理,125604,管理学院,210,0,55,110,0,2025
中国科学技术大学,公共管理,1252,不区分院系,166,0,40,80,0,2025
中国科学技术大学,管理学,12,不区分院系,340,50,50,80,100,2025
中国科学技术大学,集成电路科学与工程,140100,微电子学院,330,45,45,70,70,2025
中国科学技术大学,集成电路科学与工程,140100,微电子学院,332,45,45,70,70,2025
中国科学技术大学,智能科学与技术,140500,人工智能与数据科学学院,315,50,45,90,90,2025
中国科学技术大学,智能科学与技术,140500,人工智能与数据科学学院,330,50,45,90,90,2025
中国科学技术大学,纳米科学与工程,140600,纳米科学技术学院,300,45,45,70,70,2025
中国科学技术大学,文物,145100,人文与社会科学学院,360,55,55,100,115,2025
中国科学技术大学,文物,1451,不区分院系,360,55,55,100,115,2025
中国科学技术大学,交叉学科,14,不区分院系,300,45,45,70,70,2025
中国科学技术大学,哲学,010100,人文与社会科学学院,360,60,60,90,90,2026
中国科学技术大学,哲学,010100,马克思主义学院,360,60,60,90,90,2026
中国科学技术大学,哲学,01,不区分院系,360,60,55,90,90,2026
中国科学技术大学,金融,025100,管理学院,370,60,60,100,100,2026
中国科学技术大学,应用统计,025200,管理学院,390,60,60,100,100,2026
中国科学技术大学,金融,0251,不区分院系,370,60,60,100,100,2026
中国科学技术大学,应用统计,0252,不区分院系,390,60,60,100,100,2026
中国科学技术大学,马克思主义理论,030500,马克思主义学院,360,60,55,90,90,2026
中国科学技术大学,知识产权,035400,公共事务学院,355,50,50,100,90,2026
中国科学技术大学,知识产权,0354,不区分院系,350,50,50,100,90,2026
中国科学技术大学,法学,03,不区分院系,360,60,55,90,90,2026
中国科学技术大学,新闻与传播,055200,人文与社会科学学院,355,60,60,90,90,2026
中国科学技术大学,新闻与传播,0552,不区分院系,355,60,60,90,90,2026
中国科学技术大学,数学,070100,数学科学学院,310,50,50,80,80,2026
中国科学技术大学,物理学,070200,研究生院科学岛分院（合肥物质院）,310,50,50,80,80,2026
中国科学技术大学,物理学,070200,研究生院科学岛分院（合肥物质院）,310,50,50,80,80,2026
中国科学技术大学,物理学,070200,研究生院科学岛分院（合肥物质院）,310,50,50,80,80,2026
中国科学技术大学,物理学,070200,研究生院科学岛分院（合肥物质院）,310,50,50,80,80,2026
中国科学技术大学,物理学,070200,稀土学院（赣江创新院）,310,50,50,80,80,2026
中国科学技术大学,物理学,070200,物理学院,340,50,50,80,80,2026
中国科学技术大学,物理学,070200,物理学院,340,50,50,80,80,2026
中国科学技术大学,物理学,070200,核科学技术学院,310,50,50,80,80,2026
中国科学技术大学,物理学,070200,国家同步辐射实验室,310,50,50,80,80,2026
中国科学技术大学,物理学,070200,合肥微尺度物质科学国家研究中心,340,50,50,80,80,2026
中国科学技术大学,物理学,070200,精准智能化学全国重点实验室,330,50,50,80,80,2026
中国科学技术大学,化学,070300,纳米技术与纳米仿生学院（苏州纳米所）,365,55,55,90,90,2026
中国科学技术大学,化学,070300,应用化学与工程学院（长春应化所）,330,55,55,80,80,2026
中国科学技术大学,化学,070300,应用化学与工程学院（长春应化所）,310,50,50,80,80,2026
中国科学技术大学,化学,070300,应用化学与工程学院（长春应化所）,330,55,55,80,80,2026
中国科学技术大学,化学,070300,应用化学与工程学院（长春应化所）,335,55,55,80,80,2026
中国科学技术大学,化学,070300,应用化学与工程学院（长春应化所）,310,50,50,80,80,2026
中国科学技术大学,化学,070300,稀土学院（赣江创新院）,310,50,50,80,80,2026
中国科学技术大学,化学,070300,化学与材料科学学院,330,50,50,80,80,2026
中国科学技术大学,化学,070300,化学与材料科学学院,340,50,50,80,80,2026
中国科学技术大学,化学,070300,化学与材料科学学院,345,50,50,80,80,2026
中国科学技术大学,化学,070300,化学与材料科学学院,310,50,50,80,80,2026
中国科学技术大学,化学,070300,化学与材料科学学院,330,50,50,80,80,2026
中国科学技术大学,化学,070300,化学与材料科学学院,310,50,50,80,80,2026
中国科学技术大学,化学,070300,化学与材料科学学院,310,50,50,80,80,2026
中国科学技术大学,化学,070300,化学与材料科学学院,310,50,50,80,80,2026
中国科学技术大学,化学,070300,国家同步辐射实验室,310,50,50,80,80,2026
中国科学技术大学,化学,070300,合肥微尺度物质科学国家研究中心,340,50,50,80,80,2026
中国科学技术大学,化学,070300,合肥微尺度物质科学国家研究中心,310,50,50,80,80,2026
中国科学技术大学,化学,070300,精准智能化学全国重点实验室,350,50,50,80,80,2026
中国科学技术大学,化学,070300,精准智能化学全国重点实验室,330,50,50,80,80,2026
中国科学技术大学,化学,070300,精准智能化学全国重点实验室,330,50,50,80,80,2026
中国科学技术大学,化学,070300,精准智能化学全国重点实验室,310,50,50,80,80,2026
中国科学技术大学,化学,070300,精准智能化学全国重点实验室,310,50,50,80,80,2026
中国科学技术大学,天文学,070400,天文与空间科学学院（紫台）,310,50,50,80,80,2026
中国科学技术大学,天文学,070400,天文与空间科学学院（紫台）,310,50,50,80,80,2026
中国科学技术大学,天文学,070400,天文与空间科学学院（紫台）,310,50,50,80,80,2026
中国科学技术大学,天文学,070400,天文与空间科学学院（紫台）,310,50,50,80,80,2026
中国科学技术大学,天文学,070400,物理学院,340,50,50,80,80,2026
中国科学技术大学,大气科学,070600,地球和空间科学学院,310,50,50,80,80,2026
中国科学技术大学,地球物理学,070800,地球和空间科学学院,315,50,50,80,80,2026
中国科学技术大学,地球物理学,070800,地球和空间科学学院,315,50,50,80,80,2026
中国科学技术大学,地质学,070900,能源科学与技术学院（广州能源所）,310,50,50,80,80,2026
中国科学技术大学,地质学,070900,地球和空间科学学院,360,50,55,90,90,2026
中国科学技术大学,生物学,071000,研究生院科学岛分院（合肥物质院）,350,50,50,80,80,2026
中国科学技术大学,生物学,071000,生物医学工程学院（苏州医工所）,310,50,50,80,80,2026
中国科学技术大学,生物学,071000,生命科学与医学部,350,55,60,100,100,2026
中国科学技术大学,生物学,071000,生命科学与医学部,320,55,50,100,80,2026
中国科学技术大学,科学技术史,071200,人文与社会科学学院,310,50,50,80,80,2026
中国科学技术大学,生态学,071300,生命科学与医学部,340,55,60,100,100,2026
中国科学技术大学,统计学,071400,管理学院,370,55,55,100,100,2026
中国科学技术大学,理学,07,不区分院系,310,50,50,80,80,2026
中国科学技术大学,力学,080100,工程科学学院,370,50,50,80,80,2026
中国科学技术大学,光学工程,080300,研究生院科学岛分院（合肥物质院）,310,50,50,80,80,2026
中国科学技术大学,光学工程,080300,生物医学工程学院（苏州医工所）,310,50,50,80,80,2026
中国科学技术大学,光学工程,080300,物理学院,310,50,50,80,80,2026
中国科学技术大学,仪器科学与技术,080400,研究生院科学岛分院（合肥物质院）,310,50,50,80,80,2026
中国科学技术大学,仪器科学与技术,080400,工程科学学院,350,50,50,80,80,2026
中国科学技术大学,材料科学与工程,080500,研究生院科学岛分院（合肥物质院）,323,50,50,80,80,2026
中国科学技术大学,材料科学与工程,080500,研究生院科学岛分院（合肥物质院）,310,50,50,80,80,2026
中国科学技术大学,材料科学与工程,080500,材料科学与工程学院（金属研究所）,320,55,55,85,85,2026
中国科学技术大学,材料科学与工程,080500,材料科学与工程学院（金属研究所）,330,55,55,85,85,2026
中国科学技术大学,材料科学与工程,080500,材料科学与工程学院（金属研究所）,320,50,50,80,80,2026
中国科学技术大学,材料科学与工程,080500,材料科学与工程学院（金属研究所）,320,55,55,85,85,2026
中国科学技术大学,材料科学与工程,080500,纳米技术与纳米仿生学院（苏州纳米所）,380,55,55,90,90,2026
中国科学技术大学,材料科学与工程,080500,能源科学与技术学院（广州能源所）,310,50,50,80,80,2026
中国科学技术大学,材料科学与工程,080500,稀土学院（赣江创新院）,320,50,50,80,80,2026
中国科学技术大学,材料科学与工程,080500,化学与材料科学学院,340,50,50,80,80,2026
中国科学技术大学,材料科学与工程,080500,化学与材料科学学院,310,50,50,80,80,2026
中国科学技术大学,材料科学与工程,080500,国家同步辐射实验室,310,50,50,80,80,2026
中国科学技术大学,材料科学与工程,080500,合肥微尺度物质科学国家研究中心,340,50,50,80,80,2026
中国科学技术大学,动力工程及工程热物理,080700,能源科学与技术学院（广州能源所）,310,50,50,80,80,2026
中国科学技术大学,动力工程及工程热物理,080700,能源科学与技术学院（广州能源所）,310,50,50,80,80,2026
中国科学技术大学,动力工程及工程热物理,080700,能源科学与技术学院（广州能源所）,310,50,50,80,80,2026
中国科学技术大学,动力工程及工程热物理,080700,工程科学学院,310,50,50,80,80,2026
中国科学技术大学,电子科学与技术,080900,纳米技术与纳米仿生学院（苏州纳米所）,310,50,50,80,80,2026
中国科学技术大学,电子科学与技术,080900,物理学院,310,50,50,80,80,2026
中国科学技术大学,电子科学与技术,080900,物理学院,310,50,50,80,80,2026
中国科学技术大学,电子科学与技术,080900,信息科学技术学院,310,50,50,80,80,2026
中国科学技术大学,电子科学与技术,080900,微电子学院,320,50,50,80,80,2026
中国科学技术大学,电子科学与技术,080900,微电子学院,310,50,50,80,80,2026
中国科学技术大学,信息与通信工程,081000,信息科学技术学院,330,50,50,80,80,2026
中国科学技术大学,控制科学与工程,081100,研究生院科学岛分院（合肥物质院）,310,50,50,80,80,2026
中国科学技术大学,控制科学与工程,081100,信息科学技术学院,320,50,50,80,80,2026
中国科学技术大学,计算机科学与技术,081200,研究生院科学岛分院（合肥物质院）,344,50,50,80,80,2026
中国科学技术大学,计算机科学与技术,081200,计算机科学与技术学院,355,55,55,105,100,2026
中国科学技术大学,化学工程与技术,081700,应用化学与工程学院（长春应化所）,330,50,50,80,80,2026
中国科学技术大学,化学工程与技术,081700,能源科学与技术学院（广州能源所）,310,50,50,80,80,2026
中国科学技术大学,化学工程与技术,081700,化学与材料科学学院,310,50,50,80,80,2026
中国科学技术大学,核科学与技术,082700,研究生院科学岛分院（合肥物质院）,313,50,50,80,80,2026
中国科学技术大学,核科学与技术,082700,核科学技术学院,310,50,50,80,80,2026
中国科学技术大学,核科学与技术,082700,核科学技术学院,310,50,50,80,80,2026
中国科学技术大学,核科学与技术,082700,国家同步辐射实验室,310,50,50,80,80,2026
中国科学技术大学,环境科学与工程,083000,能源科学与技术学院（广州能源所）,310,50,50,80,80,2026
中国科学技术大学,环境科学与工程,083000,稀土学院（赣江创新院）,310,50,50,80,80,2026
中国科学技术大学,环境科学与工程,083000,环境科学与光电技术学院,310,50,50,80,80,2026
中国科学技术大学,环境科学与工程,083000,环境科学与工程系,310,50,50,80,80,2026
中国科学技术大学,生物医学工程,083100,生物医学工程学院（苏州医工所）,310,50,50,80,80,2026
中国科学技术大学,安全科学与工程,083700,火灾安全全国重点实验室,310,50,50,80,80,2026
中国科学技术大学,网络空间安全,083900,网络空间安全学院,310,50,50,80,80,2026
中国科学技术大学,电子信息,085400,研究生院科学岛分院（合肥物质院）,350,50,50,70,70,2026
中国科学技术大学,电子信息,085400,研究生院科学岛分院（合肥物质院）,341,50,50,70,70,2026
中国科学技术大学,电子信息,085400,研究生院科学岛分院（合肥物质院）,351,50,50,70,70,2026
中国科学技术大学,电子信息,085400,研究生院科学岛分院（合肥物质院）,319,50,50,70,70,2026
中国科学技术大学,电子信息,085400,纳米技术与纳米仿生学院（苏州纳米所）,355,55,55,90,90,2026
中国科学技术大学,电子信息,085400,生物医学工程学院（苏州医工所）,310,50,50,80,80,2026
中国科学技术大学,电子信息,085400,生物医学工程学院（苏州医工所）,325,50,50,80,80,2026
中国科学技术大学,电子信息,085400,物理学院,300,50,50,70,70,2026
中国科学技术大学,电子信息,085400,工程科学学院,340,50,50,80,80,2026
中国科学技术大学,电子信息,085400,信息科学技术学院,350,50,50,80,80,2026
中国科学技术大学,电子信息,085400,信息科学技术学院,360,50,50,80,80,2026
中国科学技术大学,电子信息,085400,计算机科学与技术学院,355,50,50,100,95,2026
中国科学技术大学,电子信息,085400,先进技术研究院,338,50,50,70,70,2026
中国科学技术大学,电子信息,085400,先进技术研究院,331,50,50,70,70,2026
中国科学技术大学,电子信息,085400,先进技术研究院,347,50,50,70,70,2026
中国科学技术大学,电子信息,085400,先进技术研究院,339,50,50,70,70,2026
中国科学技术大学,电子信息,085400,微电子学院,355,50,50,80,80,2026
中国科学技术大学,电子信息,085400,微电子学院,350,50,50,80,80,2026
中国科学技术大学,电子信息,085400,网络空间安全学院,305,50,50,70,70,2026
中国科学技术大学,电子信息,085400,人工智能与数据科学学院,330,50,50,90,70,2026
中国科学技术大学,电子信息,085400,人工智能与数据科学学院,350,50,50,90,80,2026
中国科学技术大学,电子信息,085400,生命科学与医学部-生物医学工程学院,310,50,50,70,70,2026
中国科学技术大学,电子信息,085400,生命科学与医学部-生物医学工程学院,330,50,50,75,75,2026
中国科学技术大学,电子信息,085400,生命科学与医学部-生物医学工程学院,310,50,50,70,75,2026
中国科学技术大学,软件工程,085405,软件学院,388,60,60,100,100,2026
中国科学技术大学,机械,085500,研究生院科学岛分院（合肥物质院）,319,50,50,70,70,2026
中国科学技术大学,机械,085500,研究生院科学岛分院（合肥物质院）,345,50,50,70,70,2026
中国科学技术大学,机械,085500,生物医学工程学院（苏州医工所）,310,50,50,80,80,2026
中国科学技术大学,机械,085500,工程科学学院,370,50,50,80,80,2026
中国科学技术大学,材料与化工,085600,研究生院科学岛分院（合肥物质院）,340,50,50,70,70,2026
中国科学技术大学,材料与化工,085600,研究生院科学岛分院（合肥物质院）,325,50,50,70,70,2026
中国科学技术大学,材料与化工,085600,材料科学与工程学院（金属研究所）,340,55,55,90,90,2026
中国科学技术大学,材料与化工,085600,纳米技术与纳米仿生学院（苏州纳米所）,340,55,55,90,90,2026
中国科学技术大学,材料与化工,085600,应用化学与工程学院（长春应化所）,325,50,50,70,70,2026
中国科学技术大学,材料与化工,085600,应用化学与工程学院（长春应化所）,330,50,50,70,70,2026
中国科学技术大学,材料与化工,085600,能源科学与技术学院（广州能源所）,300,50,50,70,70,2026
中国科学技术大学,材料与化工,085600,稀土学院（赣江创新院）,315,50,50,70,70,2026
中国科学技术大学,材料与化工,085600,先进技术研究院,340,50,50,70,70,2026
中国科学技术大学,材料与化工,085600,先进技术研究院,300,50,50,70,70,2026
中国科学技术大学,材料与化工,085600,纳米科学技术学院,365,50,50,70,70,2026
中国科学技术大学,材料与化工,085600,纳米科学技术学院,300,50,50,70,70,2026
中国科学技术大学,资源与环境,085700,研究生院科学岛分院（合肥物质院）,300,50,50,70,70,2026
中国科学技术大学,资源与环境,085700,稀土学院（赣江创新院）,300,50,50,70,70,2026
中国科学技术大学,资源与环境,085700,地球和空间科学学院,300,50,50,80,80,2026
中国科学技术大学,资源与环境,085700,地球和空间科学学院,300,50,50,80,80,2026
中国科学技术大学,资源与环境,085700,环境科学与光电技术学院,300,50,50,70,70,2026
中国科学技术大学,资源与环境,085700,环境科学与工程系,300,50,50,70,70,2026
中国科学技术大学,能源动力,085800,研究生院科学岛分院（合肥物质院）,335,50,50,70,70,2026
中国科学技术大学,能源动力,085800,研究生院科学岛分院（合肥物质院）,315,50,50,70,70,2026
中国科学技术大学,能源动力,085800,能源科学与技术学院（广州能源所）,300,50,50,70,70,2026
中国科学技术大学,能源动力,085800,能源科学与技术学院（广州能源所）,300,50,50,70,70,2026
中国科学技术大学,能源动力,085800,能源科学与技术学院（广州能源所）,300,50,50,70,70,2026
中国科学技术大学,能源动力,085800,工程科学学院,375,50,50,80,80,2026
中国科学技术大学,能源动力,085800,工程科学学院,310,50,50,80,80,2026
中国科学技术大学,能源动力,085800,核科学技术学院,300,50,50,70,70,2026
中国科学技术大学,能源动力,085800,国家同步辐射实验室,300,50,50,70,70,2026
中国科学技术大学,生物与医药,086000,研究生院科学岛分院（合肥物质院）,310,50,50,70,70,2026
中国科学技术大学,生物与医药,086000,纳米技术与纳米仿生学院（苏州纳米所）,340,55,55,90,90,2026
中国科学技术大学,生物与医药,086000,生物医学工程学院（苏州医工所）,310,50,50,80,80,2026
中国科学技术大学,生物与医药,086000,先进技术研究院,300,50,50,70,70,2026
中国科学技术大学,生物与医药,086000,生命科学与医学部,345,55,60,100,100,2026
中国科学技术大学,生物与医药,086000,生命科学与医学部-生物医学工程学院,320,50,50,85,85,2026
中国科学技术大学,电子信息,0854,不区分院系,300,50,50,70,70,2026
中国科学技术大学,机械,0855,不区分院系,300,50,50,70,70,2026
中国科学技术大学,材料与化工,0856,不区分院系,300,50,50,70,70,2026
中国科学技术大学,资源与环境,0857,不区分院系,300,50,50,70,70,2026
中国科学技术大学,能源动力,0858,不区分院系,300,50,50,70,70,2026
中国科学技术大学,生物与医药,0860,不区分院系,300,50,50,70,70,2026
中国科学技术大学,工学（不含工学照顾专业）,08,不区分院系,310,50,50,80,80,2026
中国科学技术大学,临床医学,100200,生命科学与医学部,345,55,55,200,0,2026
中国科学技术大学,临床医学,105100,生命科学与医学部,350,50,50,200,0,2026
中国科学技术大学,临床医学,1051,不区分院系,350,50,50,200,0,2026
中国科学技术大学,医学,10,不区分院系,345,55,55,200,0,2026
中国科学技术大学,管理科学与工程,120100,管理学院,370,55,55,85,100,2026
中国科学技术大学,工商管理学,120200,管理学院,345,55,55,85,100,2026
中国科学技术大学,公共管理学,120400,公共事务学院,370,60,60,100,100,2026
中国科学技术大学,工商管理,125100,管理学院,146,0,35,70,0,2026
中国科学技术大学,公共管理,125200,公共事务学院,230,0,50,100,0,2026
中国科学技术大学,公共管理,125200,公共事务学院,180,0,40,80,0,2026
中国科学技术大学,工程管理,125601,管理学院,166,0,39,78,0,2026
中国科学技术大学,物流工程与管理,125604,管理学院,250,0,50,100,0,2026
中国科学技术大学,工商管理,1251,不区分院系,146,0,35,70,0,2026
中国科学技术大学,管理学,12,不区分院系,345,55,55,85,100,2026
中国科学技术大学,集成电路科学与工程,140100,微电子学院,310,50,50,80,80,2026
中国科学技术大学,集成电路科学与工程,140100,微电子学院,310,50,50,80,80,2026
中国科学技术大学,智能科学与技术,140500,人工智能与数据科学学院,350,50,50,90,80,2026
中国科学技术大学,纳米科学与工程,140600,纳米科学技术学院,310,50,50,80,80,2026
中国科学技术大学,文物,145100,人文与社会科学学院,380,55,55,115,115,2026
中国科学技术大学,文物,1451,不区分院系,380,55,55,115,115,2026
中国科学技术大学,交叉学科,14,不区分院系,310,50,50,80,80,2026
武汉大学,中国哲学,010102,中国传统文化研究中心,340,55,50,90,90,2023
武汉大学,哲学,0101,哲学学院,340,55,50,90,90,2023
武汉大学,健康经济学,0202J6,董辅礽经济社会发展研究院,350,55,55,90,100,2023
武汉大学,金融,025100,经济与管理学院,346,48,48,72,72,2023
武汉大学,应用统计,025200,数学与统计学院,370,55,55,90,90,2023
武汉大学,理论经济学,0201,经济与管理学院,350,55,55,90,90,2023
武汉大学,应用经济学,0202,经济与管理学院,346,48,48,72,72,2023
武汉大学,宪法学与行政法学,030103,党内法规研究中心,380,65,55,100,100,2023
武汉大学,国际法学,030109,中国边界与海洋研究院,350,60,50,90,90,2023
武汉大学,网络法学,0301J1,国家网络安全学院,330,60,60,100,85,2023
武汉大学,政治学理论,030201,政治与公共管理学院,355,60,60,90,90,2023
武汉大学,中外政治制度,030202,政治与公共管理学院,355,60,60,90,90,2023
武汉大学,科学社会主义与国际共产主义运动,030203,马克思主义学院,345,60,50,90,90,2023
武汉大学,中共党史,030204,马克思主义学院,375,60,50,90,90,2023
武汉大学,国际政治,030206,政治与公共管理学院,355,60,60,90,90,2023
武汉大学,国际关系,030207,国际问题研究院,330,60,50,90,90,2023
武汉大学,国际关系,030207,政治与公共管理学院,355,60,60,90,90,2023
武汉大学,马克思主义基本原理,030501,马克思主义学院,355,60,50,90,90,2023
武汉大学,马克思主义发展史,030502,马克思主义学院,355,60,50,90,90,2023
武汉大学,马克思主义中国化研究,030503,马克思主义学院,355,60,50,90,90,2023
武汉大学,国外马克思主义研究,030504,马克思主义学院,355,60,50,90,90,2023
武汉大学,思想政治教育,030505,马克思主义学院,345,60,50,90,90,2023
武汉大学,中国近现代史基本问题研究,030506,马克思主义学院,355,60,50,90,90,2023
武汉大学,党的建设,0305Z1,不区分院系,380,75,65,115,115,2023
武汉大学,党的建设,0305Z1,马克思主义学院,355,60,50,90,90,2023
武汉大学,法律（非法学）,035101,法学院,350,60,60,90,90,2023
武汉大学,法律（法学）,035102,法学院,355,60,60,90,90,2023
武汉大学,社会工作,035200,社会学院,370,60,60,90,90,2023
武汉大学,法学,0301,法学院,360,60,60,90,90,2023
武汉大学,社会学,0303,社会学院,370,60,60,90,90,2023
武汉大学,发展与教育心理学,040202,马克思主义学院,350,60,55,200,0,2023
武汉大学,教育管理,045101,教育科学研究院,350,51,51,90,90,2023
武汉大学,汉语国际教育,045300,文学院,355,60,60,90,90,2023
武汉大学,教育学,0401,教育科学研究院,350,55,55,180,0,2023
武汉大学,心理学,0402,哲学学院,350,60,60,200,0,2023
武汉大学,中国古代文学,050105,中国传统文化研究中心,363,55,55,100,100,2023
武汉大学,新闻与传播,055200,新闻与传播学院,365,60,60,105,105,2023
武汉大学,出版,055300,信息管理学院,385,60,60,90,90,2023
武汉大学,中国语言文学,0501,文学院,363,55,55,100,100,2023
武汉大学,外国语言文学,0502,外国语言文学学院,365,54,54,100,100,2023
武汉大学,新闻传播学,0503,新闻与传播学院,365,60,60,100,100,2023
武汉大学,翻译,0551,外国语言文学学院,380,60,65,110,110,2023
武汉大学,中国史,060200,中国传统文化研究中心,355,65,65,225,0,2023
武汉大学,文物与博物馆,065100,历史学院,345,55,60,210,0,2023
武汉大学,考古学,0601,历史学院,336,50,50,210,0,2023
武汉大学,中国史,0602,历史学院,355,65,65,225,0,2023
武汉大学,世界史,0603,历史学院,350,60,60,210,0,2023
武汉大学,无线电物理,070208,电子信息学院,325,50,50,80,90,2023
武汉大学,自然地理学,070501,马克思主义学院,340,60,50,90,90,2023
武汉大学,人文地理学,070502,马克思主义学院,340,60,50,90,90,2023
武汉大学,地图学与地理信息系统,070503,马克思主义学院,365,60,50,90,90,2023
武汉大学,地图学与地理信息系统,070503,遥感信息工程学院,340,55,60,85,90,2023
武汉大学,地图学与地理信息系统,070503,测绘遥感信息工程国家重点实验室,365,55,55,90,90,2023
武汉大学,资源环境监测与规划,0705Z1,马克思主义学院,340,60,50,90,90,2023
武汉大学,地球物理学,070800,湖北珞珈实验室,300,50,50,80,90,2023
武汉大学,固体地球物理学,070801,中国南极测绘研究中心,340,55,55,90,90,2023
武汉大学,生物物理学,071011,物理科学与技术学院,330,50,50,80,80,2023
武汉大学,环境科学,077601,马克思主义学院,330,50,50,90,90,2023
武汉大学,数学,0701,数学与统计学院,310,45,45,75,75,2023
武汉大学,物理学,0702,物理科学与技术学院,355,50,50,85,85,2023
武汉大学,物理学,0702,高等研究院,355,50,50,85,85,2023
武汉大学,化学,0703,化学与分子科学学院,285,50,45,90,90,2023
武汉大学,化学,0703,高等研究院,285,50,45,90,90,2023
武汉大学,天文学,0704,物理科学与技术学院,350,50,50,85,85,2023
武汉大学,地球物理学,0708,电子信息学院,300,50,50,80,90,2023
武汉大学,地球物理学,0708,测绘学院,340,55,55,90,90,2023
武汉大学,生物学,0710,生命科学学院,335,50,50,90,90,2023
武汉大学,生物学,0710,高等研究院,335,50,50,90,90,2023
武汉大学,生物学,0710,医学研究院,325,55,55,90,90,2023
武汉大学,生态学,0713,生命科学学院,335,50,50,90,90,2023
武汉大学,统计学,0714,数学与统计学院,310,45,45,75,75,2023
武汉大学,基础医学,0778,泰康医学院（基础医学院）,330,50,50,90,90,2023
武汉大学,流体力学,080103,水利水电学院,290,50,45,70,85,2023
武汉大学,材料物理与化学,080501,物理科学与技术学院,355,50,50,85,85,2023
武汉大学,纳米科学与技术,0805Z1,物理科学与技术学院,355,50,50,85,85,2023
武汉大学,电子科学与技术,080900,湖北珞珈实验室,305,50,50,80,90,2023
武汉大学,物理电子学,080901,物理科学与技术学院,330,50,50,80,80,2023
武汉大学,电路与系统,080902,卫星导航定位技术研究中心,300,60,60,70,80,2023
武汉大学,微电子学与固体电子学,080903,物理科学与技术学院,330,50,50,80,80,2023
武汉大学,信息与通信工程,081000,湖北珞珈实验室,340,50,50,80,90,2023
武汉大学,通信与信息系统,081001,计算机学院,315,55,55,90,90,2023
武汉大学,通信与信息系统,081001,测绘遥感信息工程国家重点实验室,340,55,55,90,90,2023
武汉大学,控制科学与工程,081100,湖北珞珈实验室,350,55,55,80,90,2023
武汉大学,控制理论与控制工程,081101,电气与自动化学院,315,55,55,75,95,2023
武汉大学,模式识别与智能系统,081104,遥感信息工程学院,335,50,60,85,90,2023
武汉大学,导航、制导与控制,081105,卫星导航定位技术研究中心,340,60,60,90,90,2023
武汉大学,计算机科学与技术,081200,湖北珞珈实验室,315,55,55,80,90,2023
武汉大学,计算机应用技术,081203,测绘遥感信息工程国家重点实验室,315,55,55,90,90,2023
武汉大学,水工结构工程,081503,水工程科学研究院,290,50,45,70,85,2023
武汉大学,水利水电工程,081504,动力与机械学院,320,50,50,90,100,2023
武汉大学,测绘科学与技术,081600,湖北珞珈实验室,320,50,50,80,90,2023
武汉大学,大地测量学与测量工程,081601,卫星导航定位技术研究中心,340,60,45,90,90,2023
武汉大学,摄影测量与遥感,081602,遥感信息工程学院,335,55,60,85,90,2023
武汉大学,地图制图学与地理信息工程,081603,资源与环境科学学院,320,60,50,90,90,2023
武汉大学,环境工程,083002,水利水电学院,290,50,45,70,85,2023
武汉大学,环境工程,083002,资源与环境科学学院,330,50,50,90,90,2023
武汉大学,包装与环境工程,0830Z1,图像传播与印刷包装研究中心,315,55,55,75,75,2023
武汉大学,城乡规划学,083300,城市设计学院,365,55,50,90,90,2023
武汉大学,图像传播工程,0835Z1,图像传播与印刷包装研究中心,315,55,55,75,75,2023
武汉大学,建筑学,085100,城市设计学院,330,55,45,90,90,2023
武汉大学,城市规划,085300,城市设计学院,325,55,45,90,90,2023
武汉大学,电子信息,085400,国家网络安全学院,355,55,55,90,90,2023
武汉大学,电子信息,085400,测绘遥感信息工程国家重点实验室,360,50,50,90,80,2023
武汉大学,电子信息,085400,湖北珞珈实验室,375,50,50,90,90,2023
武汉大学,通信工程（含宽带网络、移动通信等）,085402,物理科学与技术学院,325,50,50,80,80,2023
武汉大学,集成电路工程,085403,物理科学与技术学院,340,50,50,80,80,2023
武汉大学,控制工程,085406,电气与自动化学院,310,50,55,80,80,2023
武汉大学,机械,085500,动力与机械学院,360,50,50,90,100,2023
武汉大学,材料与化工,085600,化学与分子科学学院,290,45,50,75,80,2023
武汉大学,材料与化工,085600,图像传播与印刷包装研究中心,290,50,50,70,70,2023
武汉大学,材料工程,085601,物理科学与技术学院,340,50,50,80,80,2023
武汉大学,资源与环境,085700,测绘遥感信息工程国家重点实验室,360,50,50,90,90,2023
武汉大学,资源与环境,085700,湖北珞珈实验室,360,50,50,90,90,2023
武汉大学,环境工程,085701,资源与环境科学学院,320,50,50,75,75,2023
武汉大学,测绘工程,085704,资源与环境科学学院,360,50,50,90,90,2023
武汉大学,测绘工程,085704,遥感信息工程学院,330,55,55,85,85,2023
武汉大学,测绘工程,085704,测绘学院,340,55,55,90,90,2023
武汉大学,能源动力,085800,动力与机械学院,360,50,50,90,100,2023
武汉大学,电气工程,085801,电气与自动化学院,310,50,55,80,80,2023
武汉大学,土木水利,085900,水利水电学院,320,50,55,85,85,2023
武汉大学,土木工程,085901,土木建筑工程学院,350,50,55,90,90,2023
武汉大学,市政工程（含给排水等）,085905,土木建筑工程学院,350,55,55,90,90,2023
武汉大学,生物与医药,086000,生命科学学院,335,50,50,90,90,2023
武汉大学,力学,0801,土木建筑工程学院,295,60,60,85,85,2023
武汉大学,机械工程,0802,动力与机械学院,320,50,50,90,100,2023
武汉大学,机械工程,0802,工业科学研究院,320,50,50,80,80,2023
武汉大学,光学工程,0803,电子信息学院,325,50,50,80,90,2023
武汉大学,仪器科学与技术,0804,电子信息学院,325,50,50,80,90,2023
武汉大学,材料科学与工程,0805,化学与分子科学学院,285,50,45,90,90,2023
武汉大学,材料科学与工程,0805,动力与机械学院,320,50,50,90,100,2023
武汉大学,材料科学与工程,0805,高等研究院,285,50,45,90,90,2023
武汉大学,材料科学与工程,0805,工业科学研究院,320,50,50,80,80,2023
武汉大学,动力工程及工程热物理,0807,动力与机械学院,320,50,50,90,100,2023
武汉大学,电气工程,0808,电气与自动化学院,315,55,55,75,95,2023
武汉大学,电子科学与技术,0809,电子信息学院,305,50,50,80,90,2023
武汉大学,电子科学与技术,0809,工业科学研究院,305,50,50,80,80,2023
武汉大学,信息与通信工程,0810,电子信息学院,340,50,50,80,90,2023
武汉大学,控制科学与工程,0811,测绘学院,350,55,55,90,90,2023
武汉大学,计算机科学与技术,0812,计算机学院,315,55,55,90,90,2023
武汉大学,建筑学,0813,城市设计学院,320,55,45,90,75,2023
武汉大学,土木工程,0814,土木建筑工程学院,290,55,45,75,75,2023
武汉大学,水利工程,0815,水利水电学院,290,50,45,70,85,2023
武汉大学,测绘科学与技术,0816,测绘学院,350,55,55,90,90,2023
武汉大学,测绘科学与技术,0816,测绘遥感信息工程国家重点实验室,330,55,55,90,90,2023
武汉大学,测绘科学与技术,0816,中国南极测绘研究中心,340,55,55,90,90,2023
武汉大学,化学工程与技术,0817,化学与分子科学学院,315,55,50,90,90,2023
武汉大学,化学工程与技术,0817,动力与机械学院,320,50,50,90,100,2023
武汉大学,软件工程,0835,计算机学院,315,55,55,90,90,2023
武汉大学,网络空间安全,0839,国家网络安全学院,335,55,55,90,90,2023
武汉大学,电子信息,0854,计算机学院,360,55,60,100,90,2023
武汉大学,资源与环境,0857,中国南极测绘研究中心,330,55,55,85,90,2023
武汉大学,基础医学,1001,泰康医学院（基础医学院）,305,50,50,180,0,2023
武汉大学,基础医学,1001,第二临床学院,305,50,50,180,0,2023
武汉大学,基础医学,1001,不区分院系,305,50,50,180,0,2023
武汉大学,临床医学,1002,第一临床学院,320,50,50,180,0,2023
武汉大学,临床医学,1002,第二临床学院,320,50,50,180,0,2023
武汉大学,口腔医学,1003,第一临床学院,300,55,55,185,0,2023
武汉大学,口腔医学,1003,第二临床学院,300,55,55,185,0,2023
武汉大学,口腔医学,1003,口腔医学院,300,55,55,185,0,2023
武汉大学,公共卫生与预防医学,1004,公共卫生学院,300,50,50,160,0,2023
武汉大学,药学,1007,第一临床学院,320,55,55,180,0,2023
武汉大学,药学,1007,第二临床学院,320,55,55,180,0,2023
武汉大学,药学,1007,药学院,320,55,55,180,0,2023
武汉大学,护理学,1011,第二临床学院,315,55,50,200,0,2023
武汉大学,护理学,1011,护理学院,315,55,50,200,0,2023
武汉大学,临床医学,1051,第一临床学院,330,50,50,180,0,2023
武汉大学,临床医学,1051,第二临床学院,330,50,50,180,0,2023
武汉大学,口腔医学,1052,第二临床学院,330,55,55,200,0,2023
武汉大学,口腔医学,1052,口腔医学院,330,55,55,200,0,2023
武汉大学,公共卫生,1053,公共卫生学院,300,50,50,160,0,2023
武汉大学,护理,1054,第一临床学院,310,55,45,195,0,2023
武汉大学,护理,1054,第二临床学院,310,55,45,195,0,2023
武汉大学,护理,1054,护理学院,310,55,45,195,0,2023
武汉大学,药学,1055,第二临床学院,340,55,55,180,0,2023
武汉大学,药学,1055,药学院,340,55,55,180,0,2023
武汉大学,中药学,1056,第一临床学院,315,55,55,180,0,2023
武汉大学,中药学,1056,药学院,315,55,55,180,0,2023
武汉大学,生物医学工程,1072,泰康医学院（基础医学院）,300,45,45,180,0,2023
武汉大学,生物医学工程,1072,第一临床学院,300,45,45,180,0,2023
武汉大学,行政管理,120401,政治与公共管理学院,380,60,60,105,105,2023
武汉大学,社会医学与卫生事业管理,120402,政治与公共管理学院,370,60,60,90,90,2023
武汉大学,社会保障,120404,政治与公共管理学院,370,60,60,90,90,2023
武汉大学,土地资源管理,120405,政治与公共管理学院,380,60,60,105,105,2023
武汉大学,土地资源管理,120405,资源与环境科学学院,340,60,50,90,90,2023
武汉大学,文化产业管理,1204J1,国家文化发展研究院,375,60,55,110,110,2023
武汉大学,宏观质量管理,1204J2,质量发展战略研究院,355,55,47,110,110,2023
武汉大学,公共经济管理,1204Z1,政治与公共管理学院,370,60,60,90,90,2023
武汉大学,应急管理,1204Z2,政治与公共管理学院,380,60,60,105,105,2023
武汉大学,工商管理,125100,经济与管理学院,167,0,41,82,0,2023
武汉大学,工商管理,125100,董辅礽经济社会发展研究院,167,0,41,82,0,2023
武汉大学,公共管理,125200,政治与公共管理学院,210,0,60,135,0,2023
武汉大学,会计,125300,经济与管理学院,197,0,51,102,0,2023
武汉大学,旅游管理,125400,国家文化发展研究院,180,0,50,100,0,2023
武汉大学,图书情报,125500,信息管理学院,255,0,60,110,0,2023
武汉大学,工程管理,125601,信息管理学院,200,0,60,110,0,2023
武汉大学,工程管理,125601,水利水电学院,180,0,45,110,0,2023
武汉大学,工程管理,125601,动力与机械学院,190,0,50,100,0,2023
武汉大学,工程管理,125601,土木建筑工程学院,190,0,50,110,0,2023
武汉大学,工程管理,125601,经济与管理学院,178,0,44,88,0,2023
武汉大学,管理科学与工程,1201,信息管理学院,345,60,55,90,90,2023
武汉大学,管理科学与工程,1201,经济与管理学院,340,47,47,71,71,2023
武汉大学,工商管理,1202,经济与管理学院,340,47,47,71,71,2023
武汉大学,图书情报与档案管理,1205,信息管理学院,345,50,55,90,90,2023
武汉大学,艺术,135100,艺术学院,380,55,60,120,110,2023
武汉大学,戏剧与影视学,1303,艺术学院,370,60,60,110,105,2023
武汉大学,设计学,1305,城市设计学院,362,55,45,90,90,2023
武汉大学,中国哲学,010102,中国传统文化研究中心,375,60,65,105,105,2024
武汉大学,哲学,0101,哲学学院,375,60,65,105,105,2024
武汉大学,健康经济学,0202J6,董辅礽经济社会发展研究院,360,60,60,90,100,2024
武汉大学,理论经济学,0201,经济与管理学院,360,60,60,95,95,2024
武汉大学,应用经济学,0202,经济与管理学院,350,55,60,85,100,2024
武汉大学,金融,0251,经济与管理学院,338,50,60,71,71,2024
武汉大学,应用统计,0252,数学与统计学院,385,55,55,100,100,2024
武汉大学,国际商务,0254,经济与管理学院,338,47,47,71,71,2024
武汉大学,保险,0255,经济与管理学院,338,47,47,71,71,2024
武汉大学,宪法学与行政法学,030103,党内法规研究中心,380,65,65,100,100,2024
武汉大学,国际法学,030109,中国边界与海洋研究院,395,60,60,90,90,2024
武汉大学,网络法学,0301J1,国家网络安全学院,340,60,60,100,90,2024
武汉大学,科学社会主义与国际共产主义运动,030203,马克思主义学院,360,65,55,100,100,2024
武汉大学,中共党史,030204,马克思主义学院,385,65,55,100,100,2024
武汉大学,国际关系,030207,国际问题研究院,340,60,55,90,90,2024
武汉大学,党的建设,0305Z1,党内法规研究中心,380,65,65,100,100,2024
武汉大学,法律（非法学）,035101,法学院,350,60,60,90,90,2024
武汉大学,法律（法学）,035102,法学院,364,60,60,90,90,2024
武汉大学,法学,0301,法学院,376,60,60,90,90,2024
武汉大学,政治学,0302,政治与公共管理学院,385,60,60,110,110,2024
武汉大学,社会学,0303,社会学院,380,60,60,90,90,2024
武汉大学,马克思主义理论,0305,马克思主义学院,377,65,55,100,100,2024
武汉大学,社会工作,0352,社会学院,380,60,60,90,90,2024
武汉大学,心理学,0402,哲学学院,375,60,65,220,220,2024
武汉大学,国际中文教育,0453,文学院,395,67,67,110,110,2024
武汉大学,文艺学,050101,文学院,385,55,55,108,108,2024
武汉大学,语言学及应用语言学,050102,文学院,390,67,67,120,120,2024
武汉大学,汉语言文字学,050103,文学院,390,67,67,120,120,2024
武汉大学,中国古典文献学,050104,文学院,390,67,67,120,120,2024
武汉大学,中国古代文学,050105,文学院,385,55,55,108,108,2024
武汉大学,中国古代文学,050105,中国传统文化研究中心,385,55,55,108,108,2024
武汉大学,中国现当代文学,050106,文学院,385,55,55,108,108,2024
武汉大学,比较文学与世界文学,050108,文学院,385,55,55,108,108,2024
武汉大学,写作学,0501Z3,文学院,385,55,55,108,108,2024
武汉大学,外国语言文学,0502,外国语言文学学院,380,60,60,110,110,2024
武汉大学,新闻传播学,0503,新闻与传播学院,390,60,60,110,110,2024
武汉大学,翻译,0551,外国语言文学学院,365,60,60,90,90,2024
武汉大学,新闻与传播,0552,新闻与传播学院,375,60,60,105,105,2024
武汉大学,出版,0553,信息管理学院,365,60,60,90,90,2024
武汉大学,考古学,060100,历史学院,355,65,65,205,0,2024
武汉大学,中国史,060200,历史学院,355,65,65,205,0,2024
武汉大学,中国史,060200,中国传统文化研究中心,355,65,65,205,0,2024
武汉大学,世界史,060300,历史学院,355,65,65,205,0,2024
武汉大学,博物馆,065100,历史学院,345,60,60,185,0,2024
武汉大学,无线电物理,070208,电子信息学院,315,50,50,80,90,2024
武汉大学,地图学与地理信息系统,070503,遥感信息工程学院,345,50,55,90,90,2024
武汉大学,地图学与地理信息系统,070503,测绘遥感信息工程国家重点实验室,345,50,55,90,90,2024
武汉大学,固体地球物理学,070801,测绘学院,310,55,55,70,85,2024
武汉大学,固体地球物理学,070801,中国南极测绘研究中心,310,55,55,70,85,2024
武汉大学,空间物理学,070802,电子信息学院,360,50,50,80,90,2024
武汉大学,空间探测与信息处理技术,0708Z1,电子信息学院,330,50,50,80,90,2024
武汉大学,环境科学,077601,资源与环境科学学院,300,50,55,65,75,2024
武汉大学,数学,0701,数学与统计学院,300,50,50,75,75,2024
武汉大学,物理学,0702,物理科学与技术学院,350,50,50,85,85,2024
武汉大学,物理学,0702,高等研究院,350,50,50,85,85,2024
武汉大学,化学,0703,化学与分子科学学院,315,50,50,90,80,2024
武汉大学,化学,0703,高等研究院,315,50,50,90,80,2024
武汉大学,天文学,0704,物理科学与技术学院,350,50,50,85,85,2024
武汉大学,地理学,0705,资源与环境科学学院,345,50,55,90,90,2024
武汉大学,生物学,0710,生命科学学院,370,60,65,100,100,2024
武汉大学,生物学,0710,高等研究院,370,60,65,100,100,2024
武汉大学,生物学,0710,医学研究院,370,60,65,100,100,2024
武汉大学,生态学,0713,生命科学学院,355,55,65,100,100,2024
武汉大学,统计学,0714,数学与统计学院,300,50,50,75,75,2024
武汉大学,基础医学,0778,泰康医学院（基础医学院）,310,50,50,85,85,2024
武汉大学,流体力学,080103,水利水电学院,320,55,60,80,90,2024
武汉大学,材料物理与化学,080501,物理科学与技术学院,330,50,50,85,85,2024
武汉大学,材料加工工程,080503,护理学院,315,55,55,75,75,2024
武汉大学,纳米科学与技术,0805Z1,物理科学与技术学院,330,50,50,85,85,2024
武汉大学,物理电子学,080901,物理科学与技术学院,320,50,50,85,85,2024
武汉大学,微电子学与固体电子学,080903,物理科学与技术学院,320,50,50,85,85,2024
武汉大学,通信与信息系统,081001,计算机学院,315,50,50,80,90,2024
武汉大学,通信与信息系统,081001,测绘遥感信息工程国家重点实验室,315,50,50,80,90,2024
武汉大学,控制理论与控制工程,081101,电气与自动化学院,350,55,55,80,90,2024
武汉大学,模式识别与智能系统,081104,遥感信息工程学院,330,55,55,85,85,2024
武汉大学,导航、制导与控制,081105,测绘学院,374,55,55,85,85,2024
武汉大学,导航、制导与控制,081105,卫星导航定位技术研究中心,374,55,55,85,85,2024
武汉大学,导航、制导与控制,081105,湖北珞珈实验室,374,55,55,85,85,2024
武汉大学,计算机应用技术,081203,测绘遥感信息工程国家重点实验室,330,55,55,85,85,2024
武汉大学,水工结构工程,081503,水工程科学研究院,320,55,60,80,90,2024
武汉大学,大地测量学与测量工程,081601,卫星导航定位技术研究中心,330,55,55,85,85,2024
武汉大学,大地测量学与测量工程,081601,测绘学院,330,55,55,85,85,2024
武汉大学,大地测量学与测量工程,081601,湖北珞珈实验室,330,55,55,85,85,2024
武汉大学,摄影测量与遥感,081602,遥感信息工程学院,330,55,55,85,85,2024
武汉大学,摄影测量与遥感,081602,测绘学院,330,55,55,85,85,2024
武汉大学,摄影测量与遥感,081602,湖北珞珈实验室,330,55,55,85,85,2024
武汉大学,地图制图学与地理信息工程,081603,资源与环境科学学院,330,55,55,85,85,2024
武汉大学,地图制图学与地理信息工程,081603,测绘学院,330,55,55,85,85,2024
武汉大学,应用化学,081704,动力与机械学院,300,45,45,70,85,2024
武汉大学,环境工程,083002,资源与环境科学学院,300,50,55,65,75,2024
武汉大学,环境工程,083002,水利水电学院,320,55,60,80,90,2024
武汉大学,电子信息,085400,电子信息学院,370,50,50,90,90,2024
武汉大学,电子信息,085400,电子信息学院,370,50,50,90,90,2024
武汉大学,电子信息,085400,电子信息学院,280,45,45,60,70,2024
武汉大学,电子信息,085400,电子信息学院,370,50,50,90,90,2024
武汉大学,电子信息,085400,电子信息学院,370,50,50,90,90,2024
武汉大学,电子信息,085400,电子信息学院,370,50,50,90,90,2024
武汉大学,电子信息,085400,电子信息学院,280,45,45,60,70,2024
武汉大学,电子信息,085400,电子信息学院,370,50,50,90,90,2024
武汉大学,电子信息,085400,电子信息学院,370,50,50,90,90,2024
武汉大学,电子信息,085400,国家网络安全学院,335,55,55,90,90,2024
武汉大学,电子信息,085400,湖北珞珈实验室,370,50,50,90,90,2024
武汉大学,通信工程（含宽带网络、移动通信等）,085402,物理科学与技术学院,300,50,50,80,80,2024
武汉大学,集成电路工程,085403,物理科学与技术学院,300,50,50,80,80,2024
武汉大学,计算机技术,085404,计算机学院,335,55,55,90,90,2024
武汉大学,软件工程,085405,电子信息学院,315,50,50,80,90,2024
武汉大学,软件工程,085405,计算机学院,335,55,55,90,90,2024
武汉大学,控制工程,085406,电气与自动化学院,330,50,50,80,90,2024
武汉大学,人工智能,085410,计算机学院,335,55,55,90,90,2024
武汉大学,材料与化工,085600,护理学院,320,55,50,75,75,2024
武汉大学,材料工程,085601,物理科学与技术学院,300,50,50,80,80,2024
武汉大学,资源与环境,085700,湖北珞珈实验室,310,55,55,70,85,2024
武汉大学,环境工程,085701,资源与环境科学学院,290,50,50,65,75,2024
武汉大学,测绘工程,085704,资源与环境科学学院,330,50,50,75,75,2024
武汉大学,测绘工程,085704,测绘学院,310,55,55,70,85,2024
武汉大学,测绘工程,085704,卫星导航定位技术研究中心,310,55,55,70,85,2024
武汉大学,测绘工程,085704,中国南极测绘研究中心,310,55,55,70,85,2024
武汉大学,电气工程,085801,电气与自动化学院,360,50,50,90,90,2024
武汉大学,土木工程,085901,土木建筑工程学院,350,55,55,90,90,2024
武汉大学,水利工程,085902,水利水电学院,310,55,50,75,80,2024
武汉大学,水利工程,085902,水工程科学研究院,310,55,50,75,80,2024
武汉大学,市政工程（含给排水等）,085905,土木建筑工程学院,380,60,60,90,90,2024
武汉大学,力学,0801,土木建筑工程学院,285,55,50,65,80,2024
武汉大学,机械工程,0802,动力与机械学院,300,45,45,70,85,2024
武汉大学,机械工程,0802,工业科学研究院,300,45,45,70,85,2024
武汉大学,材料科学与工程,0805,化学与分子科学学院,320,45,45,90,90,2024
武汉大学,材料科学与工程,0805,动力与机械学院,300,45,45,70,85,2024
武汉大学,材料科学与工程,0805,高等研究院,320,45,45,90,90,2024
武汉大学,材料科学与工程,0805,工业科学研究院,300,45,45,70,85,2024
武汉大学,动力工程及工程热物理,0807,动力与机械学院,300,45,45,70,85,2024
武汉大学,电气工程,0808,电气与自动化学院,350,55,55,80,90,2024
武汉大学,电子科学与技术,0809,电子信息学院,330,50,50,80,90,2024
武汉大学,电子科学与技术,0809,卫星导航定位技术研究中心,330,55,55,80,90,2024
武汉大学,电子科学与技术,0809,工业科学研究院,330,50,50,80,90,2024
武汉大学,信息与通信工程,0810,电子信息学院,315,50,50,80,90,2024
武汉大学,计算机科学与技术,0812,计算机学院,350,55,60,85,85,2024
武汉大学,建筑学,0813,城市设计学院,325,50,50,80,90,2024
武汉大学,土木工程,0814,土木建筑工程学院,285,55,50,65,80,2024
武汉大学,水利工程,0815,水利水电学院,320,55,60,80,90,2024
武汉大学,测绘科学与技术,0816,测绘遥感信息工程国家重点实验室,330,55,55,85,85,2024
武汉大学,测绘科学与技术,0816,中国南极测绘研究中心,330,55,55,85,85,2024
武汉大学,化学工程与技术,0817,化学与分子科学学院,320,45,45,90,90,2024
武汉大学,城乡规划学,0833,城市设计学院,375,50,50,90,90,2024
武汉大学,软件工程,0835,计算机学院,350,55,60,85,85,2024
武汉大学,网络空间安全,0839,国家网络安全学院,345,60,60,90,90,2024
武汉大学,建筑,0851,城市设计学院,325,50,50,80,90,2024
武汉大学,城乡规划,0853,城市设计学院,340,50,50,90,90,2024
武汉大学,电子信息,0854,卫星导航定位技术研究中心,360,55,55,80,90,2024
武汉大学,电子信息,0854,测绘遥感信息工程国家重点实验室,310,50,50,80,80,2024
武汉大学,机械,0855,动力与机械学院,300,45,45,70,85,2024
武汉大学,材料与化工,0856,化学与分子科学学院,280,45,45,70,75,2024
武汉大学,资源与环境,0857,遥感信息工程学院,320,55,55,80,80,2024
武汉大学,资源与环境,0857,测绘遥感信息工程国家重点实验室,320,50,50,80,80,2024
武汉大学,能源动力,0858,动力与机械学院,290,45,45,70,85,2024
武汉大学,生物与医药,0860,生命科学学院,290,50,50,80,80,2024
武汉大学,临床医学,100200,第一临床学院,330,50,55,180,0,2024
武汉大学,临床医学,100200,第二临床学院,330,50,55,180,0,2024
武汉大学,口腔医学,100300,第一临床学院,315,60,60,165,0,2024
武汉大学,口腔医学,100300,第二临床学院,315,60,60,165,0,2024
武汉大学,公共卫生与预防医学,100400,公共卫生学院,325,55,50,210,0,2024
武汉大学,药学,100700,第一临床学院,360,50,55,180,0,2024
武汉大学,药学,100700,第二临床学院,360,50,55,180,0,2024
武汉大学,护理学,101100,护理学院,315,55,45,200,0,2024
武汉大学,临床医学,105100,第一临床学院,340,50,55,180,0,2024
武汉大学,临床医学,105100,第二临床学院,340,50,55,180,0,2024
武汉大学,口腔医学,105200,第一临床学院,325,60,60,180,0,2024
武汉大学,口腔医学,105200,第二临床学院,325,60,60,180,0,2024
武汉大学,公共卫生,105300,公共卫生学院,355,55,60,220,0,2024
武汉大学,护理,105400,第一临床学院,310,50,45,195,0,2024
武汉大学,护理,105400,第二临床学院,310,50,45,195,0,2024
武汉大学,护理,105400,护理学院,310,50,45,195,0,2024
武汉大学,药学,105500,第二临床学院,330,55,55,180,0,2024
武汉大学,中药,105600,第一临床学院,310,55,55,180,0,2024
武汉大学,生物医学工程,107200,第一临床学院,310,50,50,180,0,2024
武汉大学,基础医学,1001,泰康医学院（基础医学院）,310,50,50,180,0,2024
武汉大学,基础医学,1001,医学研究院,310,50,50,180,0,2024
武汉大学,口腔医学,1003,口腔医学院,315,60,60,165,0,2024
武汉大学,药学,1007,药学院,360,55,55,180,0,2024
武汉大学,口腔医学,1052,口腔医学院,325,60,60,180,0,2024
武汉大学,药学,1055,药学院,330,55,55,180,0,2024
武汉大学,中药,1056,药学院,310,55,55,180,0,2024
武汉大学,生物医学工程,1072,泰康医学院（基础医学院）,310,50,50,180,0,2024
武汉大学,管理科学与工程,120100,信息管理学院,350,60,60,90,90,2024
武汉大学,电子商务,1201Z1,信息管理学院,350,60,60,90,90,2024
武汉大学,行政管理,120401,政治与公共管理学院,390,60,60,105,105,2024
武汉大学,社会医学与卫生事业管理,120402,政治与公共管理学院,370,60,60,105,105,2024
武汉大学,教育经济与管理,120403,政治与公共管理学院,370,60,60,105,105,2024
武汉大学,社会保障,120404,政治与公共管理学院,370,60,60,105,105,2024
武汉大学,土地资源管理,120405,政治与公共管理学院,390,60,60,105,105,2024
武汉大学,土地资源管理,120405,资源与环境科学学院,350,50,55,90,90,2024
武汉大学,文化产业管理,1204J1,国家文化发展研究院,360,60,50,110,110,2024
武汉大学,宏观质量管理,1204J2,质量发展战略研究院,360,60,55,110,110,2024
武汉大学,公共经济管理,1204Z1,政治与公共管理学院,370,60,60,105,105,2024
武汉大学,应急管理,1204Z2,政治与公共管理学院,390,60,60,105,105,2024
武汉大学,图书馆学,120501,信息管理学院,355,60,60,90,90,2024
武汉大学,情报学,120502,信息管理学院,350,60,60,90,90,2024
武汉大学,档案学,120503,信息管理学院,355,60,60,90,90,2024
武汉大学,数据科学,1205J7,信息管理学院,350,60,60,90,90,2024
武汉大学,出版发行学,1205Z1,信息管理学院,355,60,60,90,90,2024
武汉大学,信息资源管理,1205Z2,信息管理学院,355,60,60,90,90,2024
武汉大学,保密管理,1205Z3,信息管理学院,350,60,60,90,90,2024
武汉大学,图书情报,125500,信息管理学院,255,0,60,155,0,2024
武汉大学,工程管理,125601,信息管理学院,176,0,45,110,0,2024
武汉大学,工程管理,125601,经济与管理学院,176,0,45,110,0,2024
武汉大学,工程管理,125601,水利水电学院,176,0,45,110,0,2024
武汉大学,工程管理,125601,动力与机械学院,176,0,45,110,0,2024
武汉大学,工程管理,125601,土木建筑工程学院,176,0,45,110,0,2024
武汉大学,工程管理,125601,水工程科学研究院,176,0,45,110,0,2024
武汉大学,管理科学与工程,1201,经济与管理学院,360,60,60,100,100,2024
武汉大学,工商管理学,1202,经济与管理学院,350,60,60,80,100,2024
武汉大学,工商管理,1251,经济与管理学院,162,0,39,78,0,2024
武汉大学,工商管理,1251,董辅礽经济社会发展研究院,162,0,39,78,0,2024
武汉大学,公共管理,1252,政治与公共管理学院,185,0,50,120,0,2024
武汉大学,会计,1253,经济与管理学院,201,0,52,104,0,2024
武汉大学,旅游管理,1254,国家文化发展研究院,170,0,50,100,0,2024
武汉大学,艺术学,1301,艺术学院,395,65,65,120,120,2024
武汉大学,戏剧与影视,1354,艺术学院,365,55,50,105,105,2024
武汉大学,设计学,1370,城市设计学院,370,50,50,90,90,2024
武汉大学,遥感科学与技术,1404,遥感信息工程学院,330,55,55,85,85,2024
武汉大学,遥感科学与技术,1404,测绘遥感信息工程国家重点实验室,330,55,55,85,85,2024
武汉大学,智能科学与技术,1405,计算机学院,350,55,60,85,85,2024
武汉大学,中国哲学,010102,前沿交叉学科研究院,350,55,50,105,105,2025
武汉大学,哲学,0101,哲学学院,350,55,50,105,105,2025
武汉大学,健康经济学,0202J6,前沿交叉学科研究院,323,45,45,90,90,2025
武汉大学,理论经济学,0201,经济与管理学院,330,50,45,90,90,2025
武汉大学,应用经济学,0202,经济与管理学院,340,45,50,90,90,2025
武汉大学,金融,0251,经济与管理学院,370,60,60,100,100,2025
武汉大学,应用统计,0252,数学与统计学院,380,55,55,100,100,2025
武汉大学,国际商务,0254,经济与管理学院,365,55,65,100,100,2025
武汉大学,保险,0255,经济与管理学院,350,55,60,95,95,2025
武汉大学,数字经济,0258,经济与管理学院,355,60,60,100,100,2025
武汉大学,国际法学,030109,前沿交叉学科研究院,335,50,50,90,90,2025
武汉大学,网络法学,0301J1,国家网络安全学院,340,55,55,100,95,2025
武汉大学,党内法规学,0301Z4,法学院,360,55,45,100,100,2025
武汉大学,政治学理论,030201,政治与公共管理学院,350,60,50,90,90,2025
武汉大学,中外政治制度,030202,政治与公共管理学院,350,60,50,90,90,2025
武汉大学,科学社会主义与国际共产主义运动,030203,马克思主义学院,325,55,50,100,100,2025
武汉大学,中共党史,030204,马克思主义学院,325,55,50,100,100,2025
武汉大学,国际政治,030206,政治与公共管理学院,335,60,50,90,90,2025
武汉大学,国际关系,030207,政治与公共管理学院,335,60,50,90,90,2025
武汉大学,国际关系,030207,前沿交叉学科研究院,335,60,50,90,90,2025
武汉大学,法律（非法学）,035101,法学院,330,50,50,90,90,2025
武汉大学,法律（法学）,035102,法学院,323,55,55,85,85,2025
武汉大学,法学,0301,法学院,335,50,50,90,90,2025
武汉大学,社会学,0303,社会学院,340,50,50,90,90,2025
武汉大学,马克思主义理论,0305,马克思主义学院,325,60,50,95,95,2025
武汉大学,心理学,0402,前沿交叉学科研究院,341,50,50,150,0,2025
武汉大学,国际中文教育,0453,文学院,341,45,45,95,95,2025
武汉大学,中国古代文学,050105,前沿交叉学科研究院,351,47,47,100,100,2025
武汉大学,中国语言文学,0501,文学院,351,47,47,100,100,2025
武汉大学,外国语言文学,0502,外国语言文学学院,351,50,50,95,95,2025
武汉大学,新闻传播学,0503,新闻与传播学院,365,60,55,100,100,2025
武汉大学,翻译,0551,外国语言文学学院,370,50,50,110,110,2025
武汉大学,新闻与传播,0552,新闻与传播学院,365,60,60,100,100,2025
武汉大学,出版,0553,信息管理学院,370,60,60,90,90,2025
武汉大学,考古学,0601,历史学院,340,55,43,210,0,2025
武汉大学,中国史,0602,历史学院,336,55,50,205,0,2025
武汉大学,中国史,0602,前沿交叉学科研究院,336,55,50,205,0,2025
武汉大学,世界史,0603,历史学院,340,55,55,210,0,2025
武汉大学,博物馆,0651,历史学院,350,50,50,220,0,2025
武汉大学,无线电物理,070208,电子信息学院,300,50,45,80,90,2025
武汉大学,地图学与地理信息系统,070503,遥感信息工程学院,355,50,50,90,90,2025
武汉大学,地图学与地理信息系统,070503,测绘遥感信息工程国家重点实验室,355,50,50,90,90,2025
武汉大学,固体地球物理学,070801,测绘学院,300,40,40,70,70,2025
武汉大学,空间物理学,070802,电子信息学院,300,50,45,65,90,2025
武汉大学,空间探测与信息处理技术,0708Z1,电子信息学院,300,50,45,65,90,2025
武汉大学,数学,0701,数学与统计学院,315,45,45,80,80,2025
武汉大学,物理学,0702,物理科学与技术学院,285,40,45,70,80,2025
武汉大学,物理学,0702,前沿交叉学科研究院,285,40,45,70,80,2025
武汉大学,化学,0703,化学与分子科学学院,295,45,40,90,90,2025
武汉大学,化学,0703,前沿交叉学科研究院,295,45,40,90,90,2025
武汉大学,天文学,0704,物理科学与技术学院,285,40,45,70,80,2025
武汉大学,地理学,0705,资源与环境科学学院,355,50,50,90,90,2025
武汉大学,生物学,0710,生命科学学院,330,50,45,100,100,2025
武汉大学,生物学,0710,前沿交叉学科研究院,330,50,45,100,100,2025
武汉大学,生态学,0713,生命科学学院,325,50,45,90,90,2025
武汉大学,统计学,0714,数学与统计学院,315,45,45,80,80,2025
武汉大学,基础医学,0778,泰康医学院（基础医学院）,280,40,40,80,80,2025
武汉大学,流体力学,080103,水利水电学院,265,33,33,50,90,2025
武汉大学,材料物理与化学,080501,物理科学与技术学院,280,40,45,55,80,2025
武汉大学,材料加工工程,080503,护理学院,280,45,50,55,90,2025
武汉大学,纳米科学与技术,0805Z1,物理科学与技术学院,280,40,45,55,80,2025
武汉大学,物理电子学,080901,物理科学与技术学院,280,40,45,60,80,2025
武汉大学,微电子学与固体电子学,080903,物理科学与技术学院,280,40,45,60,80,2025
武汉大学,通信与信息系统,081001,计算机学院,310,50,45,80,90,2025
武汉大学,通信与信息系统,081001,测绘遥感信息工程国家重点实验室,310,50,45,80,90,2025
武汉大学,控制理论与控制工程,081101,电气与自动化学院,330,50,50,90,90,2025
武汉大学,模式识别与智能系统,081104,遥感信息工程学院,265,50,45,85,75,2025
武汉大学,导航、制导与控制,081105,测绘学院,260,40,40,70,70,2025
武汉大学,计算机应用技术,081203,测绘遥感信息工程国家重点实验室,310,50,50,80,80,2025
武汉大学,数字化设计与仿真,0813Z1,城市设计学院,350,50,35,90,90,2025
武汉大学,大地测量学与测量工程,081601,测绘遥感信息工程国家重点实验室,310,50,50,80,80,2025
武汉大学,摄影测量与遥感,081602,遥感信息工程学院,310,50,40,80,80,2025
武汉大学,摄影测量与遥感,081602,测绘遥感信息工程国家重点实验室,310,50,40,80,80,2025
武汉大学,地图制图学与地理信息工程,081603,资源与环境科学学院,300,50,45,70,90,2025
武汉大学,地图制图学与地理信息工程,081603,测绘遥感信息工程国家重点实验室,300,50,45,70,90,2025
武汉大学,环境工程,083002,水利水电学院,265,34,34,51,90,2025
武汉大学,电子信息,085400,测绘遥感信息工程国家重点实验室,285,50,50,80,90,2025
武汉大学,电子信息,085400,测绘遥感信息工程国家重点实验室,350,50,50,100,85,2025
武汉大学,电子信息,085400,测绘遥感信息工程国家重点实验室,350,50,50,100,85,2025
武汉大学,电子信息,085400,测绘遥感信息工程国家重点实验室,285,50,50,80,90,2025
武汉大学,通信工程（含宽带网络、移动通信等）,085402,物理科学与技术学院,300,40,40,60,80,2025
武汉大学,集成电路工程,085403,物理科学与技术学院,300,40,40,60,80,2025
武汉大学,计算机技术,085404,计算机学院,320,50,50,90,90,2025
武汉大学,软件工程,085405,计算机学院,320,50,50,90,90,2025
武汉大学,软件工程,085405,电子信息学院,310,50,50,80,90,2025
武汉大学,控制工程,085406,电气与自动化学院,340,45,45,80,80,2025
武汉大学,材料工程,085601,物理科学与技术学院,300,40,40,60,80,2025
武汉大学,环境工程,085701,资源与环境科学学院,300,50,40,75,90,2025
武汉大学,测绘工程,085704,资源与环境科学学院,335,50,40,75,90,2025
武汉大学,测绘工程,085704,测绘学院,310,50,50,80,80,2025
武汉大学,电气工程,085801,电气与自动化学院,300,45,45,80,80,2025
武汉大学,电气工程,085801,前沿交叉学科研究院,300,45,45,80,80,2025
武汉大学,土木工程,085901,土木建筑工程学院,330,50,45,90,90,2025
武汉大学,水利工程,085902,水利水电学院,325,50,50,90,90,2025
武汉大学,市政工程（含给排水等）,085905,土木建筑工程学院,310,50,50,85,90,2025
武汉大学,机器人技术,0863S1,计算机学院,280,45,45,60,65,2025
武汉大学,力学,0801,土木建筑工程学院,275,45,35,55,90,2025
武汉大学,机械工程,0802,动力与机械学院,290,40,35,65,90,2025
武汉大学,材料科学与工程,0805,化学与分子科学学院,300,50,50,75,90,2025
武汉大学,材料科学与工程,0805,动力与机械学院,290,40,35,65,90,2025
武汉大学,材料科学与工程,0805,前沿交叉学科研究院,300,50,50,75,90,2025
武汉大学,动力工程及工程热物理,0807,动力与机械学院,290,40,35,65,90,2025
武汉大学,电气工程,0808,电气与自动化学院,330,50,50,90,90,2025
武汉大学,电气工程,0808,前沿交叉学科研究院,330,50,50,90,90,2025
武汉大学,电子科学与技术,0809,电子信息学院,310,50,45,80,90,2025
武汉大学,信息与通信工程,0810,电子信息学院,310,50,45,80,90,2025
武汉大学,计算机科学与技术,0812,计算机学院,325,50,50,100,100,2025
武汉大学,建筑学,0813,城市设计学院,350,50,35,90,90,2025
武汉大学,土木工程,0814,土木建筑工程学院,275,45,35,55,90,2025
武汉大学,水利工程,0815,水利水电学院,265,33,33,50,90,2025
武汉大学,测绘科学与技术,0816,测绘学院,310,50,50,80,80,2025
武汉大学,环境科学与工程,0830,资源与环境科学学院,300,50,45,70,90,2025
武汉大学,城乡规划学,0833,城市设计学院,335,50,35,90,90,2025
武汉大学,软件工程,0835,计算机学院,325,50,50,100,100,2025
武汉大学,网络空间安全,0839,国家网络安全学院,295,50,45,85,85,2025
武汉大学,建筑,0851,城市设计学院,310,50,35,90,90,2025
武汉大学,城乡规划,0853,城市设计学院,330,50,35,90,90,2025
武汉大学,电子信息,0854,电子信息学院,285,50,50,80,90,2025
武汉大学,电子信息,0854,国家网络安全学院,350,50,50,100,85,2025
武汉大学,机械,0855,动力与机械学院,310,40,40,65,90,2025
武汉大学,材料与化工,0856,化学与分子科学学院,300,45,50,75,90,2025
武汉大学,材料与化工,0856,护理学院,300,50,45,65,90,2025
武汉大学,资源与环境,0857,遥感信息工程学院,280,50,45,60,65,2025
武汉大学,资源与环境,0857,测绘遥感信息工程国家重点实验室,280,50,45,60,65,2025
武汉大学,能源动力,0858,动力与机械学院,310,40,40,65,90,2025
武汉大学,生物与医药,0860,生命科学学院,325,50,45,100,100,2025
武汉大学,基础医学,1001,泰康医学院（基础医学院）,295,40,40,180,0,2025
武汉大学,临床医学,1002,第一临床学院,300,50,40,180,0,2025
武汉大学,临床医学,1002,第二临床学院,300,50,40,180,0,2025
武汉大学,口腔医学,1003,第二临床学院,305,55,55,185,0,2025
武汉大学,口腔医学,1003,口腔医学院,305,55,55,185,0,2025
武汉大学,公共卫生与预防医学,1004,公共卫生学院,320,50,50,210,0,2025
武汉大学,药学,1007,第一临床学院,310,55,45,180,0,2025
武汉大学,药学,1007,第二临床学院,310,55,45,180,0,2025
武汉大学,药学,1007,药学院,310,55,45,180,0,2025
武汉大学,护理学,1011,护理学院,320,55,40,200,0,2025
武汉大学,临床医学,1051,第一临床学院,335,50,50,180,0,2025
武汉大学,临床医学,1051,第二临床学院,335,50,50,180,0,2025
武汉大学,口腔医学,1052,第一临床学院,315,55,55,185,0,2025
武汉大学,口腔医学,1052,第二临床学院,315,55,55,185,0,2025
武汉大学,口腔医学,1052,口腔医学院,315,55,55,185,0,2025
武汉大学,公共卫生,1053,公共卫生学院,310,50,45,200,0,2025
武汉大学,护理,1054,第一临床学院,305,45,36,195,0,2025
武汉大学,护理,1054,护理学院,305,45,36,195,0,2025
武汉大学,药学,1055,第二临床学院,310,55,45,180,0,2025
武汉大学,药学,1055,药学院,310,55,45,180,0,2025
武汉大学,生物医学工程,1072,第一临床学院,310,50,50,180,0,2025
武汉大学,管理科学与工程,120100,信息管理学院,340,50,50,85,90,2025
武汉大学,电子商务,1201Z1,信息管理学院,340,50,50,85,90,2025
武汉大学,行政管理,120401,政治与公共管理学院,370,55,50,110,110,2025
武汉大学,社会医学与卫生事业管理,120402,政治与公共管理学院,355,50,50,110,110,2025
武汉大学,教育经济与管理,120403,政治与公共管理学院,340,55,55,100,100,2025
武汉大学,社会保障,120404,政治与公共管理学院,355,50,50,110,110,2025
武汉大学,土地资源管理,120405,政治与公共管理学院,370,55,50,110,110,2025
武汉大学,土地资源管理,120405,资源与环境科学学院,340,50,41,90,90,2025
武汉大学,文化产业管理,1204J1,前沿交叉学科研究院,365,55,41,120,120,2025
武汉大学,宏观质量管理,1204J2,前沿交叉学科研究院,333,50,50,90,90,2025
武汉大学,公共经济管理,1204Z1,政治与公共管理学院,355,50,50,110,110,2025
武汉大学,应急管理,1204Z2,政治与公共管理学院,370,55,50,110,110,2025
武汉大学,图书馆学,120501,信息管理学院,345,45,41,90,90,2025
武汉大学,情报学,120502,信息管理学院,340,50,50,85,90,2025
武汉大学,档案学,120503,信息管理学院,345,45,41,90,90,2025
武汉大学,数据科学,1205J7,信息管理学院,340,50,50,85,90,2025
武汉大学,出版发行学,1205Z1,信息管理学院,345,45,41,90,90,2025
武汉大学,数据资源管理,1205Z2,信息管理学院,345,45,41,90,90,2025
武汉大学,保密管理,1205Z3,信息管理学院,340,50,50,85,90,2025
武汉大学,图书情报,125500,信息管理学院,230,0,60,110,0,2025
武汉大学,工程管理,125601,信息管理学院,162,0,38,76,0,2025
武汉大学,工程管理,125601,经济与管理学院,162,0,38,76,0,2025
武汉大学,工程管理,125601,水利水电学院,162,0,38,76,0,2025
武汉大学,工程管理,125601,电气与自动化学院,162,0,38,76,0,2025
武汉大学,工程管理,125601,动力与机械学院,162,0,38,76,0,2025
武汉大学,工程管理,125601,土木建筑工程学院,162,0,38,76,0,2025
武汉大学,管理科学与工程,1201,经济与管理学院,333,41,41,62,62,2025
武汉大学,工商管理学,1202,经济与管理学院,335,50,50,100,100,2025
武汉大学,工商管理,1251,经济与管理学院,151,0,35,70,0,2025
武汉大学,工商管理,1251,前沿交叉学科研究院,151,0,35,70,0,2025
武汉大学,公共管理,1252,政治与公共管理学院,170,0,40,100,0,2025
武汉大学,会计,1253,经济与管理学院,194,0,48,96,0,2025
武汉大学,旅游管理,1254,前沿交叉学科研究院,151,0,35,90,0,2025
武汉大学,艺术学,1301,艺术学院,355,55,45,105,130,2025
武汉大学,戏剧与影视,1354,艺术学院,355,50,40,105,110,2025
武汉大学,设计学,1370,城市设计学院,351,50,37,90,90,2025
武汉大学,数据科学,1453S1,前沿交叉学科研究院,290,45,40,51,105,2025
武汉大学,遥感科学与技术,1404,遥感信息工程学院,320,50,45,90,90,2025
武汉大学,遥感科学与技术,1404,测绘遥感信息工程国家重点实验室,320,50,45,90,90,2025
武汉大学,智能科学与技术,1405,计算机学院,325,50,50,100,100,2025
武汉大学,文物,1451,历史学院,350,50,55,110,110,2025
华中科技大学,哲学,010100,哲学学院,350,60,55,105,115,2023
华中科技大学,哲学,01,不区分院系,350,60,55,105,115,2023
华中科技大学,理论经济学,020100,经济学院,346,60,55,90,90,2023
华中科技大学,应用经济学,020200,经济学院,346,60,55,90,90,2023
华中科技大学,金融,025100,经济学院,350,55,60,90,90,2023
华中科技大学,应用统计,025200,数学与统计学院,375,55,55,90,90,2023
华中科技大学,国际商务,025400,经济学院,360,55,60,90,90,2023
华中科技大学,金融,0251,不区分院系,350,55,60,90,90,2023
华中科技大学,应用统计,0252,不区分院系,375,55,55,90,90,2023
华中科技大学,国际商务,0254,不区分院系,360,55,60,90,90,2023
华中科技大学,经济学,02,不区分院系,346,60,55,90,90,2023
华中科技大学,法学,030100,法学院,330,55,55,90,90,2023
华中科技大学,经济法学,030107,管理学院,330,50,50,80,80,2023
华中科技大学,社会学,030300,社会学院,360,60,60,90,90,2023
华中科技大学,马克思主义理论,030500,马克思主义学院,330,50,50,90,90,2023
华中科技大学,法律（非法学）,035101,法学院,335,55,55,90,90,2023
华中科技大学,法律（非法学）,035101,不区分院系,335,55,55,90,90,2023
华中科技大学,法律（法学）,035102,法学院,335,55,55,90,90,2023
华中科技大学,法律（法学）,035102,不区分院系,335,55,55,90,90,2023
华中科技大学,社会工作,035200,社会学院,380,60,60,90,90,2023
华中科技大学,社会工作,0352,不区分院系,380,60,60,90,90,2023
华中科技大学,法学,03,不区分院系,330,50,50,80,80,2023
华中科技大学,教育学,040100,教育科学研究院,365,60,60,225,0,2023
华中科技大学,体育教育与社会体育,0401Z2,体育学院,350,60,55,210,0,2023
华中科技大学,教育管理,045101,教育科学研究院,350,51,51,77,77,2023
华中科技大学,科学与技术教育,045117,教育科学研究院,370,60,60,100,100,2023
华中科技大学,汉语国际教育,045300,人文学院,355,51,51,100,100,2023
华中科技大学,教育,0451,不区分院系,350,51,51,77,77,2023
华中科技大学,汉语国际教育,0453,不区分院系,355,51,51,100,100,2023
华中科技大学,教育学（不含体育学）,04,不区分院系,350,60,55,210,0,2023
华中科技大学,中国语言文学,050100,人文学院,380,60,60,100,100,2023
华中科技大学,英语语言文学,050201,外国语学院,365,60,60,100,100,2023
华中科技大学,日语语言文学,050205,外国语学院,365,60,60,100,100,2023
华中科技大学,外国语言学及应用语言学,050211,外国语学院,365,60,60,100,100,2023
华中科技大学,新闻传播学,050300,新闻与信息传播学院,380,60,60,105,105,2023
华中科技大学,英语笔译,055101,外国语学院,363,55,60,100,100,2023
华中科技大学,英语口译,055102,外国语学院,363,55,60,100,100,2023
华中科技大学,新闻与传播,055200,新闻与信息传播学院,375,60,60,105,105,2023
华中科技大学,翻译,0551,不区分院系,363,55,60,100,100,2023
华中科技大学,新闻与传播,0552,不区分院系,375,60,60,105,105,2023
华中科技大学,文学,05,不区分院系,365,60,60,100,100,2023
华中科技大学,数学,070100,数学与统计学院,285,50,50,60,60,2023
华中科技大学,物理学,070200,物理学院,305,50,45,65,90,2023
华中科技大学,化学,070300,化学与化工学院,310,50,50,85,75,2023
华中科技大学,生物学,071000,生命科学与技术学院,315,50,50,85,90,2023
华中科技大学,统计学,071400,数学与统计学院,285,50,50,60,60,2023
华中科技大学,理学,07,不区分院系,285,50,45,60,60,2023
华中科技大学,力学,080100,航空航天学院,290,50,45,70,80,2023
华中科技大学,机械工程,080200,机械科学与工程学院,315,50,45,60,60,2023
华中科技大学,工业工程,0802Z1,机械科学与工程学院,315,50,45,60,60,2023
华中科技大学,光学工程,080300,光学与电子信息学院,300,50,45,60,70,2023
华中科技大学,材料物理与化学,080501,材料科学与工程学院,360,50,50,75,75,2023
华中科技大学,材料学,080502,材料科学与工程学院,360,50,50,75,75,2023
华中科技大学,材料加工工程,080503,材料科学与工程学院,310,50,50,75,75,2023
华中科技大学,电子封装,0805Z3,材料科学与工程学院,360,50,50,75,75,2023
华中科技大学,动力工程及工程热物理,080700,能源与动力工程学院,320,50,45,75,90,2023
华中科技大学,新能源科学与工程,0807Z2,中欧清洁与可再生能源学院,300,50,45,60,90,2023
华中科技大学,电气工程,080800,电气与电子工程学院,300,50,50,65,65,2023
华中科技大学,电子科学与技术,080900,电子信息与通信学院,325,50,45,70,70,2023
华中科技大学,电子科学与技术,080900,光学与电子信息学院,300,50,45,60,70,2023
华中科技大学,电子科学与技术,080900,集成电路学院,290,50,45,65,90,2023
华中科技大学,信息与通信工程,081000,电子信息与通信学院,325,50,50,70,70,2023
华中科技大学,信息与通信工程,081000,网络空间安全学院,300,50,45,70,70,2023
华中科技大学,控制科学与工程,081100,人工智能与自动化学院,315,50,50,80,80,2023
华中科技大学,计算机科学与技术,081200,计算机科学与技术学院,345,60,60,90,90,2023
华中科技大学,建筑学,081300,建筑与城市规划学院,310,50,45,90,90,2023
华中科技大学,土木工程,081400,土木与水利工程学院,320,50,45,90,90,2023
华中科技大学,市政工程,081403,环境科学与工程学院,300,50,50,80,80,2023
华中科技大学,供热、供燃气、通风及空调工程,081404,环境科学与工程学院,300,50,50,80,80,2023
华中科技大学,道路与交通工程,0814Z2,土木与水利工程学院,300,50,45,65,65,2023
华中科技大学,水利工程,081500,土木与水利工程学院,290,50,45,70,80,2023
华中科技大学,船舶与海洋工程,082400,船舶与海洋工程学院,290,50,45,60,90,2023
华中科技大学,航空宇航科学与技术,082500,航空航天学院,290,50,45,70,80,2023
华中科技大学,环境科学与工程,083000,环境科学与工程学院,300,50,50,80,80,2023
华中科技大学,生物医学工程,083100,生命科学与技术学院,320,50,50,70,90,2023
华中科技大学,城乡规划学,083300,建筑与城市规划学院,330,50,45,95,100,2023
华中科技大学,风景园林学,083400,建筑与城市规划学院,365,50,50,90,90,2023
华中科技大学,网络空间安全,083900,网络空间安全学院,325,55,50,80,80,2023
华中科技大学,建筑学,085100,建筑与城市规划学院,325,50,50,90,95,2023
华中科技大学,城市规划,085300,建筑与城市规划学院,325,50,45,95,100,2023
华中科技大学,电子信息,085400,电子信息与通信学院,325,50,50,70,70,2023
华中科技大学,新一代电子信息技术（含量子技术等）,085401,光学与电子信息学院,300,50,45,65,70,2023
华中科技大学,新一代电子信息技术（含量子技术等）,085401,集成电路学院,300,50,50,70,90,2023
华中科技大学,通信工程（含宽带网络、移动通信等）,085402,光学与电子信息学院,300,50,45,65,70,2023
华中科技大学,通信工程（含宽带网络、移动通信等）,085402,网络空间安全学院,290,50,45,70,70,2023
华中科技大学,集成电路工程,085403,集成电路学院,315,50,55,80,95,2023
华中科技大学,计算机技术,085404,计算机科学与技术学院,345,60,60,90,90,2023
华中科技大学,软件工程,085405,光学与电子信息学院,300,50,45,65,70,2023
华中科技大学,软件工程,085405,集成电路学院,300,50,50,70,90,2023
华中科技大学,软件工程,085405,软件学院,350,60,60,90,90,2023
华中科技大学,控制工程,085406,人工智能与自动化学院,325,50,50,80,80,2023
华中科技大学,光电信息工程,085408,光学与电子信息学院,300,50,45,65,70,2023
华中科技大学,生物医学工程,085409,生命科学与技术学院,320,50,50,70,90,2023
华中科技大学,人工智能,085410,人工智能与自动化学院,325,50,50,80,80,2023
华中科技大学,网络与信息安全,085412,网络空间安全学院,325,55,50,80,80,2023
华中科技大学,机械,085500,航空航天学院,290,50,45,70,80,2023
华中科技大学,机械工程,085501,机械科学与工程学院,315,50,45,60,60,2023
华中科技大学,船舶工程,085505,船舶与海洋工程学院,350,50,60,90,90,2023
华中科技大学,材料与化工,085600,化学与化工学院,305,50,50,85,65,2023
华中科技大学,材料工程,085601,材料科学与工程学院,305,50,50,70,70,2023
华中科技大学,资源与环境,085700,环境科学与工程学院,330,50,50,80,80,2023
华中科技大学,能源动力,085800,能源与动力工程学院,320,50,45,75,90,2023
华中科技大学,电气工程,085801,电气与电子工程学院,375,50,50,80,80,2023
华中科技大学,土木工程,085901,土木与水利工程学院,320,50,50,75,75,2023
华中科技大学,水利工程,085902,土木与水利工程学院,290,50,45,70,80,2023
华中科技大学,市政工程（含给排水等）,085905,环境科学与工程学院,330,50,50,80,80,2023
华中科技大学,人工环境工程（含供热、通风及空调等）,085906,环境科学与工程学院,330,50,50,80,80,2023
华中科技大学,生物与医药,086000,生命科学与技术学院,320,50,50,70,90,2023
华中科技大学,交通运输,086100,土木与水利工程学院,315,50,50,80,90,2023
华中科技大学,建筑学,0851,不区分院系,325,50,50,90,95,2023
华中科技大学,城市规划,0853,不区分院系,325,50,45,95,100,2023
华中科技大学,电子信息,0854,不区分院系,290,50,45,60,60,2023
华中科技大学,机械,0855,不区分院系,290,50,45,60,60,2023
华中科技大学,材料与化工,0856,不区分院系,290,50,45,60,60,2023
华中科技大学,资源与环境,0857,不区分院系,290,50,45,60,60,2023
华中科技大学,能源动力,0858,不区分院系,290,50,45,60,60,2023
华中科技大学,土木水利,0859,不区分院系,290,50,45,60,60,2023
华中科技大学,生物与医药,0860,不区分院系,290,50,45,60,60,2023
华中科技大学,交通运输,0861,不区分院系,290,50,45,60,60,2023
华中科技大学,工学（不含工学照顾专业）,08,不区分院系,290,50,45,60,60,2023
华中科技大学,风景园林,095300,建筑与城市规划学院,315,50,50,90,90,2023
华中科技大学,风景园林,0953,不区分院系,315,50,50,90,90,2023
华中科技大学,基础医学,100100,基础医学院,300,50,50,180,0,2023
华中科技大学,法医学,100105,法医学系,330,60,65,205,0,2023
华中科技大学,临床医学,100200,附属协和医院,310,50,50,190,0,2023
华中科技大学,临床医学,100200,附属同济医院,310,55,55,180,0,2023
华中科技大学,临床医学,100200,附属梨园医院,300,50,50,180,0,2023
华中科技大学,妇产科学,100211,生殖健康研究所,300,50,50,180,0,2023
华中科技大学,口腔医学,100300,口腔医学院,340,55,50,220,0,2023
华中科技大学,公共卫生与预防医学,100400,公共卫生学院,320,55,50,190,0,2023
华中科技大学,中西医结合,100600,附属协和医院,310,50,50,190,0,2023
华中科技大学,中西医结合,100600,附属梨园医院,300,50,50,180,0,2023
华中科技大学,中西医结合基础,100601,附属同济医院,320,55,50,180,0,2023
华中科技大学,中西医结合临床,100602,附属同济医院,320,55,55,180,0,2023
华中科技大学,药学,100700,药学院,320,55,50,185,0,2023
华中科技大学,药学,100700,附属协和医院,310,50,50,190,0,2023
华中科技大学,药学,100700,附属同济医院,320,55,55,180,0,2023
华中科技大学,药学,100700,附属梨园医院,320,55,50,185,0,2023
华中科技大学,护理学,101100,护理学院,330,60,55,215,0,2023
华中科技大学,临床医学,105100,附属协和医院,330,55,55,200,0,2023
华中科技大学,临床医学,105100,附属同济医院,340,55,55,180,0,2023
华中科技大学,临床医学,105100,附属武汉中西医结合医院,310,55,50,200,0,2023
华中科技大学,临床医学,105100,附属武汉中心医院,330,55,50,180,0,2023
华中科技大学,临床医学,105100,附属武汉儿童医院,310,50,50,180,0,2023
华中科技大学,口腔医学,105200,口腔医学院,325,60,50,205,0,2023
华中科技大学,公共卫生,105300,公共卫生学院,320,55,55,190,0,2023
华中科技大学,护理,105400,护理学院,310,55,50,210,0,2023
华中科技大学,中药学,105600,药学院,320,55,50,185,0,2023
华中科技大学,临床医学,1051,不区分院系,310,50,50,180,0,2023
华中科技大学,口腔医学,1052,不区分院系,325,60,50,205,0,2023
华中科技大学,公共卫生,1053,不区分院系,320,55,55,190,0,2023
华中科技大学,护理,1054,不区分院系,310,55,50,210,0,2023
华中科技大学,中药学,1056,不区分院系,320,55,50,185,0,2023
华中科技大学,医学（不含中医类照顾专业）,10,不区分院系,300,50,50,180,0,2023
华中科技大学,管理科学与工程,120100,管理学院,370,55,55,90,90,2023
华中科技大学,工商管理,120200,管理学院,365,55,55,90,90,2023
华中科技大学,公共管理,120400,公共管理学院,360,65,65,90,90,2023
华中科技大学,社会医学与卫生事业管理,120402,公共卫生学院,380,55,55,110,110,2023
华中科技大学,社会医学与卫生事业管理,120402,医药卫生管理学院,380,55,55,110,110,2023
华中科技大学,教育经济与管理,120403,教育科学研究院,375,60,60,100,100,2023
华中科技大学,社会保障,120404,社会学院,355,60,55,90,90,2023
华中科技大学,医院管理,1204Z1,医药卫生管理学院,380,55,55,110,110,2023
华中科技大学,卫生信息管理,1204Z4,医药卫生管理学院,355,50,50,110,110,2023
华中科技大学,工商管理,125100,管理学院,167,0,41,82,0,2023
华中科技大学,公共管理,125200,公共管理学院,190,0,50,120,0,2023
华中科技大学,公共管理,125200,医药卫生管理学院,175,0,50,100,0,2023
华中科技大学,会计,125300,管理学院,255,0,65,125,0,2023
华中科技大学,图书情报,125500,医药卫生管理学院,230,0,65,150,0,2023
华中科技大学,工程管理,125601,土木与水利工程学院,178,0,44,88,0,2023
华中科技大学,工程管理,125601,管理学院,178,0,44,88,0,2023
华中科技大学,工程管理,125601,不区分院系,178,0,44,88,0,2023
华中科技大学,工业工程与管理,125603,机械科学与工程学院,225,0,50,90,0,2023
华中科技大学,工业工程与管理,125603,不区分院系,225,0,50,90,0,2023
华中科技大学,工商管理,1251,不区分院系,167,0,41,82,0,2023
华中科技大学,公共管理,1252,不区分院系,175,0,50,100,0,2023
华中科技大学,会计,1253,不区分院系,255,0,65,125,0,2023
华中科技大学,图书情报,1255,不区分院系,230,0,65,150,0,2023
华中科技大学,管理学,12,不区分院系,355,50,50,90,90,2023
华中科技大学,设计学,130500,机械科学与工程学院,365,50,50,80,80,2023
华中科技大学,设计学,130500,建筑与城市规划学院,362,50,45,90,90,2023
华中科技大学,艺术设计,135108,建筑与城市规划学院,362,50,45,90,90,2023
华中科技大学,艺术,1351,不区分院系,362,50,45,90,90,2023
华中科技大学,艺术学,13,不区分院系,362,50,45,80,80,2023
华中科技大学,集成电路科学与工程,140100,集成电路学院,290,50,45,65,90,2023
华中科技大学,交叉学科,14,不区分院系,290,50,45,65,90,2023
华中科技大学,哲学,010100,哲学学院,390,70,65,115,120,2024
华中科技大学,哲学,01,不区分院系,390,70,65,115,120,2024
华中科技大学,理论经济学,020100,经济学院,345,55,55,85,85,2024
华中科技大学,应用经济学,020200,经济学院,345,55,55,85,85,2024
华中科技大学,金融,025100,经济学院,340,55,55,85,85,2024
华中科技大学,应用统计,025200,数学与统计学院,365,60,60,90,90,2024
华中科技大学,国际商务,025400,经济学院,340,55,55,85,85,2024
华中科技大学,数字经济,025800,经济学院,340,55,55,85,85,2024
华中科技大学,金融,0251,不区分院系,340,55,55,85,85,2024
华中科技大学,应用统计,0252,不区分院系,365,60,60,90,90,2024
华中科技大学,国际商务,0254,不区分院系,340,55,55,85,85,2024
华中科技大学,数字经济,0258,不区分院系,340,55,55,85,85,2024
华中科技大学,经济学,02,不区分院系,345,55,55,85,85,2024
华中科技大学,法学,030100,法学院,375,60,60,90,90,2024
华中科技大学,社会学,030300,社会学院,380,60,60,90,90,2024
华中科技大学,马克思主义理论,030500,马克思主义学院,360,60,60,90,90,2024
华中科技大学,法律（非法学）,035101,法学院,335,60,60,90,90,2024
华中科技大学,法律（法学）,035102,法学院,350,60,60,90,90,2024
华中科技大学,社会工作,035200,社会学院,365,60,60,90,90,2024
华中科技大学,社会工作,0352,不区分院系,365,60,60,90,90,2024
华中科技大学,法学,03,不区分院系,360,60,60,90,90,2024
华中科技大学,教育学,040100,教育科学研究院,355,60,60,215,0,2024
华中科技大学,教育学,040100,教育科学研究院,370,60,60,225,0,2024
华中科技大学,体育教育与社会体育,0401Z2,体育学院,350,55,55,210,153,2024
华中科技大学,教育管理,045101,教育科学研究院,350,51,51,77,77,2024
华中科技大学,科学与技术教育,045117,教育科学研究院,350,51,51,77,77,2024
华中科技大学,国际中文教育,045300,人文学院,380,60,60,100,100,2024
华中科技大学,教育,0451,不区分院系,350,51,51,77,77,2024
华中科技大学,国际中文教育,0453,不区分院系,380,60,60,100,100,2024
华中科技大学,教育学（不含体育学）,04,不区分院系,350,55,55,210,0,2024
华中科技大学,中国语言文学,050100,人文学院,395,65,65,125,115,2024
华中科技大学,英语语言文学,050201,外国语学院,365,55,60,90,90,2024
华中科技大学,法语语言文学,050203,外国语学院,365,55,60,90,90,2024
华中科技大学,德语语言文学,050204,外国语学院,365,55,60,90,90,2024
华中科技大学,日语语言文学,050205,外国语学院,365,55,60,90,90,2024
华中科技大学,外国语言学及应用语言学,050211,外国语学院,365,55,60,90,90,2024
华中科技大学,新闻传播学,050300,新闻与信息传播学院,400,60,60,110,110,2024
华中科技大学,英语笔译,055101,外国语学院,395,65,75,125,120,2024
华中科技大学,英语口译,055102,外国语学院,395,65,75,125,120,2024
华中科技大学,新闻与传播,055200,新闻与信息传播学院,375,55,55,100,100,2024
华中科技大学,翻译,0551,不区分院系,395,65,75,125,120,2024
华中科技大学,新闻与传播,0552,不区分院系,375,55,55,100,100,2024
华中科技大学,文学,05,不区分院系,365,55,60,90,90,2024
华中科技大学,数学,070100,数学与统计学院,310,55,55,70,70,2024
华中科技大学,物理学,070200,物理学院,330,55,50,70,85,2024
华中科技大学,化学,070300,化学与化工学院,365,60,60,95,95,2024
华中科技大学,生物学,071000,生命科学与技术学院,365,55,55,95,115,2024
华中科技大学,统计学,071400,数学与统计学院,310,55,55,70,70,2024
华中科技大学,理学,07,不区分院系,310,55,50,70,70,2024
华中科技大学,力学,080100,航空航天学院,310,50,50,75,75,2024
华中科技大学,机械工程,080200,机械科学与工程学院,345,50,50,80,80,2024
华中科技大学,工业工程,0802Z1,机械科学与工程学院,325,50,50,80,80,2024
华中科技大学,光学工程,080300,光学与电子信息学院,330,55,55,65,90,2024
华中科技大学,材料物理与化学,080501,材料科学与工程学院,315,50,50,75,75,2024
华中科技大学,材料学,080502,材料科学与工程学院,315,50,50,75,75,2024
华中科技大学,材料加工工程,080503,材料科学与工程学院,335,50,50,75,75,2024
华中科技大学,电子封装,0805Z3,材料科学与工程学院,315,50,50,75,75,2024
华中科技大学,动力工程及工程热物理,080700,能源与动力工程学院,305,50,50,70,85,2024
华中科技大学,新能源科学与工程,0807Z2,中欧清洁与可再生能源学院,300,50,50,65,80,2024
华中科技大学,电气工程,080800,电气与电子工程学院,335,50,50,80,80,2024
华中科技大学,电子科学与技术,080900,电子信息与通信学院,320,55,55,75,80,2024
华中科技大学,电子科学与技术,080900,光学与电子信息学院,330,55,55,65,90,2024
华中科技大学,电子科学与技术,080900,集成电路学院,335,55,55,75,90,2024
华中科技大学,信息与通信工程,081000,电子信息与通信学院,325,55,55,75,80,2024
华中科技大学,信息与通信工程,081000,网络空间安全学院,325,55,55,75,80,2024
华中科技大学,控制科学与工程,081100,人工智能与自动化学院,335,50,50,80,80,2024
华中科技大学,计算机科学与技术,081200,计算机科学与技术学院,370,60,60,90,90,2024
华中科技大学,建筑学,081300,建筑与城市规划学院,345,50,50,90,90,2024
华中科技大学,土木工程,081400,土木与水利工程学院,300,50,50,65,70,2024
华中科技大学,市政工程,081403,环境科学与工程学院,300,50,50,80,80,2024
华中科技大学,供热、供燃气、通风及空调工程,081404,环境科学与工程学院,300,50,50,70,70,2024
华中科技大学,道路与交通工程,0814Z2,土木与水利工程学院,300,50,50,65,70,2024
华中科技大学,水利工程,081500,土木与水利工程学院,330,50,50,70,70,2024
华中科技大学,船舶与海洋工程,082400,船舶与海洋工程学院,300,55,55,65,90,2024
华中科技大学,航空宇航科学与技术,082500,航空航天学院,300,50,50,75,75,2024
华中科技大学,环境科学与工程,083000,环境科学与工程学院,300,50,50,80,80,2024
华中科技大学,生物医学工程,083100,生命科学与技术学院,305,50,50,70,95,2024
华中科技大学,城乡规划学,083300,建筑与城市规划学院,325,50,50,90,95,2024
华中科技大学,网络空间安全,083900,网络空间安全学院,350,55,55,80,85,2024
华中科技大学,建筑,085100,建筑与城市规划学院,340,50,50,90,90,2024
华中科技大学,城乡规划,085300,建筑与城市规划学院,325,50,50,90,95,2024
华中科技大学,电子信息,085400,电子信息与通信学院,335,55,55,75,80,2024
华中科技大学,新一代电子信息技术（含量子技术等）,085401,光学与电子信息学院,325,55,55,65,90,2024
华中科技大学,新一代电子信息技术（含量子技术等）,085401,集成电路学院,320,50,50,70,90,2024
华中科技大学,通信工程（含宽带网络、移动通信等）,085402,光学与电子信息学院,325,55,55,65,90,2024
华中科技大学,通信工程（含宽带网络、移动通信等）,085402,网络空间安全学院,325,55,55,75,80,2024
华中科技大学,集成电路工程,085403,集成电路学院,350,50,50,70,90,2024
华中科技大学,计算机技术,085404,计算机科学与技术学院,355,60,60,90,90,2024
华中科技大学,软件工程,085405,光学与电子信息学院,325,55,55,65,90,2024
华中科技大学,软件工程,085405,集成电路学院,320,50,50,70,90,2024
华中科技大学,软件工程,085405,软件学院,345,55,55,90,90,2024
华中科技大学,控制工程,085406,人工智能与自动化学院,345,60,60,90,90,2024
华中科技大学,光电信息工程,085408,光学与电子信息学院,325,55,55,65,90,2024
华中科技大学,生物医学工程,085409,生命科学与技术学院,305,50,50,70,95,2024
华中科技大学,人工智能,085410,人工智能与自动化学院,345,60,60,90,90,2024
华中科技大学,网络与信息安全,085412,网络空间安全学院,300,55,55,70,75,2024
华中科技大学,机械,085500,航空航天学院,300,50,50,75,75,2024
华中科技大学,机械工程,085501,机械科学与工程学院,345,50,50,80,80,2024
华中科技大学,船舶工程,085505,船舶与海洋工程学院,300,50,50,65,80,2024
华中科技大学,材料与化工,085600,化学与化工学院,300,50,50,75,75,2024
华中科技大学,材料工程,085601,材料科学与工程学院,300,50,50,75,75,2024
华中科技大学,资源与环境,085700,环境科学与工程学院,300,50,50,70,70,2024
华中科技大学,能源动力,085800,能源与动力工程学院,305,50,50,70,85,2024
华中科技大学,电气工程,085801,电气与电子工程学院,300,50,50,70,70,2024
华中科技大学,土木工程,085901,土木与水利工程学院,300,50,50,65,70,2024
华中科技大学,水利工程,085902,土木与水利工程学院,300,50,50,65,70,2024
华中科技大学,市政工程（含给排水等）,085905,环境科学与工程学院,300,50,50,70,70,2024
华中科技大学,人工环境工程（含供热、通风及空调等）,085906,环境科学与工程学院,300,50,50,70,70,2024
华中科技大学,生物与医药,086000,生命科学与技术学院,305,50,50,70,95,2024
华中科技大学,交通运输,086100,土木与水利工程学院,300,50,50,65,70,2024
华中科技大学,风景园林,086200,建筑与城市规划学院,320,50,50,90,90,2024
华中科技大学,建筑,0851,不区分院系,340,50,50,90,90,2024
华中科技大学,城乡规划,0853,不区分院系,325,50,50,90,95,2024
华中科技大学,电子信息,0854,不区分院系,300,50,50,65,70,2024
华中科技大学,机械,0855,不区分院系,300,50,50,65,70,2024
华中科技大学,材料与化工,0856,不区分院系,300,50,50,65,70,2024
华中科技大学,资源与环境,0857,不区分院系,300,50,50,65,70,2024
华中科技大学,能源动力,0858,不区分院系,300,50,50,65,70,2024
华中科技大学,土木水利,0859,不区分院系,300,50,50,65,70,2024
华中科技大学,生物与医药,0860,不区分院系,300,50,50,65,70,2024
华中科技大学,交通运输,0861,不区分院系,300,50,50,65,70,2024
华中科技大学,风景园林,0862,不区分院系,320,50,50,90,90,2024
华中科技大学,工学（不含工学照顾专业）,08,不区分院系,300,50,50,65,70,2024
华中科技大学,基础医学,100100,基础医学院,345,50,50,200,0,2024
华中科技大学,法医学,100105,法医学系,350,65,70,210,0,2024
华中科技大学,临床医学,100200,第一临床学院（附属协和医院）,310,50,50,180,0,2024
华中科技大学,临床医学,100200,第二临床学院（附属同济医院）,305,50,50,180,0,2024
华中科技大学,妇产科学,100211,生殖健康研究所,305,50,50,180,0,2024
华中科技大学,口腔医学,100300,口腔医学院,340,60,60,195,0,2024
华中科技大学,公共卫生与预防医学,100400,公共卫生学院,330,65,65,185,0,2024
华中科技大学,中西医结合,100600,第一临床学院（附属协和医院）,310,50,50,180,0,2024
华中科技大学,中西医结合,100600,第二临床学院（附属同济医院）,305,50,50,180,0,2024
华中科技大学,药学,100700,药学院,305,50,50,180,0,2024
华中科技大学,药学,100700,第一临床学院（附属协和医院）,305,50,50,180,0,2024
华中科技大学,药学,100700,第二临床学院（附属同济医院）,305,50,50,180,0,2024
华中科技大学,护理学,101100,护理学院,320,55,50,195,0,2024
华中科技大学,临床医学,105100,第一临床学院（附属协和医院）,340,55,65,180,0,2024
华中科技大学,临床医学,105100,第二临床学院（附属同济医院）,340,55,55,180,0,2024
华中科技大学,口腔医学,105200,口腔医学院,350,60,60,195,0,2024
华中科技大学,公共卫生,105300,公共卫生学院,315,60,60,180,0,2024
华中科技大学,护理,105400,护理学院,305,55,50,195,0,2024
华中科技大学,药学,105500,药学院,305,50,50,180,0,2024
华中科技大学,中药,105600,药学院,305,50,50,180,0,2024
华中科技大学,临床医学,1051,不区分院系,340,55,55,180,0,2024
华中科技大学,口腔医学,1052,不区分院系,350,60,60,195,0,2024
华中科技大学,公共卫生,1053,不区分院系,315,60,60,180,0,2024
华中科技大学,护理,1054,不区分院系,305,55,50,195,0,2024
华中科技大学,药学,1055,不区分院系,305,50,50,180,0,2024
华中科技大学,中药,1056,不区分院系,305,50,50,180,0,2024
华中科技大学,医学（不含中医类照顾专业）,10,不区分院系,305,50,50,180,0,2024
华中科技大学,管理科学与工程,120100,管理学院,395,65,65,115,115,2024
华中科技大学,工商管理学,120200,管理学院,380,65,65,105,105,2024
华中科技大学,公共管理学,120400,公共管理学院,390,70,70,110,110,2024
华中科技大学,社会医学与卫生事业管理,120402,医药卫生管理学院,395,60,60,120,120,2024
华中科技大学,医院管理,1204Z1,医药卫生管理学院,395,60,60,120,120,2024
华中科技大学,卫生信息管理,1204Z4,医药卫生管理学院,365,60,60,100,100,2024
华中科技大学,工商管理,125100,管理学院,170,0,40,95,0,2024
华中科技大学,工商管理,125100,管理学院,162,0,39,78,0,2024
华中科技大学,公共管理,125200,公共管理学院,190,0,50,115,0,2024
华中科技大学,公共管理,125200,医药卫生管理学院,175,0,50,110,0,2024
华中科技大学,会计,125300,管理学院,225,0,60,120,0,2024
华中科技大学,图书情报,125500,医药卫生管理学院,215,0,60,120,0,2024
华中科技大学,工程管理,125601,土木与水利工程学院,176,0,43,86,0,2024
华中科技大学,工程管理,125601,管理学院,176,0,43,86,0,2024
华中科技大学,工业工程与管理,125603,机械科学与工程学院,200,0,50,90,0,2024
华中科技大学,工商管理,1251,不区分院系,162,0,39,78,0,2024
华中科技大学,公共管理,1252,不区分院系,175,0,50,110,0,2024
华中科技大学,会计,1253,不区分院系,225,0,60,120,0,2024
华中科技大学,图书情报,1255,不区分院系,215,0,60,120,0,2024
华中科技大学,管理学,12,不区分院系,365,60,60,100,100,2024
华中科技大学,设计,135700,建筑与城市规划学院,375,50,50,90,90,2024
华中科技大学,设计学,137000,机械科学与工程学院,365,50,50,80,80,2024
华中科技大学,设计学,137000,建筑与城市规划学院,375,50,50,90,90,2024
华中科技大学,设计,1357,不区分院系,375,50,50,90,90,2024
华中科技大学,艺术学,13,不区分院系,365,50,50,80,80,2024
华中科技大学,集成电路科学与工程,140100,集成电路学院,315,55,55,70,90,2024
华中科技大学,智能科学与技术,140500,人工智能与自动化学院,335,50,50,80,80,2024
华中科技大学,交叉学科,14,不区分院系,315,50,50,70,80,2024
华中科技大学,哲学,010100,哲学学院,355,50,55,110,115,2025
华中科技大学,理论经济学,020100,经济学院,330,50,50,90,90,2025
华中科技大学,应用经济学,020200,经济学院,330,50,50,90,90,2025
华中科技大学,金融,025100,经济学院,340,55,55,90,90,2025
华中科技大学,应用统计,025200,数学与统计学院,365,50,50,95,95,2025
华中科技大学,国际商务,025400,经济学院,340,55,55,90,90,2025
华中科技大学,数字经济,025800,经济学院,340,55,55,90,90,2025
华中科技大学,法学,030100,法学院,330,50,50,90,90,2025
华中科技大学,社会学,030300,社会学院,330,55,55,90,90,2025
华中科技大学,马克思主义理论,030500,马克思主义学院,355,50,50,90,90,2025
华中科技大学,法律（非法学）,035101,法学院,323,50,50,85,85,2025
华中科技大学,法律（法学）,035102,法学院,323,50,50,85,85,2025
华中科技大学,社会工作,035200,社会学院,355,50,50,90,90,2025
华中科技大学,教育学,040100,教育科学研究院,345,50,50,210,0,2025
华中科技大学,体育教育与社会体育,0401Z2,体育学院,345,55,45,210,135,2025
华中科技大学,教育管理,045101,教育科学研究院,345,45,45,90,90,2025
华中科技大学,科学与技术教育,045117,教育科学研究院,345,45,45,90,90,2025
华中科技大学,国际中文教育,045300,人文学院,345,45,45,90,90,2025
华中科技大学,中国语言文学,050100,人文学院,360,55,55,90,90,2025
华中科技大学,英语语言文学,050201,外国语学院,375,55,70,115,115,2025
华中科技大学,法语语言文学,050203,外国语学院,351,47,47,71,71,2025
华中科技大学,德语语言文学,050204,外国语学院,351,47,47,71,71,2025
华中科技大学,日语语言文学,050205,外国语学院,351,47,47,71,71,2025
华中科技大学,外国语言学及应用语言学,050211,外国语学院,375,55,70,115,115,2025
华中科技大学,新闻传播学,050300,新闻与信息传播学院,375,50,50,125,125,2025
华中科技大学,英语笔译,055101,外国语学院,380,50,60,115,115,2025
华中科技大学,英语口译,055102,外国语学院,380,50,60,115,115,2025
华中科技大学,新闻与传播,055200,新闻与信息传播学院,360,50,50,95,95,2025
华中科技大学,数学,070100,数学与统计学院,300,45,45,70,70,2025
华中科技大学,物理学,070200,物理学院,300,45,45,75,75,2025
华中科技大学,化学,070300,化学与化工学院,325,50,50,90,90,2025
华中科技大学,生物学,071000,生命科学与技术学院,315,55,50,85,110,2025
华中科技大学,统计学,071400,数学与统计学院,300,45,45,70,70,2025
华中科技大学,力学,080100,航空航天学院,300,50,45,70,70,2025
华中科技大学,机械工程,080200,机械科学与工程学院,325,45,45,70,70,2025
华中科技大学,工业工程,0802Z1,机械科学与工程学院,325,45,45,70,70,2025
华中科技大学,光学工程,080300,光学与电子信息学院,325,50,50,70,90,2025
华中科技大学,材料物理与化学,080501,材料科学与工程学院,335,45,45,75,75,2025
华中科技大学,材料学,080502,材料科学与工程学院,335,45,45,75,75,2025
华中科技大学,材料加工工程,080503,材料科学与工程学院,300,45,45,75,75,2025
华中科技大学,电子封装,0805Z3,材料科学与工程学院,335,45,45,75,75,2025
华中科技大学,动力工程及工程热物理,080700,能源与动力工程学院,335,50,50,70,90,2025
华中科技大学,新能源科学与工程,0807Z2,中欧清洁与可再生能源学院,300,45,45,70,70,2025
华中科技大学,电气工程,080800,电气与电子工程学院,300,45,45,70,70,2025
华中科技大学,电子科学与技术,080900,电子信息与通信学院,330,50,50,90,90,2025
华中科技大学,电子科学与技术,080900,光学与电子信息学院,315,50,45,70,90,2025
华中科技大学,电子科学与技术,080900,集成电路学院,300,45,45,70,70,2025
华中科技大学,信息与通信工程,081000,电子信息与通信学院,355,50,50,90,90,2025
华中科技大学,信息与通信工程,081000,网络空间安全学院,300,50,45,85,85,2025
华中科技大学,控制科学与工程,081100,人工智能与自动化学院,330,50,45,75,75,2025
华中科技大学,计算机科学与技术,081200,计算机科学与技术学院,335,50,45,90,90,2025
华中科技大学,建筑学,081300,建筑与城市规划学院,320,50,45,90,90,2025
华中科技大学,土木工程,081400,土木与水利工程学院,300,45,45,70,70,2025
华中科技大学,市政工程,081403,环境科学与工程学院,300,45,45,70,70,2025
华中科技大学,供热、供燃气、通风及空调工程,081404,环境科学与工程学院,300,45,45,70,70,2025
华中科技大学,道路与交通工程,0814Z2,土木与水利工程学院,300,45,45,70,70,2025
华中科技大学,水利工程,081500,土木与水利工程学院,310,45,45,70,70,2025
华中科技大学,船舶与海洋工程,082400,船舶与海洋工程学院,320,50,50,70,90,2025
华中科技大学,航空宇航科学与技术,082500,航空航天学院,300,50,45,70,70,2025
华中科技大学,环境科学与工程,083000,环境科学与工程学院,300,45,45,70,70,2025
华中科技大学,生物医学工程,083100,生命科学与技术学院,330,50,50,90,100,2025
华中科技大学,城乡规划学,083300,建筑与城市规划学院,300,50,45,90,90,2025
华中科技大学,网络空间安全,083900,网络空间安全学院,310,50,50,85,85,2025
华中科技大学,建筑,085100,建筑与城市规划学院,300,50,45,90,90,2025
华中科技大学,城乡规划,085300,建筑与城市规划学院,300,50,45,90,90,2025
华中科技大学,电子信息,085400,电子信息与通信学院,350,50,50,90,90,2025
华中科技大学,新一代电子信息技术（含量子技术等）,085401,光学与电子信息学院,320,50,45,70,90,2025
华中科技大学,新一代电子信息技术（含量子技术等）,085401,集成电路学院,300,45,45,70,70,2025
华中科技大学,通信工程（含宽带网络、移动通信等）,085402,光学与电子信息学院,320,50,45,70,90,2025
华中科技大学,通信工程（含宽带网络、移动通信等）,085402,网络空间安全学院,300,50,45,85,85,2025
华中科技大学,集成电路工程,085403,集成电路学院,300,45,45,70,70,2025
华中科技大学,计算机技术,085404,计算机科学与技术学院,315,50,45,90,90,2025
华中科技大学,软件工程,085405,软件学院,320,45,45,85,85,2025
华中科技大学,控制工程,085406,人工智能与自动化学院,320,50,45,75,75,2025
华中科技大学,光电信息工程,085408,光学与电子信息学院,320,50,45,70,90,2025
华中科技大学,生物医学工程,085409,生命科学与技术学院,350,50,50,110,110,2025
华中科技大学,人工智能,085410,人工智能与自动化学院,315,50,45,75,75,2025
华中科技大学,网络与信息安全,085412,网络空间安全学院,300,50,50,85,85,2025
华中科技大学,机械,085500,航空航天学院,300,50,45,70,70,2025
华中科技大学,机械工程,085501,机械科学与工程学院,325,45,45,70,70,2025
华中科技大学,船舶工程,085505,船舶与海洋工程学院,300,50,45,70,90,2025
华中科技大学,材料与化工,085600,化学与化工学院,315,50,50,80,80,2025
华中科技大学,材料工程,085601,材料科学与工程学院,315,45,45,75,75,2025
华中科技大学,资源与环境,085700,环境科学与工程学院,300,45,45,70,70,2025
华中科技大学,能源动力,085800,能源与动力工程学院,305,50,45,70,90,2025
华中科技大学,电气工程,085801,电气与电子工程学院,300,45,45,70,70,2025
华中科技大学,土木工程,085901,土木与水利工程学院,300,45,45,70,70,2025
华中科技大学,水利工程,085902,土木与水利工程学院,300,45,45,70,70,2025
华中科技大学,市政工程（含给排水等）,085905,环境科学与工程学院,300,45,45,70,70,2025
华中科技大学,人工环境工程（含供热、通风及空调等）,085906,环境科学与工程学院,300,45,45,70,70,2025
华中科技大学,生物与医药,086000,生命科学与技术学院,300,50,50,70,85,2025
华中科技大学,交通运输,086100,土木与水利工程学院,300,45,45,70,70,2025
华中科技大学,风景园林,086200,建筑与城市规划学院,320,50,45,90,90,2025
华中科技大学,基础医学,100100,基础医学院,315,50,45,180,0,2025
华中科技大学,法医学,100105,法医学系,335,55,55,220,0,2025
华中科技大学,临床医学,100200,第一临床学院（附属协和医院）,305,50,45,180,0,2025
华中科技大学,临床医学,100200,第二临床学院（附属同济医院）,300,45,45,180,0,2025
华中科技大学,妇产科学,100211,生殖健康研究所,305,45,45,200,0,2025
华中科技大学,口腔医学,100300,口腔医学院,325,45,45,220,0,2025
华中科技大学,公共卫生与预防医学,100400,公共卫生学院,330,55,55,210,0,2025
华中科技大学,中西医结合,100600,第一临床学院（附属协和医院）,310,50,45,180,0,2025
华中科技大学,中西医结合,100600,第二临床学院（附属同济医院）,300,45,45,180,0,2025
华中科技大学,药学,100700,药学院,300,50,45,180,0,2025
华中科技大学,药学,100700,第一临床学院（附属协和医院）,300,50,45,180,0,2025
华中科技大学,药学,100700,第二临床学院（附属同济医院）,300,45,45,180,0,2025
华中科技大学,护理学,101100,护理学院,325,50,45,215,0,2025
华中科技大学,临床医学,105100,第一临床学院（附属协和医院）,340,55,50,180,0,2025
华中科技大学,临床医学,105100,第二临床学院（附属同济医院）,345,55,50,180,0,2025
华中科技大学,口腔医学,105200,口腔医学院,335,55,50,220,0,2025
华中科技大学,公共卫生,105300,公共卫生学院,310,50,45,195,0,2025
华中科技大学,护理,105400,护理学院,310,50,50,195,0,2025
华中科技大学,药学,105500,药学院,300,50,45,180,0,2025
华中科技大学,药学,105500,第一临床学院（附属协和医院）,300,50,45,180,0,2025
华中科技大学,药学,105500,第二临床学院（附属同济医院）,345,55,50,180,0,2025
华中科技大学,中药,105600,药学院,300,50,45,180,0,2025
华中科技大学,管理科学与工程,120100,管理学院,360,50,50,100,100,2025
华中科技大学,工商管理学,120200,管理学院,360,50,50,100,100,2025
华中科技大学,公共管理学,120400,公共管理学院,350,55,50,100,100,2025
华中科技大学,社会医学与卫生事业管理,120402,医药卫生管理学院,340,50,50,100,100,2025
华中科技大学,医院管理,1204Z1,医药卫生管理学院,340,50,50,100,100,2025
华中科技大学,卫生信息管理,1204Z4,医药卫生管理学院,340,50,50,100,100,2025
华中科技大学,工商管理,125100,管理学院,151,0,35,70,0,2025
华中科技大学,公共管理,125200,公共管理学院,165,0,45,105,0,2025
华中科技大学,公共管理,125200,医药卫生管理学院,165,0,45,105,0,2025
华中科技大学,会计,125300,管理学院,194,0,48,96,0,2025
华中科技大学,图书情报,125500,医药卫生管理学院,215,0,60,135,0,2025
华中科技大学,工程管理,125601,土木与水利工程学院,162,0,38,76,0,2025
华中科技大学,工程管理,125601,管理学院,162,0,38,76,0,2025
华中科技大学,工业工程与管理,125603,机械科学与工程学院,220,0,45,80,0,2025
华中科技大学,设计,135700,建筑与城市规划学院,351,50,45,90,90,2025
华中科技大学,设计学,137000,机械科学与工程学院,351,45,45,70,70,2025
华中科技大学,设计学,137000,建筑与城市规划学院,351,50,45,90,90,2025
华中科技大学,集成电路科学与工程,140100,集成电路学院,300,45,45,70,70,2025
华中科技大学,智能科学与技术,140500,人工智能与自动化学院,315,50,45,75,75,2025
华中科技大学,哲学,010100,哲学学院,370,60,65,110,125,2026
华中科技大学,哲学,01,不区分院系,370,60,65,110,125,2026
华中科技大学,理论经济学,020100,经济学院,330,50,50,90,90,2026
华中科技大学,应用经济学,020200,经济学院,350,50,50,90,90,2026
华中科技大学,金融,025100,经济学院,365,50,50,90,90,2026
华中科技大学,应用统计,025200,数学与统计学院,375,60,60,100,100,2026
华中科技大学,国际商务,025400,经济学院,370,50,50,90,90,2026
华中科技大学,数字经济,025800,经济学院,380,50,50,90,90,2026
华中科技大学,金融,0251,不区分院系,365,50,50,90,90,2026
华中科技大学,应用统计,0252,不区分院系,375,60,60,100,100,2026
华中科技大学,国际商务,0254,不区分院系,370,50,50,90,90,2026
华中科技大学,数字经济,0258,不区分院系,380,50,50,90,90,2026
华中科技大学,经济学,02,不区分院系,330,50,50,90,90,2026
华中科技大学,法学,030100,法学院,330,50,50,90,90,2026
华中科技大学,社会学,030300,社会学院,360,60,60,90,90,2026
华中科技大学,马克思主义理论,030500,马克思主义学院,375,60,60,90,90,2026
华中科技大学,法律（非法学）,035101,法学院,321,50,50,80,80,2026
华中科技大学,法律（法学）,035102,法学院,321,50,50,85,85,2026
华中科技大学,社会工作,035200,社会学院,345,55,55,90,90,2026
华中科技大学,社会工作,0352,不区分院系,345,55,55,90,90,2026
华中科技大学,法学,03,不区分院系,330,50,50,90,90,2026
华中科技大学,教育学,040100,教育科学研究院,350,60,55,200,0,2026
华中科技大学,体育教育与社会体育,0401Z2,体育学院,350,60,55,200,144,2026
华中科技大学,教育管理,045101,教育科学研究院,347,48,48,72,72,2026
华中科技大学,科学与技术教育,045117,教育科学研究院,347,48,48,72,72,2026
华中科技大学,国际中文教育,045300,人文学院,360,55,55,100,100,2026
华中科技大学,教育,0451,不区分院系,347,48,48,72,72,2026
华中科技大学,国际中文教育,0453,不区分院系,360,55,55,100,100,2026
华中科技大学,教育学,04,不区分院系,350,60,55,200,0,2026
华中科技大学,中国语言文学,050100,人文学院,380,55,55,100,100,2026
华中科技大学,外国语言文学,050200,外国语学院,365,55,60,110,110,2026
华中科技大学,新闻传播学,050300,新闻与信息传播学院,380,60,60,120,120,2026
华中科技大学,英语笔译,055101,外国语学院,380,55,60,110,110,2026
华中科技大学,英语口译,055102,外国语学院,380,55,60,110,110,2026
华中科技大学,新闻与传播,055200,新闻与信息传播学院,365,60,60,110,110,2026
华中科技大学,翻译,0551,不区分院系,380,55,60,110,110,2026
华中科技大学,新闻与传播,0552,不区分院系,365,60,60,110,110,2026
华中科技大学,文学,05,不区分院系,365,55,55,100,100,2026
华中科技大学,数学,070100,数学与统计学院,340,55,55,95,95,2026
华中科技大学,物理学,070200,物理学院,320,50,55,80,90,2026
华中科技大学,化学,070300,化学与化工学院,350,50,50,90,90,2026
华中科技大学,生物学,071000,生命科学与技术学院,355,55,60,90,100,2026
华中科技大学,统计学,071400,数学与统计学院,340,55,55,95,95,2026
华中科技大学,理学,07,不区分院系,320,50,50,80,90,2026
华中科技大学,力学,080100,航空航天学院,355,50,50,80,80,2026
华中科技大学,机械工程,080200,机械科学与工程学院,355,50,50,70,70,2026
华中科技大学,工业工程,0802Z1,机械科学与工程学院,320,50,50,70,70,2026
华中科技大学,光学工程,080300,光学与电子信息学院,340,50,60,100,100,2026
华中科技大学,材料物理与化学,080501,材料科学与工程学院,380,55,55,80,80,2026
华中科技大学,材料学,080502,材料科学与工程学院,380,55,55,80,80,2026
华中科技大学,材料加工工程,080503,材料科学与工程学院,355,55,55,80,80,2026
华中科技大学,电子封装,0805Z3,材料科学与工程学院,380,55,55,80,80,2026
华中科技大学,动力工程及工程热物理,080700,能源与动力工程学院,330,55,55,90,90,2026
华中科技大学,新能源科学与工程,0807Z2,中欧清洁与可再生能源学院,310,50,50,75,90,2026
华中科技大学,电气工程,080800,电气与电子工程学院,350,50,50,80,80,2026
华中科技大学,电子科学与技术,080900,电子信息与通信学院,335,55,55,90,90,2026
华中科技大学,电子科学与技术,080900,光学与电子信息学院,340,50,60,95,95,2026
华中科技大学,电子科学与技术,080900,集成电路学院,320,50,50,80,80,2026
华中科技大学,信息与通信工程,081000,电子信息与通信学院,335,55,55,90,90,2026
华中科技大学,信息与通信工程,081000,网络空间安全学院,335,50,50,85,80,2026
华中科技大学,控制科学与工程,081100,人工智能与自动化学院,350,50,55,105,90,2026
华中科技大学,计算机科学与技术,081200,计算机科学与技术学院,360,50,50,90,90,2026
华中科技大学,建筑学,081300,建筑与城市规划学院,340,50,50,90,90,2026
华中科技大学,土木工程,081400,土木与水利工程学院,300,50,50,70,70,2026
华中科技大学,市政工程,081403,环境科学与工程学院,310,50,50,80,80,2026
华中科技大学,供热、供燃气、通风及空调工程,081404,环境科学与工程学院,310,50,50,80,80,2026
华中科技大学,道路与交通工程,0814Z2,土木与水利工程学院,300,50,50,70,70,2026
华中科技大学,水利工程,081500,土木与水利工程学院,325,60,55,80,80,2026
华中科技大学,船舶与海洋工程,082400,船舶与海洋工程学院,300,55,55,80,90,2026
华中科技大学,航空宇航科学与技术,082500,航空航天学院,310,50,50,80,80,2026
华中科技大学,环境科学与工程,083000,环境科学与工程学院,310,50,50,80,80,2026
华中科技大学,生物医学工程,083100,生命科学与技术学院,365,55,60,95,105,2026
华中科技大学,城乡规划学,083300,建筑与城市规划学院,330,50,50,90,90,2026
华中科技大学,网络空间安全,083900,网络空间安全学院,340,50,50,85,80,2026
华中科技大学,建筑,085100,建筑与城市规划学院,320,50,50,90,90,2026
华中科技大学,城乡规划,085300,建筑与城市规划学院,320,50,50,90,90,2026
华中科技大学,电子信息,085400,电子信息与通信学院,355,55,55,90,90,2026
华中科技大学,新一代电子信息技术（含量子技术等）,085401,光学与电子信息学院,330,50,55,85,85,2026
华中科技大学,新一代电子信息技术（含量子技术等）,085401,集成电路学院,300,50,50,80,80,2026
华中科技大学,通信工程（含宽带网络、移动通信等）,085402,光学与电子信息学院,330,50,55,85,85,2026
华中科技大学,通信工程（含宽带网络、移动通信等）,085402,网络空间安全学院,325,50,50,85,80,2026
华中科技大学,集成电路工程,085403,集成电路学院,300,50,50,80,80,2026
华中科技大学,计算机技术,085404,计算机科学与技术学院,330,50,50,90,90,2026
华中科技大学,软件工程,085405,软件学院,320,50,50,75,75,2026
华中科技大学,控制工程,085406,人工智能与自动化学院,365,50,55,105,100,2026
华中科技大学,光电信息工程,085408,光学与电子信息学院,340,50,60,90,90,2026
华中科技大学,生物医学工程,085409,生命科学与技术学院,355,55,60,90,105,2026
华中科技大学,人工智能,085410,人工智能与自动化学院,335,50,55,105,95,2026
华中科技大学,网络与信息安全,085412,网络空间安全学院,360,50,50,85,80,2026
华中科技大学,机械,085500,航空航天学院,305,50,50,80,80,2026
华中科技大学,机械工程,085501,机械科学与工程学院,350,50,50,70,70,2026
华中科技大学,船舶工程,085505,船舶与海洋工程学院,345,50,50,80,90,2026
华中科技大学,材料与化工,085600,化学与化工学院,325,50,50,90,90,2026
华中科技大学,材料工程,085601,材料科学与工程学院,330,55,55,80,80,2026
华中科技大学,资源与环境,085700,环境科学与工程学院,310,50,50,80,80,2026
华中科技大学,能源动力,085800,能源与动力工程学院,360,55,55,90,90,2026
华中科技大学,电气工程,085801,电气与电子工程学院,360,50,50,80,80,2026
华中科技大学,土木工程,085901,土木与水利工程学院,300,50,50,70,70,2026
华中科技大学,水利工程,085902,土木与水利工程学院,305,50,50,70,70,2026
华中科技大学,市政工程（含给排水等）,085905,环境科学与工程学院,310,50,50,80,80,2026
华中科技大学,人工环境工程（含供热、通风及空调等）,085906,环境科学与工程学院,310,50,50,80,80,2026
华中科技大学,生物与医药,086000,生命科学与技术学院,335,55,60,90,100,2026
华中科技大学,交通运输,086100,土木与水利工程学院,300,50,50,70,70,2026
华中科技大学,风景园林,086200,建筑与城市规划学院,300,50,50,90,90,2026
华中科技大学,建筑,0851,不区分院系,320,50,50,90,90,2026
华中科技大学,城乡规划,0853,不区分院系,320,50,50,90,90,2026
华中科技大学,电子信息,0854,不区分院系,300,50,50,70,70,2026
华中科技大学,机械,0855,不区分院系,300,50,50,70,70,2026
华中科技大学,材料与化工,0856,不区分院系,300,50,50,70,70,2026
华中科技大学,资源与环境,0857,不区分院系,300,50,50,70,70,2026
华中科技大学,能源动力,0858,不区分院系,300,50,50,70,70,2026
华中科技大学,土木水利,0859,不区分院系,300,50,50,70,70,2026
华中科技大学,生物与医药,0860,不区分院系,300,50,50,70,70,2026
华中科技大学,交通运输,0861,不区分院系,300,50,50,70,70,2026
华中科技大学,风景园林,0862,不区分院系,300,50,50,90,90,2026
华中科技大学,工学（不含工学照顾专业）,08,不区分院系,300,50,50,70,70,2026
华中科技大学,基础医学,100100,基础医学院,360,55,55,245,0,2026
华中科技大学,临床医学,100200,第一临床学院（附属协和医院）,335,50,60,180,0,2026
华中科技大学,临床医学,100200,第二临床学院（附属同济医院）,320,55,60,180,0,2026
华中科技大学,妇产科学,100211,生殖健康研究所,300,50,50,180,0,2026
华中科技大学,口腔医学,100300,口腔医学院,310,55,50,195,0,2026
华中科技大学,公共卫生与预防医学,100400,公共卫生学院,320,55,60,190,0,2026
华中科技大学,中西医结合,100600,第一临床学院（附属协和医院）,335,50,60,180,0,2026
华中科技大学,中西医结合,100600,第二临床学院（附属同济医院）,320,55,60,180,0,2026
华中科技大学,药学,100700,药学院,345,50,55,215,0,2026
华中科技大学,药学,100700,第一临床学院（附属协和医院）,335,50,60,210,0,2026
华中科技大学,药学,100700,第二临床学院（附属同济医院）,320,55,60,180,0,2026
华中科技大学,护理学,101100,护理学院,325,50,55,185,0,2026
华中科技大学,法医学,101200,法医学系,330,60,60,200,0,2026
华中科技大学,临床医学,105100,第一临床学院（附属协和医院）,345,55,60,180,0,2026
华中科技大学,临床医学,105100,第二临床学院（附属同济医院）,370,60,65,180,0,2026
华中科技大学,口腔医学,105200,口腔医学院,325,55,60,195,0,2026
华中科技大学,公共卫生,105300,公共卫生学院,305,50,55,185,0,2026
华中科技大学,护理,105400,护理学院,325,50,55,185,0,2026
华中科技大学,药学,105500,药学院,345,50,55,215,0,2026
华中科技大学,药学,105500,第一临床学院（附属协和医院）,335,50,60,210,0,2026
华中科技大学,药学,105500,第二临床学院（附属同济医院）,320,55,60,180,0,2026
华中科技大学,中药,105600,药学院,345,50,55,215,0,2026
华中科技大学,临床医学,1051,不区分院系,345,55,60,180,0,2026
华中科技大学,口腔医学,1052,不区分院系,325,55,60,195,0,2026
华中科技大学,公共卫生,1053,不区分院系,305,50,55,185,0,2026
华中科技大学,护理,1054,不区分院系,325,50,55,185,0,2026
华中科技大学,药学,1055,不区分院系,320,50,55,180,0,2026
华中科技大学,中药,1056,不区分院系,345,50,55,215,0,2026
华中科技大学,医学,10,不区分院系,300,50,50,180,0,2026
华中科技大学,管理科学与工程,120100,管理学院,380,60,60,110,110,2026
华中科技大学,工商管理学,120200,管理学院,335,50,50,90,90,2026
华中科技大学,公共管理学,120400,公共管理学院,365,55,55,100,100,2026
华中科技大学,社会医学与卫生事业管理,120402,医药卫生管理学院,350,50,50,110,110,2026
华中科技大学,医院管理,1204Z1,医药卫生管理学院,350,50,50,110,110,2026
华中科技大学,卫生信息管理,1204Z4,医药卫生管理学院,350,50,50,110,110,2026
华中科技大学,工商管理,125100,管理学院,146,0,35,70,0,2026
华中科技大学,公共管理,125200,公共管理学院,170,0,50,110,0,2026
华中科技大学,公共管理,125200,医药卫生管理学院,170,0,50,110,0,2026
华中科技大学,会计,125300,管理学院,199,0,51,102,0,2026
华中科技大学,图书情报,125500,医药卫生管理学院,225,0,65,150,0,2026
华中科技大学,工程管理,125601,土木与水利工程学院,166,0,39,78,0,2026
华中科技大学,工程管理,125601,管理学院,166,0,39,78,0,2026
华中科技大学,工业工程与管理,125603,机械科学与工程学院,230,0,50,90,0,2026
华中科技大学,工商管理,1251,不区分院系,146,0,35,70,0,2026
华中科技大学,公共管理,1252,不区分院系,170,0,50,110,0,2026
华中科技大学,会计,1253,不区分院系,199,0,51,102,0,2026
华中科技大学,图书情报,1255,不区分院系,225,0,65,150,0,2026
华中科技大学,工程管理,1256,不区分院系,166,0,39,78,0,2026
华中科技大学,管理学,12,不区分院系,335,50,50,90,90,2026
华中科技大学,设计,135700,设计学院,355,50,50,100,100,2026
华中科技大学,设计,1357,不区分院系,355,50,50,100,100,2026
华中科技大学,集成电路科学与工程,140100,集成电路学院,355,50,50,80,80,2026
华中科技大学,设计学,140300,设计学院,390,50,50,100,100,2026
华中科技大学,智能科学与技术,140500,人工智能与自动化学院,345,50,55,105,90,2026
华中科技大学,交叉学科,14,不区分院系,300,50,50,70,70,2026
西安交通大学,哲学,01,不区分院系,330,50,50,80,80,2023
西安交通大学,金融,0251,不区分院系,370,60,60,90,90,2023
西安交通大学,应用统计,0252,不区分院系,370,60,60,90,90,2023
西安交通大学,税务,0253,不区分院系,370,60,60,90,90,2023
西安交通大学,国际商务,0254,不区分院系,370,60,60,90,90,2023
西安交通大学,经济学,02,不区分院系,365,55,55,85,85,2023
西安交通大学,法律（非法学）,035101,不区分院系,340,60,60,90,90,2023
西安交通大学,法律（法学）,035102,不区分院系,340,60,60,90,90,2023
西安交通大学,社会工作,0352,不区分院系,340,60,60,90,90,2023
西安交通大学,法学,03,不区分院系,340,50,50,85,85,2023
西安交通大学,体育,0452,不区分院系,380,60,60,180,0,2023
西安交通大学,翻译,0551,不区分院系,365,60,60,90,90,2023
西安交通大学,新闻与传播,0552,不区分院系,365,60,60,90,90,2023
西安交通大学,文学,05,不区分院系,363,54,54,81,81,2023
西安交通大学,理学,07,不区分院系,330,50,45,80,80,2023
西安交通大学,建筑学,0851,不区分院系,325,50,45,80,80,2023
西安交通大学,电子信息,0854,不区分院系,325,50,45,80,80,2023
西安交通大学,机械,0855,不区分院系,325,50,45,80,80,2023
西安交通大学,材料与化工,0856,不区分院系,325,50,45,80,80,2023
西安交通大学,资源与环境,0857,不区分院系,325,50,45,80,80,2023
西安交通大学,能源动力,0858,不区分院系,325,50,45,80,80,2023
西安交通大学,土木水利,0859,不区分院系,325,50,45,80,80,2023
西安交通大学,生物与医药,0860,不区分院系,325,50,45,80,80,2023
西安交通大学,工学（不含工学照顾专业）,08,不区分院系,320,50,45,80,80,2023
西安交通大学,临床医学,1051,不区分院系,335,55,55,180,0,2023
西安交通大学,口腔医学,1052,不区分院系,335,55,55,180,0,2023
西安交通大学,公共卫生,1053,不区分院系,335,55,55,180,0,2023
西安交通大学,护理,1054,不区分院系,335,55,55,180,0,2023
西安交通大学,药学,1055,不区分院系,335,55,55,180,0,2023
西安交通大学,医学（不含中医类照顾专业）,10,不区分院系,315,50,50,180,0,2023
西安交通大学,工商管理,1251,不区分院系,167,0,41,82,0,2023
西安交通大学,公共管理,1252,不区分院系,185,0,50,110,0,2023
西安交通大学,会计,1253,不区分院系,197,0,51,102,0,2023
西安交通大学,工程管理,1256,不区分院系,178,0,45,100,0,2023
西安交通大学,管理学,12,不区分院系,360,55,55,85,85,2023
西安交通大学,艺术,1351,不区分院系,365,55,55,90,90,2023
西安交通大学,交叉学科,14,不区分院系,320,50,45,80,80,2023
西安交通大学,哲学,0101,不区分院系,350,60,60,90,90,2024
西安交通大学,应用统计,0252,不区分院系,350,55,55,85,85,2024
西安交通大学,国际商务,0254,不区分院系,350,55,55,85,85,2024
西安交通大学,经济学,02,不区分院系,370,60,60,90,90,2024
西安交通大学,法学,03,不区分院系,350,60,60,90,90,2024
西安交通大学,体育,0452,不区分院系,320,41,41,180,0,2024
西安交通大学,文学,05,不区分院系,365,55,55,90,90,2024
西安交通大学,理学,07,不区分院系,335,55,55,85,85,2024
西安交通大学,核能工程,085803,能源与动力工程学院,300,50,50,70,80,2024
西安交通大学,工学（不含工学照顾专业）,08,不区分院系,320,50,50,80,85,2024
西安交通大学,临床医学,1051,不区分院系,335,55,55,180,0,2024
西安交通大学,口腔医学,1052,不区分院系,335,55,55,180,0,2024
西安交通大学,公共卫生,1053,不区分院系,335,55,55,180,0,2024
西安交通大学,护理,1054,不区分院系,335,55,55,180,0,2024
西安交通大学,药学,1055,不区分院系,335,55,55,180,0,2024
西安交通大学,医学（不含中医类照顾专业）,10,不区分院系,310,50,50,175,0,2024
西安交通大学,工商管理,1251,不区分院系,162,0,39,78,0,2024
西安交通大学,公共管理,1252,不区分院系,185,0,55,115,0,2024
西安交通大学,会计,1253,不区分院系,201,0,52,104,0,2024
西安交通大学,工程管理,1256,不区分院系,180,0,50,100,0,2024
西安交通大学,管理学,12,不区分院系,360,55,55,85,85,2024
西安交通大学,美术与书法,1356,不区分院系,365,55,55,90,90,2024
西安交通大学,设计,1357,不区分院系,365,55,55,90,90,2024
西安交通大学,哲学,0101,不区分院系,325,60,50,85,85,2025
西安交通大学,应用统计,0252,不区分院系,345,55,55,85,85,2025
西安交通大学,国际商务,0254,不区分院系,345,55,55,85,85,2025
西安交通大学,经济学,02,不区分院系,360,55,55,90,90,2025
西安交通大学,法学,03,不区分院系,330,55,50,90,90,2025
西安交通大学,体育,0452,不区分院系,320,45,45,180,0,2025
西安交通大学,文学,05,不区分院系,355,50,50,80,80,2025
西安交通大学,理学,07,不区分院系,315,50,50,80,80,2025
西安交通大学,核能工程,085803,能源与动力工程学院,300,50,50,70,80,2025
西安交通大学,工学（不含工学照顾专业）,08,不区分院系,320,50,50,80,85,2025
西安交通大学,临床医学,1051,不区分院系,325,50,50,175,0,2025
西安交通大学,口腔医学,1052,不区分院系,325,50,50,175,0,2025
西安交通大学,公共卫生,1053,不区分院系,325,50,50,175,0,2025
西安交通大学,护理,1054,不区分院系,325,50,50,175,0,2025
西安交通大学,药学,1055,不区分院系,325,50,50,175,0,2025
西安交通大学,医学（不含中医类照顾专业）,10,不区分院系,300,50,45,175,0,2025
西安交通大学,工商管理,1251,不区分院系,151,0,35,70,0,2025
西安交通大学,公共管理,1252,不区分院系,164,0,38,76,0,2025
西安交通大学,会计,1253,不区分院系,194,0,48,96,0,2025
西安交通大学,工程管理,1256,不区分院系,162,0,38,76,0,2025
西安交通大学,管理学,12,不区分院系,345,50,50,85,85,2025
西安交通大学,美术与书法,1356,不区分院系,360,50,50,90,90,2025
西安交通大学,设计,1357,不区分院系,360,50,50,90,90,2025
西安交通大学,哲学,0101,不区分院系,355,60,60,90,90,2026
西安交通大学,国际商务,0254,不区分院系,345,55,55,90,90,2026
西安交通大学,经济学,02,不区分院系,360,55,55,90,90,2026
西安交通大学,法学,03,不区分院系,330,60,60,90,90,2026
西安交通大学,体育,0452,不区分院系,380,55,55,180,0,2026
西安交通大学,文学,05,不区分院系,365,60,60,90,90,2026
西安交通大学,理学,07,不区分院系,315,55,55,80,80,2026
西安交通大学,工学（不含工学照顾专业）,08,不区分院系,320,50,50,80,80,2026
西安交通大学,临床医学,1051,不区分院系,330,55,55,180,0,2026
西安交通大学,口腔医学,1052,不区分院系,330,55,55,180,0,2026
西安交通大学,公共卫生,1053,不区分院系,325,50,50,175,0,2026
西安交通大学,护理,1054,不区分院系,325,50,50,175,0,2026
西安交通大学,药学,1055,不区分院系,330,55,55,180,0,2026
西安交通大学,医学,10,不区分院系,300,50,50,175,0,2026
西安交通大学,工商管理,1251,不区分院系,146,0,35,70,0,2026
西安交通大学,公共管理,1252,不区分院系,168,0,39,78,0,2026
西安交通大学,会计,1253,不区分院系,199,0,51,102,0,2026
西安交通大学,工程管理,1256,不区分院系,166,0,39,78,0,2026
西安交通大学,管理学,12,不区分院系,355,55,55,90,90,2026
西安交通大学,美术与书法,1356,不区分院系,360,50,50,90,90,2026
西安交通大学,设计,1357,不区分院系,360,50,50,90,90,2026
北京航空航天大学,哲学,01,不区分院系,330,45,45,80,80,2023
北京航空航天大学,金融,0251,不区分院系,355,50,50,85,85,2023
北京航空航天大学,经济学,02,不区分院系,355,50,50,85,85,2023
北京航空航天大学,法律（非法学）,035101,不区分院系,330,45,45,80,80,2023
北京航空航天大学,法律（法学）,035102,不区分院系,330,45,45,80,80,2023
北京航空航天大学,法学,03,不区分院系,350,45,45,80,80,2023
北京航空航天大学,教育,0451,不区分院系,350,50,50,80,80,2023
北京航空航天大学,教育学（不含体育学）,04,不区分院系,350,50,50,165,0,2023
北京航空航天大学,翻译,0551,不区分院系,380,55,55,85,85,2023
北京航空航天大学,文学,05,不区分院系,380,55,55,85,85,2023
北京航空航天大学,理学,07,不区分院系,300,40,40,60,60,2023
北京航空航天大学,电子信息,0854,不区分院系,300,40,40,60,60,2023
北京航空航天大学,机械,0855,不区分院系,300,40,40,60,60,2023
北京航空航天大学,材料与化工,0856,不区分院系,300,40,40,60,60,2023
北京航空航天大学,能源动力,0858,不区分院系,300,40,40,60,60,2023
北京航空航天大学,土木水利,0859,不区分院系,300,40,40,60,60,2023
北京航空航天大学,交通运输,0861,不区分院系,300,40,40,60,60,2023
北京航空航天大学,工学（不含工学照顾专业）,08,不区分院系,310,40,40,60,60,2023
北京航空航天大学,医学（不含中医类照顾专业）,10,不区分院系,300,40,40,120,0,2023
北京航空航天大学,工商管理,1251,不区分院系,170,0,45,85,0,2023
北京航空航天大学,公共管理,1252,不区分院系,185,0,45,90,0,2023
北京航空航天大学,会计,1253,不区分院系,200,0,55,105,0,2023
北京航空航天大学,工程管理,1256,不区分院系,180,0,45,90,0,2023
北京航空航天大学,管理学,12,不区分院系,355,50,50,85,85,2023
北京航空航天大学,艺术学,13,不区分院系,370,50,50,80,80,2023
北京航空航天大学,交叉学科,14,不区分院系,300,40,40,60,60,2023
北京航空航天大学,哲学,01,不区分院系,335,45,45,80,80,2024
北京航空航天大学,经济学,02,不区分院系,350,50,50,80,80,2024
北京航空航天大学,法学,03,不区分院系,335,45,45,80,80,2024
北京航空航天大学,教育,0451,不区分院系,350,50,50,80,80,2024
北京航空航天大学,教育学（不含体育学）,04,不区分院系,350,50,50,165,0,2024
北京航空航天大学,文学,05,不区分院系,365,55,55,85,85,2024
北京航空航天大学,理学,07,不区分院系,300,40,40,60,60,2024
北京航空航天大学,电子信息,0854,不区分院系,300,40,40,60,60,2024
北京航空航天大学,机械,0855,不区分院系,300,40,40,60,60,2024
北京航空航天大学,材料与化工,0856,不区分院系,300,40,40,60,60,2024
北京航空航天大学,能源动力,0858,不区分院系,300,40,40,60,60,2024
北京航空航天大学,交通运输,0861,不区分院系,300,40,40,60,60,2024
北京航空航天大学,工学（不含工学照顾专业）,08,不区分院系,310,40,40,60,60,2024
北京航空航天大学,医学（不含中医类照顾专业）,10,不区分院系,305,40,40,120,0,2024
北京航空航天大学,工商管理,1251,不区分院系,165,0,40,85,0,2024
北京航空航天大学,公共管理,1252,不区分院系,175,0,45,90,0,2024
北京航空航天大学,会计,1253,不区分院系,201,0,52,104,0,2024
北京航空航天大学,工程管理,1256,不区分院系,176,0,43,86,0,2024
北京航空航天大学,管理学,12,不区分院系,350,50,50,85,85,2024
北京航空航天大学,交叉学科,14,不区分院系,300,40,40,60,60,2024
北京航空航天大学,哲学,01,不区分院系,330,40,40,80,80,2025
北京航空航天大学,经济学,02,不区分院系,340,50,50,80,80,2025
北京航空航天大学,法学,03,不区分院系,325,45,45,80,80,2025
北京航空航天大学,教育学,0401,不区分院系,345,50,50,165,165,2025
北京航空航天大学,教育,0451,不区分院系,345,50,50,85,85,2025
北京航空航天大学,文学,05,不区分院系,360,55,55,85,85,2025
北京航空航天大学,理学,07,不区分院系,295,35,35,60,60,2025
北京航空航天大学,工学（不含工学照顾专业）,08,不区分院系,295,35,35,60,60,2025
北京航空航天大学,医学（不含中医类照顾专业）,10,不区分院系,295,40,40,120,120,2025
北京航空航天大学,工商管理,1251,不区分院系,151,35,35,70,70,2025
北京航空航天大学,公共管理,1252,不区分院系,164,38,38,76,76,2025
北京航空航天大学,会计,1253,不区分院系,194,48,48,96,96,2025
北京航空航天大学,工程管理,1256,不区分院系,162,38,38,76,76,2025
北京航空航天大学,管理学,12,不区分院系,335,45,45,85,85,2025
北京航空航天大学,交叉学科,14,不区分院系,295,35,35,60,60,2025
北京航空航天大学,哲学,01,不区分院系,335,45,45,80,80,2026
北京航空航天大学,经济学,02,不区分院系,360,50,50,80,80,2026
北京航空航天大学,法学,03,不区分院系,325,45,45,80,80,2026
北京航空航天大学,教育,0451,不区分院系,350,50,50,80,80,2026
北京航空航天大学,教育学,04,不区分院系,350,50,50,165,0,2026
北京航空航天大学,文学,05,不区分院系,375,55,55,85,85,2026
北京航空航天大学,理学,07,不区分院系,310,40,40,60,60,2026
北京航空航天大学,工学（不含工学照顾专业）,08,不区分院系,310,40,40,60,60,2026
北京航空航天大学,医学,10,不区分院系,300,40,40,120,0,2026
北京航空航天大学,工商管理,1251,不区分院系,146,35,35,70,70,2026
北京航空航天大学,公共管理,1252,不区分院系,168,39,39,78,78,2026
北京航空航天大学,会计,1253,不区分院系,199,51,51,102,102,2026
北京航空航天大学,工程管理,1256,不区分院系,166,39,39,78,78,2026
北京航空航天大学,管理学,12,不区分院系,355,50,50,85,85,2026
北京航空航天大学,交叉学科,14,不区分院系,305,40,40,60,60,2026
哈尔滨工业大学,哲学,01,不区分院系,340,55,55,90,90,2023
哈尔滨工业大学,金融,0251,不区分院系,360,60,60,90,90,2023
哈尔滨工业大学,应用统计,0252,不区分院系,360,60,60,90,90,2023
哈尔滨工业大学,经济学,02,不区分院系,360,60,60,90,90,2023
哈尔滨工业大学,社会工作,0352,不区分院系,335,55,55,90,90,2023
哈尔滨工业大学,法学,03,不区分院系,335,55,55,90,90,2023
哈尔滨工业大学,外国语言文学,0502,不区分院系,370,60,60,90,90,2023
哈尔滨工业大学,翻译,0551,不区分院系,370,60,60,90,90,2023
哈尔滨工业大学,理学,07,不区分院系,300,45,45,75,75,2023
哈尔滨工业大学,力学,0801,不区分院系,300,45,45,75,75,2023
哈尔滨工业大学,动力工程及工程热物理,0807,不区分院系,300,45,45,75,75,2023
哈尔滨工业大学,船舶与海洋工程,0824,不区分院系,300,45,45,75,75,2023
哈尔滨工业大学,航空宇航科学与技术,0825,不区分院系,300,45,45,75,75,2023
哈尔滨工业大学,建筑学,0851,不区分院系,310,45,45,75,75,2023
哈尔滨工业大学,城市规划,0853,不区分院系,310,45,45,75,75,2023
哈尔滨工业大学,电子信息,0854,不区分院系,310,45,45,75,75,2023
哈尔滨工业大学,机械,0855,不区分院系,310,45,45,75,75,2023
哈尔滨工业大学,材料与化工,0856,不区分院系,310,45,45,75,75,2023
哈尔滨工业大学,资源与环境,0857,不区分院系,310,45,45,75,75,2023
哈尔滨工业大学,能源动力,0858,不区分院系,300,45,45,75,75,2023
哈尔滨工业大学,土木水利,0859,不区分院系,310,45,45,75,75,2023
哈尔滨工业大学,生物与医药,0860,不区分院系,310,45,45,75,75,2023
哈尔滨工业大学,交通运输,0861,不区分院系,310,45,45,75,75,2023
哈尔滨工业大学,工学（不含工学照顾专业）,08,不区分院系,310,45,45,75,75,2023
哈尔滨工业大学,风景园林,0953,不区分院系,310,45,45,75,75,2023
哈尔滨工业大学,公共管理,1252,不区分院系,175,0,44,88,0,2023
哈尔滨工业大学,会计,1253,不区分院系,197,0,51,102,0,2023
哈尔滨工业大学,工程管理,1256,不区分院系,178,0,44,88,0,2023
哈尔滨工业大学,管理学,12,不区分院系,350,60,60,90,90,2023
哈尔滨工业大学,设计学,1305,不区分院系,370,60,60,90,90,2023
哈尔滨工业大学,哲学,01,不区分院系,360,60,60,90,90,2024
哈尔滨工业大学,应用统计,0252,不区分院系,350,60,60,90,90,2024
哈尔滨工业大学,经济学,02,不区分院系,350,60,60,90,90,2024
哈尔滨工业大学,社会工作,0352,不区分院系,335,50,50,75,75,2024
哈尔滨工业大学,法学,03,不区分院系,335,50,50,75,75,2024
哈尔滨工业大学,外国语言文学,0502,不区分院系,370,60,60,90,90,2024
哈尔滨工业大学,翻译,0551,不区分院系,370,60,60,90,90,2024
哈尔滨工业大学,理学,07,不区分院系,305,50,50,70,75,2024
哈尔滨工业大学,建筑,0851,不区分院系,315,50,50,70,75,2024
哈尔滨工业大学,城乡规划,0853,不区分院系,315,50,50,70,75,2024
哈尔滨工业大学,电子信息,0854,不区分院系,315,50,50,70,75,2024
哈尔滨工业大学,机械,0855,不区分院系,315,50,50,70,75,2024
哈尔滨工业大学,材料与化工,0856,不区分院系,315,50,50,70,75,2024
哈尔滨工业大学,资源与环境,0857,不区分院系,315,50,50,70,75,2024
哈尔滨工业大学,能源动力,0858,不区分院系,315,50,50,70,75,2024
哈尔滨工业大学,土木水利,0859,不区分院系,315,50,50,70,75,2024
哈尔滨工业大学,生物与医药,0860,不区分院系,315,50,50,70,75,2024
哈尔滨工业大学,交通运输,0861,不区分院系,315,50,50,70,75,2024
哈尔滨工业大学,风景园林,0862,不区分院系,315,50,50,70,75,2024
哈尔滨工业大学,工学（不含工学照顾专业）,08,不区分院系,315,50,50,70,75,2024
哈尔滨工业大学,公共管理,1252,不区分院系,173,0,43,86,0,2024
哈尔滨工业大学,管理学,12,不区分院系,370,60,60,90,90,2024
哈尔滨工业大学,设计学,1403,不区分院系,290,50,50,75,75,2024
哈尔滨工业大学,应用统计,0252,不区分院系,330,50,50,80,80,2025
哈尔滨工业大学,经济学,02,不区分院系,330,50,50,80,80,2025
哈尔滨工业大学,社会工作,0352,不区分院系,340,50,50,80,80,2025
哈尔滨工业大学,法学,03,不区分院系,340,50,50,80,80,2025
哈尔滨工业大学,外国语言文学,0502,不区分院系,360,50,50,90,90,2025
哈尔滨工业大学,翻译,0551,不区分院系,360,50,50,90,90,2025
哈尔滨工业大学,理学,07,不区分院系,300,50,42,70,70,2025
哈尔滨工业大学,建筑,0851,不区分院系,300,50,42,70,70,2025
哈尔滨工业大学,城乡规划,0853,不区分院系,300,50,42,70,70,2025
哈尔滨工业大学,电子信息,0854,不区分院系,300,50,42,70,70,2025
哈尔滨工业大学,机械,0855,不区分院系,300,50,42,70,70,2025
哈尔滨工业大学,材料与化工,0856,不区分院系,300,50,42,70,70,2025
哈尔滨工业大学,资源与环境,0857,不区分院系,300,50,42,70,70,2025
哈尔滨工业大学,能源动力,0858,不区分院系,300,50,42,70,70,2025
哈尔滨工业大学,土木水利,0859,不区分院系,300,50,42,70,70,2025
哈尔滨工业大学,生物与医药,0860,不区分院系,300,50,42,70,70,2025
哈尔滨工业大学,交通运输,0861,不区分院系,300,50,42,70,70,2025
哈尔滨工业大学,风景园林,0862,不区分院系,300,50,42,70,70,2025
哈尔滨工业大学,工学（不含工学照顾专业）,08,不区分院系,300,50,42,70,70,2025
哈尔滨工业大学,公共管理,1252,不区分院系,164,38,38,76,76,2025
哈尔滨工业大学,会计,1253,不区分院系,194,48,48,96,96,2025
哈尔滨工业大学,工程管理,1256,不区分院系,162,38,38,76,76,2025
哈尔滨工业大学,管理学,12,不区分院系,345,50,50,80,80,2025
哈尔滨工业大学,设计学,1370,不区分院系,360,50,50,90,90,2025
哈尔滨工业大学,应用统计,0252,不区分院系,340,50,50,80,80,2026
哈尔滨工业大学,经济学,02,不区分院系,340,50,50,80,80,2026
哈尔滨工业大学,法学,03,不区分院系,340,50,50,80,80,2026
哈尔滨工业大学,翻译,0551,不区分院系,360,50,50,90,90,2026
哈尔滨工业大学,文学,05,不区分院系,360,50,50,90,90,2026
哈尔滨工业大学,理学,07,不区分院系,305,50,45,70,70,2026
哈尔滨工业大学,建筑,0851,不区分院系,310,50,45,70,70,2026
哈尔滨工业大学,城乡规划,0853,不区分院系,310,50,45,70,70,2026
哈尔滨工业大学,电子信息,0854,不区分院系,310,50,45,70,70,2026
哈尔滨工业大学,机械,0855,不区分院系,310,50,45,70,70,2026
哈尔滨工业大学,材料与化工,0856,不区分院系,310,50,45,70,70,2026
哈尔滨工业大学,资源与环境,0857,不区分院系,310,50,45,70,70,2026
哈尔滨工业大学,能源动力,0858,不区分院系,310,50,45,70,70,2026
哈尔滨工业大学,土木水利,0859,不区分院系,310,50,45,70,70,2026
哈尔滨工业大学,生物与医药,0860,不区分院系,310,50,45,70,70,2026
哈尔滨工业大学,交通运输,0861,不区分院系,310,50,45,70,70,2026
哈尔滨工业大学,风景园林,0862,不区分院系,310,50,45,70,70,2026
哈尔滨工业大学,工学（不含工学照顾专业）,08,不区分院系,310,50,45,70,70,2026
哈尔滨工业大学,食品与营养,0955,不区分院系,310,50,45,70,70,2026
哈尔滨工业大学,工商管理,1251,不区分院系,146,35,35,70,70,2026
哈尔滨工业大学,公共管理,1252,不区分院系,168,39,39,78,78,2026
哈尔滨工业大学,会计,1253,不区分院系,199,51,51,102,102,2026
哈尔滨工业大学,工程管理,1256,不区分院系,166,39,39,78,78,2026
哈尔滨工业大学,管理学,12,不区分院系,345,50,50,80,80,2026
哈尔滨工业大学,设计,1357,不区分院系,360,50,50,90,90,2026
哈尔滨工业大学,艺术学,13,不区分院系,360,50,50,90,90,2026
中山大学,哲学,01,不区分院系,350,50,50,90,90,2023
中山大学,金融,0251,不区分院系,350,55,55,80,80,2023
中山大学,应用统计,0252,不区分院系,380,55,55,90,90,2023
中山大学,国际商务,0254,不区分院系,360,55,55,90,90,2023
中山大学,保险,0255,不区分院系,350,55,55,80,80,2023
中山大学,审计,0257,不区分院系,200,0,55,120,0,2023
中山大学,经济学,02,不区分院系,360,55,55,90,90,2023
中山大学,法律（非法学）,035101,不区分院系,340,50,50,90,90,2023
中山大学,法律（法学）,035102,不区分院系,340,50,50,90,90,2023
中山大学,社会工作,0352,不区分院系,375,50,50,90,90,2023
中山大学,法学,03,不区分院系,355,50,50,90,90,2023
中山大学,体育学,0403,不区分院系,320,40,40,160,0,2023
中山大学,体育,0452,不区分院系,320,40,40,170,0,2023
中山大学,汉语国际教育,0453,不区分院系,350,55,55,90,90,2023
中山大学,应用心理,0454,不区分院系,375,55,55,180,0,2023
中山大学,翻译,0551,不区分院系,370,60,60,90,90,2023
中山大学,新闻与传播,0552,不区分院系,385,60,60,90,90,2023
中山大学,文学,05,不区分院系,365,55,55,90,90,2023
中山大学,文物与博物馆,0651,不区分院系,340,50,50,180,0,2023
中山大学,历史学,06,不区分院系,350,50,50,180,0,2023
中山大学,理学,07,不区分院系,300,50,50,60,60,2023
中山大学,城市规划,0853,不区分院系,300,50,50,60,60,2023
中山大学,电子信息,0854,不区分院系,300,50,50,60,60,2023
中山大学,机械,0855,不区分院系,300,50,50,60,60,2023
中山大学,材料与化工,0856,不区分院系,300,50,50,60,60,2023
中山大学,资源与环境,0857,不区分院系,300,50,50,60,60,2023
中山大学,能源动力,0858,不区分院系,300,50,50,60,60,2023
中山大学,土木水利,0859,不区分院系,300,50,50,60,60,2023
中山大学,生物与医药,0860,不区分院系,300,50,50,60,60,2023
中山大学,交通运输,0861,不区分院系,300,50,50,60,60,2023
中山大学,工学（不含工学照顾专业）,08,不区分院系,290,50,50,60,60,2023
中山大学,农业,0951,不区分院系,290,50,50,60,60,2023
中山大学,农学,09,不区分院系,290,50,50,60,60,2023
中山大学,临床医学,1051,不区分院系,315,50,50,170,0,2023
中山大学,口腔医学,1052,不区分院系,315,50,50,170,0,2023
中山大学,公共卫生,1053,不区分院系,315,50,50,170,0,2023
中山大学,护理,1054,不区分院系,320,50,50,170,0,2023
中山大学,药学,1055,不区分院系,320,50,50,170,0,2023
中山大学,医学（不含中医类照顾专业）,10,不区分院系,300,50,50,160,0,2023
中山大学,工商管理,1251,不区分院系,200,0,50,120,0,2023
中山大学,公共管理,1252,不区分院系,200,0,50,120,0,2023
中山大学,会计,1253,不区分院系,250,0,55,120,0,2023
中山大学,旅游管理,1254,不区分院系,180,0,50,120,0,2023
中山大学,图书情报,1255,不区分院系,230,0,55,120,0,2023
中山大学,管理学,12,不区分院系,360,55,55,85,85,2023
中山大学,艺术,1351,不区分院系,362,40,40,85,85,2023
中山大学,艺术学,13,不区分院系,362,40,40,85,85,2023
中山大学,交叉学科,14,不区分院系,290,45,45,60,60,2023
中山大学,哲学,01,不区分院系,370,50,50,90,90,2024
中山大学,金融,0251,不区分院系,350,55,55,80,80,2024
中山大学,应用统计,0252,不区分院系,390,55,55,90,90,2024
中山大学,国际商务,0254,不区分院系,360,55,55,90,90,2024
中山大学,保险,0255,不区分院系,338,47,47,71,71,2024
中山大学,数字经济,0258,不区分院系,338,47,47,71,71,2024
中山大学,经济学,02,不区分院系,370,55,55,90,90,2024
中山大学,法律（非法学）,035101,法学院（法律硕士）,340,50,50,90,90,2024
中山大学,法律（法学）,035102,法学院（法律硕士）,340,50,50,90,90,2024
中山大学,社会工作,0352,不区分院系,375,50,50,90,90,2024
中山大学,法学,03,不区分院系,360,50,50,90,90,2024
中山大学,体育学,0403,不区分院系,330,45,45,170,0,2024
中山大学,体育,0452,不区分院系,330,45,45,170,0,2024
中山大学,国际中文教育,0453,不区分院系,355,55,55,90,90,2024
中山大学,应用心理,0454,不区分院系,375,55,55,180,0,2024
中山大学,翻译,0551,不区分院系,370,60,60,90,90,2024
中山大学,新闻与传播,0552,不区分院系,370,60,60,90,90,2024
中山大学,文学,05,不区分院系,370,60,60,90,90,2024
中山大学,博物馆,0651,不区分院系,345,50,50,180,0,2024
中山大学,历史学,06,不区分院系,350,50,50,180,0,2024
中山大学,理学,07,不区分院系,310,50,50,65,65,2024
中山大学,城乡规划,0853,不区分院系,300,50,50,60,60,2024
中山大学,电子信息,0854,不区分院系,300,50,50,60,60,2024
中山大学,机械,0855,不区分院系,300,50,50,60,60,2024
中山大学,材料与化工,0856,不区分院系,300,50,50,60,60,2024
中山大学,资源与环境,0857,不区分院系,300,50,50,60,60,2024
中山大学,能源动力,0858,不区分院系,300,50,50,60,60,2024
中山大学,土木水利,0859,不区分院系,300,50,50,60,60,2024
中山大学,生物与医药,0860,不区分院系,300,50,50,60,60,2024
中山大学,交通运输,0861,不区分院系,300,50,50,60,60,2024
中山大学,工学（不含工学照顾专业）,08,不区分院系,300,50,50,60,60,2024
中山大学,农业,0951,不区分院系,290,50,50,60,60,2024
中山大学,农学,09,不区分院系,300,50,50,60,60,2024
中山大学,临床医学,1051,不区分院系,315,50,50,170,0,2024
中山大学,口腔医学,1052,不区分院系,315,50,50,170,0,2024
中山大学,公共卫生,1053,不区分院系,305,50,50,170,0,2024
中山大学,护理,1054,不区分院系,310,50,50,170,0,2024
中山大学,药学,1055,不区分院系,310,50,50,170,0,2024
中山大学,医学技术,1058,不区分院系,305,50,50,160,0,2024
中山大学,医学（不含中医类照顾专业）,10,不区分院系,310,50,50,160,0,2024
中山大学,文献与文化遗产保护,1258S1,信息管理学院,230,0,55,120,0,2024
中山大学,工商管理,1251,不区分院系,170,0,50,105,0,2024
中山大学,公共管理,1252,不区分院系,205,0,50,120,0,2024
中山大学,会计,1253,不区分院系,240,0,55,120,0,2024
中山大学,旅游管理,1254,不区分院系,170,0,50,105,0,2024
中山大学,图书情报,1255,不区分院系,220,0,55,120,0,2024
中山大学,审计,1257,不区分院系,202,0,55,120,0,2024
中山大学,管理学,12,不区分院系,370,55,55,85,85,2024
中山大学,音乐,1352,不区分院系,365,40,40,85,85,2024
中山大学,戏剧与影视,1354,不区分院系,365,40,40,85,85,2024
中山大学,艺术学,13,不区分院系,365,40,40,85,85,2024
中山大学,文物,1451,不区分院系,340,50,50,90,90,2024
中山大学,交叉学科,14,不区分院系,290,50,50,60,60,2024
中山大学,哲学,01,不区分院系,345,45,45,90,90,2025
中山大学,金融,0251,不区分院系,385,60,60,90,90,2025
中山大学,应用统计,0252,不区分院系,330,55,55,70,70,2025
中山大学,数字经济,0258,不区分院系,350,50,50,90,90,2025
中山大学,经济学,02,不区分院系,340,50,50,80,80,2025
中山大学,法律（非法学）,035101,法学院,340,50,50,90,90,2025
中山大学,法律（法学）,035102,法学院,340,50,50,90,90,2025
中山大学,社会调查,0356S1,社会学与人类学学院,345,50,50,90,90,2025
中山大学,社会工作,0352,不区分院系,345,50,50,90,90,2025
中山大学,法学,03,不区分院系,355,50,50,90,90,2025
中山大学,体育,0452,不区分院系,315,40,40,170,0,2025
中山大学,国际中文教育,0453,不区分院系,345,50,50,90,90,2025
中山大学,应用心理,0454,不区分院系,375,55,55,180,0,2025
中山大学,翻译,0551,不区分院系,380,60,60,90,90,2025
中山大学,新闻与传播,0552,不区分院系,355,55,55,90,90,2025
中山大学,文学,05,不区分院系,355,50,50,90,90,2025
中山大学,博物馆,0651,不区分院系,345,50,50,180,0,2025
中山大学,历史学,06,不区分院系,345,45,45,180,0,2025
中山大学,理学,07,不区分院系,290,45,45,60,60,2025
中山大学,城乡规划,0853,不区分院系,300,50,50,60,60,2025
中山大学,电子信息,0854,不区分院系,300,50,50,60,60,2025
中山大学,机械,0855,不区分院系,300,50,50,60,60,2025
中山大学,材料与化工,0856,不区分院系,300,50,50,60,60,2025
中山大学,资源与环境,0857,不区分院系,300,50,50,60,60,2025
中山大学,能源动力,0858,不区分院系,300,50,50,60,60,2025
中山大学,土木水利,0859,不区分院系,300,50,50,60,60,2025
中山大学,生物与医药,0860,不区分院系,300,50,50,60,60,2025
中山大学,交通运输,0861,不区分院系,300,50,50,60,60,2025
中山大学,工学（不含工学照顾专业）,08,不区分院系,280,45,45,60,60,2025
中山大学,农业,0951,不区分院系,330,50,50,90,90,2025
中山大学,农学,09,不区分院系,260,45,45,60,60,2025
中山大学,临床医学,1051,不区分院系,310,45,45,170,0,2025
中山大学,口腔医学,1052,不区分院系,310,45,45,170,0,2025
中山大学,公共卫生,1053,不区分院系,305,50,50,170,0,2025
中山大学,护理,1054,不区分院系,310,45,45,170,0,2025
中山大学,药学,1055,不区分院系,300,50,50,170,0,2025
中山大学,医学技术,1058,不区分院系,310,45,45,170,0,2025
中山大学,医学（不含中医类照顾专业）,10,不区分院系,295,45,45,160,0,2025
中山大学,文献与文化遗产保护,1258S1,信息管理学院,215,0,55,120,0,2025
中山大学,数字文化管理,1259S1,旅游学院,180,0,50,110,0,2025
中山大学,公共政策,1260S1,政治与公共事务管理学院,220,0,50,120,0,2025
中山大学,工商管理,1251,不区分院系,151,0,35,70,0,2025
中山大学,公共管理,1252,不区分院系,180,0,50,110,0,2025
中山大学,会计,1253,不区分院系,240,0,55,120,0,2025
中山大学,旅游管理,1254,不区分院系,155,0,40,90,0,2025
中山大学,图书情报,1255,不区分院系,200,0,55,120,0,2025
中山大学,审计,1257,不区分院系,195,0,50,100,0,2025
中山大学,管理学,12,不区分院系,340,45,45,80,80,2025
中山大学,音乐,1352,不区分院系,355,40,40,85,85,2025
中山大学,戏剧与影视,1354,不区分院系,355,40,40,85,85,2025
中山大学,艺术学,13,不区分院系,365,40,40,85,85,2025
中山大学,文物,1451,不区分院系,300,45,45,75,75,2025
中山大学,交叉学科,14,不区分院系,280,45,45,60,60,2025
中山大学,应用伦理,0151,不区分院系,326,41,41,62,62,2026
中山大学,哲学,01,不区分院系,345,45,45,90,90,2026
中山大学,金融,0251,不区分院系,380,60,60,90,90,2026
中山大学,应用统计,0252,不区分院系,330,55,55,70,70,2026
中山大学,数字经济,0258,不区分院系,324,40,40,60,60,2026
中山大学,经济学,02,不区分院系,330,45,45,70,70,2026
中山大学,法学,030100,法学院,395,50,50,90,90,2026
中山大学,法律（非法学）,035101,法学院,350,50,50,90,90,2026
中山大学,法律（法学）,035102,人文社科研究院,330,50,50,80,80,2026
中山大学,法律（法学）,035102,法学院,330,50,50,80,80,2026
中山大学,社会调查,0356S1,社会学与人类学学院,345,50,50,90,90,2026
中山大学,社会工作,0352,不区分院系,345,50,50,90,90,2026
中山大学,法学,03,不区分院系,355,50,50,90,90,2026
中山大学,体育,0452,不区分院系,335,40,40,180,0,2026
中山大学,国际中文教育,0453,不区分院系,350,50,50,90,90,2026
中山大学,应用心理,0454,不区分院系,375,55,55,180,0,2026
中山大学,教育学,04,不区分院系,375,55,55,180,0,2026
中山大学,翻译,0551,不区分院系,375,60,60,90,90,2026
中山大学,新闻与传播,0552,不区分院系,360,55,55,90,90,2026
中山大学,文学,05,不区分院系,355,50,50,90,90,2026
中山大学,博物馆,0651,不区分院系,345,50,50,180,0,2026
中山大学,历史学,06,不区分院系,345,50,50,180,0,2026
中山大学,气象,0751,不区分院系,290,45,45,60,60,2026
中山大学,理学,07,不区分院系,290,45,45,60,60,2026
中山大学,城乡规划,0853,不区分院系,300,50,50,60,60,2026
中山大学,电子信息,0854,不区分院系,300,50,50,60,60,2026
中山大学,机械,0855,不区分院系,300,50,50,60,60,2026
中山大学,材料与化工,0856,不区分院系,300,50,50,60,60,2026
中山大学,资源与环境,0857,不区分院系,300,50,50,60,60,2026
中山大学,能源动力,0858,不区分院系,300,50,50,60,60,2026
中山大学,土木水利,0859,不区分院系,300,50,50,60,60,2026
中山大学,生物与医药,0860,不区分院系,300,50,50,60,60,2026
中山大学,交通运输,0861,不区分院系,300,50,50,60,60,2026
中山大学,工学（不含工学照顾专业）,08,不区分院系,280,45,45,60,60,2026
中山大学,农业,0951,不区分院系,330,50,50,90,90,2026
中山大学,农学,09,不区分院系,255,40,40,50,50,2026
中山大学,临床医学,1051,不区分院系,310,45,45,170,0,2026
中山大学,口腔医学,1052,不区分院系,310,45,45,170,0,2026
中山大学,公共卫生,1053,不区分院系,305,50,50,170,0,2026
中山大学,护理,1054,不区分院系,320,45,45,180,0,2026
中山大学,药学,1055,不区分院系,310,50,50,170,0,2026
中山大学,医学技术,1058,不区分院系,310,45,45,170,0,2026
中山大学,医学,10,不区分院系,295,45,45,160,0,2026
中山大学,文献与文化遗产保护,1258S1,信息管理学院,335,50,50,85,85,2026
中山大学,数字文化管理,1259S1,旅游学院,350,50,50,90,90,2026
中山大学,公共政策,1260S1,政治与公共事务管理学院,360,50,50,90,90,2026
中山大学,工商管理,1251,不区分院系,146,0,35,70,0,2026
中山大学,公共管理,1252,不区分院系,190,0,50,110,0,2026
中山大学,会计,1253,不区分院系,199,0,51,102,0,2026
中山大学,旅游管理,1254,不区分院系,151,0,35,70,0,2026
中山大学,图书情报,1255,不区分院系,200,0,55,120,0,2026
中山大学,审计,1257,不区分院系,250,0,55,120,0,2026
中山大学,管理学,12,不区分院系,340,45,45,80,80,2026
中山大学,音乐,1352,不区分院系,355,40,40,85,85,2026
中山大学,戏剧与影视,1354,不区分院系,355,40,40,85,85,2026
中山大学,艺术学,13,不区分院系,365,40,40,85,85,2026
中山大学,文物,1451,不区分院系,300,45,45,75,75,2026
北京理工大学,应用统计,0252,不区分院系,365,55,55,83,83,2023
北京理工大学,经济学,02,不区分院系,360,55,55,80,80,2023
北京理工大学,法律（非法学）,035101,不区分院系,330,45,45,68,68,2023
北京理工大学,法律（法学）,035102,不区分院系,330,45,45,68,68,2023
北京理工大学,法学,03,不区分院系,335,50,50,75,75,2023
北京理工大学,教育,0451,不区分院系,360,55,55,83,83,2023
北京理工大学,汉语国际教育,0453,不区分院系,350,51,51,77,77,2023
北京理工大学,教育学（不含体育学）,04,不区分院系,350,51,51,153,0,2023
北京理工大学,翻译,0551,不区分院系,365,55,55,83,83,2023
北京理工大学,文学,05,不区分院系,365,55,55,83,83,2023
北京理工大学,理学,07,不区分院系,305,45,45,68,68,2023
北京理工大学,力学,0801,不区分院系,300,45,45,68,68,2023
北京理工大学,航空宇航科学与技术,0825,不区分院系,300,45,45,68,68,2023
北京理工大学,兵器科学与技术,0826,不区分院系,300,45,45,68,68,2023
北京理工大学,电子信息,0854,不区分院系,300,45,45,68,68,2023
北京理工大学,机械,0855,不区分院系,300,45,45,68,68,2023
北京理工大学,材料与化工,0856,不区分院系,300,45,45,68,68,2023
北京理工大学,资源与环境,0857,不区分院系,300,45,45,68,68,2023
北京理工大学,能源动力,0858,不区分院系,300,45,45,68,68,2023
北京理工大学,生物与医药,0860,不区分院系,300,45,45,68,68,2023
北京理工大学,工学（不含工学照顾专业）,08,不区分院系,310,45,45,68,68,2023
北京理工大学,医学（不含中医类照顾专业）,10,不区分院系,300,40,40,120,0,2023
北京理工大学,工商管理,1251,不区分院系,185,0,42,84,0,2023
北京理工大学,会计,1253,不区分院系,200,0,55,105,0,2023
北京理工大学,工程管理,1256,不区分院系,180,0,45,90,0,2023
北京理工大学,管理学,12,不区分院系,350,50,50,75,75,2023
北京理工大学,艺术,1351,不区分院系,370,40,40,75,75,2023
北京理工大学,艺术学,13,不区分院系,365,40,40,90,90,2023
北京理工大学,交叉学科,14,不区分院系,300,45,45,68,68,2023
北京理工大学,应用统计,0252,不区分院系,350,55,55,83,83,2024
北京理工大学,经济学,02,不区分院系,360,55,55,83,83,2024
北京理工大学,法律（非法学）,035101,法学院,331,47,47,71,71,2024
北京理工大学,法律（非法学）,035101,国际组织创新学院,331,47,47,71,71,2024
北京理工大学,法律（法学）,035102,法学院,331,47,47,71,71,2024
北京理工大学,法律（法学）,035102,国际组织创新学院,331,47,47,71,71,2024
北京理工大学,法学,03,不区分院系,335,50,50,75,75,2024
北京理工大学,教育,0451,不区分院系,360,55,55,83,83,2024
北京理工大学,国际中文教育,0453,不区分院系,350,51,51,77,77,2024
北京理工大学,教育学（不含体育学）,04,不区分院系,350,51,51,153,0,2024
北京理工大学,翻译,0551,不区分院系,365,55,55,83,83,2024
北京理工大学,文学,05,不区分院系,365,55,55,83,83,2024
北京理工大学,理学,07,不区分院系,305,45,45,68,68,2024
北京理工大学,力学,080100,宇航学院,300,45,45,68,68,2024
北京理工大学,力学,080100,机电学院,300,45,45,68,68,2024
北京理工大学,力学,080100,先进结构技术研究院,300,45,45,68,68,2024
北京理工大学,动力工程及工程热物理,080700,机械与车辆学院,300,45,45,68,68,2024
北京理工大学,机电储能科学与工程,0807J1,机械与车辆学院,300,45,45,68,68,2024
北京理工大学,航空宇航科学与技术,082500,宇航学院,300,45,45,68,68,2024
北京理工大学,兵器科学与技术,082600,机电学院,300,45,45,68,68,2024
北京理工大学,电子信息,0854,不区分院系,300,40,40,60,60,2024
北京理工大学,机械,0855,不区分院系,300,40,40,60,60,2024
北京理工大学,材料与化工,0856,不区分院系,300,40,40,60,60,2024
北京理工大学,资源与环境,0857,不区分院系,300,40,40,60,60,2024
北京理工大学,能源动力,0858,不区分院系,300,40,40,60,60,2024
北京理工大学,生物与医药,0860,不区分院系,300,40,40,60,60,2024
北京理工大学,工学（不含工学照顾专业）,08,不区分院系,305,45,45,68,68,2024
北京理工大学,工商管理,1251,不区分院系,170,0,39,78,0,2024
北京理工大学,会计,1253,不区分院系,201,0,52,104,0,2024
北京理工大学,工程管理,1256,不区分院系,176,0,43,86,0,2024
北京理工大学,管理学,12,不区分院系,350,50,50,75,75,2024
北京理工大学,设计,1357,不区分院系,370,40,40,75,75,2024
北京理工大学,集成电路科学与工程,140100,集成电路与电子学院,300,45,45,68,68,2024
北京理工大学,设计学,140300,设计与艺术学院,365,40,40,90,90,2024
北京理工大学,智能数字表演,1403J1,设计与艺术学院,275,39,39,59,59,2024
北京理工大学,应用统计,0252,不区分院系,350,50,50,75,75,2025
北京理工大学,经济学,02,不区分院系,340,45,45,68,68,2025
北京理工大学,法律（非法学）,035101,法学院,323,40,40,60,60,2025
北京理工大学,法律（非法学）,035101,国际组织创新学院,323,40,40,60,60,2025
北京理工大学,法律（法学）,035102,法学院,323,40,40,60,60,2025
北京理工大学,法律（法学）,035102,国际组织创新学院,323,40,40,60,60,2025
北京理工大学,法律（法学）,035102,珠海校区,323,40,40,60,60,2025
北京理工大学,党务管理,0356,不区分院系,323,40,40,60,60,2025
北京理工大学,法学,03,不区分院系,323,40,40,60,60,2025
北京理工大学,教育,0451,不区分院系,341,45,45,68,68,2025
北京理工大学,国际中文教育,0453,不区分院系,350,45,45,68,68,2025
北京理工大学,教育学（不含体育学）,04,不区分院系,341,45,45,135,0,2025
北京理工大学,翻译,0551,不区分院系,351,47,47,71,71,2025
北京理工大学,文学,05,不区分院系,360,50,50,75,75,2025
北京理工大学,数据科学,0752,不区分院系,305,40,40,60,60,2025
北京理工大学,理学,07,不区分院系,305,40,40,60,60,2025
北京理工大学,力学,0801,不区分院系,295,40,40,60,60,2025
北京理工大学,冶金工程,0806,不区分院系,295,40,40,60,60,2025
北京理工大学,动力工程及工程热物理,0807,不区分院系,295,40,40,60,60,2025
北京理工大学,水利工程,0815,不区分院系,295,40,40,60,60,2025
北京理工大学,地质资源与地质工程,0818,不区分院系,295,40,40,60,60,2025
北京理工大学,矿业工程,0819,不区分院系,295,40,40,60,60,2025
北京理工大学,船舶与海洋工程,0824,不区分院系,295,40,40,60,60,2025
北京理工大学,航空宇航科学与技术,0825,不区分院系,295,40,40,60,60,2025
北京理工大学,兵器科学与技术,0826,不区分院系,295,40,40,60,60,2025
北京理工大学,核科学与技术,0827,不区分院系,295,40,40,60,60,2025
北京理工大学,农业工程,0828,不区分院系,295,40,40,60,60,2025
北京理工大学,电子信息,0854,不区分院系,300,40,40,60,60,2025
北京理工大学,机械,0855,不区分院系,300,40,40,60,60,2025
北京理工大学,材料与化工,0856,不区分院系,300,40,40,60,60,2025
北京理工大学,资源与环境,0857,不区分院系,300,40,40,60,60,2025
北京理工大学,能源动力,0858,不区分院系,300,40,40,60,60,2025
北京理工大学,生物与医药,0860,不区分院系,300,40,40,60,60,2025
北京理工大学,工学（不含工学照顾专业）,08,不区分院系,300,40,40,60,60,2025
北京理工大学,工商管理,1251,不区分院系,151,0,35,70,0,2025
北京理工大学,公共管理,1252,不区分院系,164,0,38,76,0,2025
北京理工大学,会计,1253,不区分院系,194,0,48,96,0,2025
北京理工大学,工程管理,1256,不区分院系,162,0,38,76,0,2025
北京理工大学,管理学,12,不区分院系,350,50,50,75,75,2025
北京理工大学,设计,1357,不区分院系,370,40,40,75,75,2025
北京理工大学,集成电路科学与工程,1401,不区分院系,300,40,40,60,60,2025
北京理工大学,设计学,1403,不区分院系,360,40,40,90,90,2025
北京理工大学,金融,0251,不区分院系,324,40,40,60,60,2026
北京理工大学,数字经济,0258,不区分院系,324,40,40,60,60,2026
北京理工大学,经济学,02,不区分院系,340,45,45,68,68,2026
北京理工大学,法律（非法学）,035101,法学院,321,40,40,60,60,2026
北京理工大学,法律（法学）,035102,国际组织创新学院,321,40,40,60,60,2026
北京理工大学,法律（法学）,035102,法学院,321,40,40,60,60,2026
北京理工大学,法律（法学）,035102,珠海校区,321,40,40,60,60,2026
北京理工大学,党务管理,0356S1,马克思主义学院,321,40,40,60,60,2026
北京理工大学,法学,03,不区分院系,323,40,40,60,60,2026
北京理工大学,教育,0451,不区分院系,347,48,48,72,72,2026
北京理工大学,国际中文教育,0453,不区分院系,347,48,48,72,72,2026
北京理工大学,教育学,04,不区分院系,347,48,48,144,0,2026
北京理工大学,英语笔译,055101,外国语学院,354,48,48,72,72,2026
北京理工大学,文学,05,不区分院系,355,50,50,75,75,2026
北京理工大学,数据科学,0752S2,数学与统计学院,305,40,40,60,60,2026
北京理工大学,理学,07,不区分院系,305,40,40,60,60,2026
北京理工大学,力学,0801,不区分院系,295,40,40,60,60,2026
北京理工大学,船舶与海洋工程,0824,不区分院系,295,40,40,60,60,2026
北京理工大学,航空宇航科学与技术,0825,不区分院系,295,40,40,60,60,2026
北京理工大学,兵器科学与技术,0826,不区分院系,295,40,40,60,60,2026
北京理工大学,电子信息,0854,不区分院系,300,40,40,60,60,2026
北京理工大学,机械,0855,不区分院系,300,40,40,60,60,2026
北京理工大学,材料与化工,0856,不区分院系,300,40,40,60,60,2026
北京理工大学,资源与环境,0857,不区分院系,300,40,40,60,60,2026
北京理工大学,能源动力,0858,不区分院系,300,40,40,60,60,2026
北京理工大学,生物与医药,0860,不区分院系,300,40,40,60,60,2026
北京理工大学,工学（不含工学照顾专业）,08,不区分院系,300,40,40,60,60,2026
北京理工大学,医学,10,不区分院系,300,40,40,120,0,2026
北京理工大学,工商管理,1251,不区分院系,146,0,35,70,0,2026
北京理工大学,公共管理,1252,不区分院系,168,0,39,78,0,2026
北京理工大学,会计,1253,不区分院系,199,0,51,102,0,2026
北京理工大学,工程管理,1256,不区分院系,166,0,39,78,0,2026
北京理工大学,管理学,12,不区分院系,335,45,45,68,68,2026
北京理工大学,设计,1357,不区分院系,370,40,40,75,75,2026
北京理工大学,集成电路科学与工程,1401,不区分院系,300,40,40,60,60,2026
北京理工大学,设计学,1403,不区分院系,360,40,40,90,90,2026
北京理工大学,智能科学与技术,1405,不区分院系,300,40,40,60,60,2026
北京理工大学,密码,1452,不区分院系,300,40,40,60,60,2026
北京协和医学院,哲学,01,不区分院系,323,45,45,68,68,2023
北京协和医学院,理学,07,不区分院系,279,38,38,57,57,2023
北京协和医学院,电子信息,0854,不区分院系,273,38,38,57,57,2023
北京协和医学院,工学（不含工学照顾专业）,08,不区分院系,273,38,38,57,57,2023
北京协和医学院,中西医结合,1006,不区分院系,295,39,39,117,117,2023
北京协和医学院,临床医学,1051,不区分院系,296,39,39,117,0,2023
北京协和医学院,口腔医学,1052,不区分院系,296,39,39,117,0,2023
北京协和医学院,公共卫生,1053,不区分院系,296,39,39,117,0,2023
北京协和医学院,护理,1054,不区分院系,296,39,39,117,0,2023
北京协和医学院,药学,1055,不区分院系,296,39,39,117,0,2023
北京协和医学院,医学（不含中医类照顾专业）,10,不区分院系,296,39,39,117,0,2023
北京协和医学院,管理学,12,不区分院系,340,47,47,71,71,2023
北京协和医学院,哲学,01,不区分院系,333,47,47,71,71,2024
北京协和医学院,理学,07,不区分院系,288,41,41,62,62,2024
北京协和医学院,电子信息,0854,不区分院系,273,37,37,56,56,2024
北京协和医学院,工学（不含工学照顾专业）,08,不区分院系,273,37,37,56,56,2024
北京协和医学院,中西医结合,1006,不区分院系,303,42,42,126,126,2024
北京协和医学院,临床医学,1051,不区分院系,304,42,42,126,126,2024
北京协和医学院,口腔医学,1052,不区分院系,304,42,42,126,126,2024
北京协和医学院,公共卫生,1053,不区分院系,304,42,42,126,126,2024
北京协和医学院,护理,1054,不区分院系,304,42,42,126,126,2024
北京协和医学院,药学,1055,不区分院系,304,42,42,126,126,2024
北京协和医学院,医学技术,1058,不区分院系,304,42,42,126,126,2024
北京协和医学院,医学（不含中医类照顾专业）,10,不区分院系,304,42,42,126,126,2024
北京协和医学院,管理学,12,不区分院系,347,49,49,74,74,2024
北京协和医学院,理学,07,不区分院系,274,34,34,51,51,2025
北京协和医学院,工学（不含工学照顾专业）,08,不区分院系,260,34,34,51,51,2025
北京协和医学院,医学（不含中医类照顾专业）,10,不区分院系,293,36,36,108,108,2025
北京协和医学院,管理学,12,不区分院系,333,41,41,62,62,2025
北京协和医学院,理学,07,不区分院系,275,35,35,53,53,2026
北京协和医学院,工学（不含工学照顾专业）,08,不区分院系,264,35,35,53,53,2026
北京协和医学院,人体解剖与组织胚胎学,100101,不区分院系,300,40,40,120,0,2026
北京协和医学院,免疫学,100102,不区分院系,300,40,40,120,0,2026
北京协和医学院,病原生物学,100103,不区分院系,300,40,40,120,0,2026
北京协和医学院,病理学与病理生理学,100104,不区分院系,300,40,40,120,0,2026
北京协和医学院,放射医学,100106,不区分院系,300,40,40,120,0,2026
北京协和医学院,比较医学,1001Z1,不区分院系,300,40,40,120,108,2026
北京协和医学院,内科学,100201,不区分院系,300,40,40,120,0,2026
北京协和医学院,儿科学,100202,不区分院系,300,40,40,120,0,2026
北京协和医学院,神经病学,100204,不区分院系,300,40,40,120,0,2026
北京协和医学院,皮肤病与性病学,100206,不区分院系,300,40,40,120,0,2026
北京协和医学院,影像医学与核医学,100207,不区分院系,300,40,40,120,0,2026
北京协和医学院,临床检验诊断学,100208,不区分院系,300,40,40,120,0,2026
北京协和医学院,外科学,100210,不区分院系,300,40,40,120,0,2026
北京协和医学院,妇产科学,100211,不区分院系,300,40,40,120,0,2026
北京协和医学院,眼科学,100212,不区分院系,300,40,40,120,0,2026
北京协和医学院,肿瘤学,100214,不区分院系,300,40,40,120,0,2026
北京协和医学院,康复医学与理疗学,100215,不区分院系,300,40,40,120,0,2026
北京协和医学院,麻醉学,100217,不区分院系,300,40,40,120,0,2026
北京协和医学院,围术期医学,1002Z1,不区分院系,300,40,40,120,108,2026
北京协和医学院,变态反应学,1002Z2,不区分院系,300,40,40,120,108,2026
北京协和医学院,重症医学,1002Z3,不区分院系,300,40,40,120,108,2026
北京协和医学院,干细胞与再生医学,1002Z5,不区分院系,300,40,40,120,108,2026
北京协和医学院,输血医学,1002Z7,不区分院系,300,40,40,120,108,2026
北京协和医学院,流行病与卫生统计学,100401,不区分院系,300,40,40,120,0,2026
北京协和医学院,劳动卫生与环境卫生学,100402,不区分院系,300,40,40,120,0,2026
北京协和医学院,营养与食品卫生学,100403,不区分院系,300,40,40,120,0,2026
北京协和医学院,群医学,1004J4,不区分院系,300,40,40,120,108,2026
北京协和医学院,人文医学,1004J5,不区分院系,300,40,40,120,108,2026
北京协和医学院,医学信息学,1004J6,不区分院系,300,40,40,120,108,2026
北京协和医学院,卫生政策与管理学,1004Z1,不区分院系,300,40,40,120,108,2026
北京协和医学院,药物化学,100701,不区分院系,300,40,40,120,0,2026
北京协和医学院,药剂学,100702,不区分院系,300,40,40,120,0,2026
北京协和医学院,生药学,100703,不区分院系,300,40,40,120,0,2026
北京协和医学院,药物分析学,100704,不区分院系,300,40,40,120,0,2026
北京协和医学院,微生物与生化药学,100705,不区分院系,300,40,40,120,0,2026
北京协和医学院,药理学,100706,不区分院系,300,40,40,120,0,2026
北京协和医学院,生物制品学,1007Z1,不区分院系,300,40,40,120,108,2026
北京协和医学院,中药学,100800,不区分院系,300,40,40,120,0,2026
北京协和医学院,护理学,101100,不区分院系,300,40,40,120,0,2026
北京协和医学院,口腔医学,105200,不区分院系,300,40,40,120,0,2026
北京协和医学院,公共卫生,105300,不区分院系,300,40,40,120,0,2026
北京协和医学院,护理,105400,不区分院系,300,40,40,120,0,2026
北京协和医学院,药学,105500,不区分院系,300,40,40,120,0,2026
北京协和医学院,医学技术,105800,不区分院系,300,40,40,120,0,2026
北京协和医学院,生物医学工程,107200,不区分院系,300,40,40,120,0,2026
北京协和医学院,临床医学,1051,不区分院系,330,50,50,180,0,2026
北京协和医学院,管理学,12,不区分院系,332,41,41,62,62,2026
东南大学,哲学,01,不区分院系,350,55,55,95,95,2023
东南大学,金融,0251,不区分院系,375,55,55,95,95,2023
东南大学,应用统计,0252,不区分院系,375,55,55,95,95,2023
东南大学,资产评估,0256,不区分院系,375,55,55,95,95,2023
东南大学,经济学,02,不区分院系,380,55,55,95,95,2023
东南大学,法律（非法学）,035101,不区分院系,326,50,50,70,70,2023
东南大学,法律（法学）,035102,不区分院系,326,50,50,70,70,2023
东南大学,社会工作,0352,不区分院系,326,50,50,70,70,2023
东南大学,法学,03,不区分院系,365,55,55,90,90,2023
东南大学,体育学,0403,不区分院系,325,50,50,190,0,2023
东南大学,教育,0451,不区分院系,375,55,55,95,95,2023
东南大学,汉语国际教育,0453,不区分院系,375,55,55,95,95,2023
东南大学,应用心理,0454,不区分院系,375,55,55,190,0,2023
东南大学,教育学（不含体育学）,04,不区分院系,360,55,55,190,0,2023
东南大学,日语笔译,055105,不区分院系,363,55,55,100,100,2023
东南大学,文学,05,不区分院系,363,55,55,100,100,2023
东南大学,历史学,06,不区分院系,350,55,55,200,0,2023
东南大学,理学,07,不区分院系,320,50,50,80,80,2023
东南大学,力学,0801,不区分院系,300,50,50,70,70,2023
东南大学,建筑学,0851,不区分院系,340,55,55,85,85,2023
东南大学,城市规划,0853,不区分院系,340,55,55,85,85,2023
东南大学,电子信息,0854,不区分院系,310,50,50,70,70,2023
东南大学,机械,0855,不区分院系,310,50,50,70,70,2023
东南大学,材料与化工,0856,不区分院系,310,50,50,70,70,2023
东南大学,资源与环境,0857,不区分院系,310,50,50,70,70,2023
东南大学,能源动力,0858,不区分院系,310,50,50,70,70,2023
东南大学,土木水利,0859,不区分院系,310,50,50,70,70,2023
东南大学,生物与医药,0860,不区分院系,310,50,50,70,70,2023
东南大学,交通运输,0861,不区分院系,310,50,50,70,70,2023
东南大学,工学（不含工学照顾专业）,08,不区分院系,310,50,50,70,70,2023
东南大学,风景园林,0953,不区分院系,340,55,55,85,85,2023
东南大学,临床医学,1051,不区分院系,300,50,50,180,0,2023
东南大学,公共卫生,1053,不区分院系,300,50,50,180,0,2023
东南大学,护理,1054,不区分院系,300,50,50,180,0,2023
东南大学,医学（不含中医类照顾专业）,10,不区分院系,300,50,50,180,0,2023
东南大学,工程管理,125601,不区分院系,180,0,45,90,0,2023
东南大学,物流工程与管理,125604,不区分院系,180,0,45,90,0,2023
东南大学,工商管理,1251,不区分院系,167,0,41,82,0,2023
东南大学,公共管理,1252,不区分院系,175,0,44,88,0,2023
东南大学,会计,1253,不区分院系,200,0,60,120,0,2023
东南大学,管理学,12,不区分院系,365,55,55,90,90,2023
东南大学,艺术,1351,不区分院系,362,50,50,90,90,2023
东南大学,艺术学,13,不区分院系,362,55,55,90,90,2023
东南大学,交叉学科,14,不区分院系,290,50,50,70,70,2023
东南大学,哲学,01,不区分院系,370,55,55,95,95,2024
东南大学,金融,0251,不区分院系,365,55,55,95,95,2024
东南大学,应用统计,0252,不区分院系,365,55,55,95,95,2024
东南大学,国际商务,0254,苏州联合研究生院,340,55,65,95,95,2024
东南大学,资产评估,0256,不区分院系,365,55,55,95,95,2024
东南大学,经济学,02,不区分院系,360,55,55,95,95,2024
东南大学,法律（非法学）,035101,法学院,331,50,50,71,71,2024
东南大学,法律（法学）,035102,法学院,331,50,50,71,71,2024
东南大学,社会工作,0352,不区分院系,331,50,50,71,71,2024
东南大学,法学,03,不区分院系,375,55,55,90,90,2024
东南大学,体育学,0403,不区分院系,325,50,50,190,0,2024
东南大学,教育,0451,不区分院系,365,55,55,95,95,2024
东南大学,国际中文教育,0453,不区分院系,365,55,55,95,95,2024
东南大学,应用心理,0454,不区分院系,380,55,55,190,0,2024
东南大学,教育学（不含体育学）,04,不区分院系,350,55,55,190,0,2024
东南大学,英语笔译,055101,苏州联合研究生院,365,55,68,90,90,2024
东南大学,日语笔译,055105,外国语学院,375,55,55,100,100,2024
东南大学,文学,05,不区分院系,375,55,55,100,100,2024
东南大学,历史学,06,不区分院系,360,55,55,200,0,2024
东南大学,理学,07,不区分院系,330,50,50,80,80,2024
东南大学,力学,0801,不区分院系,300,50,50,70,70,2024
东南大学,建筑,0851,不区分院系,340,55,55,85,85,2024
东南大学,城乡规划,0853,不区分院系,340,55,55,85,85,2024
东南大学,电子信息,0854,苏州联合研究生院,300,50,60,70,70,2024
东南大学,电子信息,0854,不区分院系,310,50,50,70,70,2024
东南大学,机械,0855,苏州联合研究生院,300,50,60,70,70,2024
东南大学,机械,0855,不区分院系,310,50,50,70,70,2024
东南大学,材料与化工,0856,苏州联合研究生院,300,50,60,70,70,2024
东南大学,材料与化工,0856,不区分院系,310,50,50,70,70,2024
东南大学,资源与环境,0857,不区分院系,310,50,50,70,70,2024
东南大学,能源动力,0858,苏州联合研究生院,300,50,60,70,70,2024
东南大学,能源动力,0858,不区分院系,310,50,50,70,70,2024
东南大学,土木水利,0859,苏州联合研究生院,300,50,60,70,70,2024
东南大学,土木水利,0859,不区分院系,310,50,50,70,70,2024
东南大学,生物与医药,0860,苏州联合研究生院,300,50,60,70,70,2024
东南大学,生物与医药,0860,不区分院系,310,50,50,70,70,2024
东南大学,交通运输,0861,苏州联合研究生院,300,50,60,70,70,2024
东南大学,交通运输,0861,不区分院系,310,50,50,70,70,2024
东南大学,风景园林,0862,不区分院系,340,55,55,85,85,2024
东南大学,工学（不含工学照顾专业）,08,不区分院系,310,50,50,70,70,2024
东南大学,临床医学,1051,不区分院系,304,50,50,180,0,2024
东南大学,公共卫生,1053,不区分院系,304,50,50,180,0,2024
东南大学,护理,1054,不区分院系,304,50,50,180,0,2024
东南大学,医学（不含中医类照顾专业）,10,不区分院系,304,50,50,180,0,2024
东南大学,工程管理,125601,土木工程学院,180,0,45,90,0,2024
东南大学,物流工程与管理,125604,经济管理学院,180,0,45,90,0,2024
东南大学,工商管理,1251,不区分院系,162,0,39,78,0,2024
东南大学,公共管理,1252,不区分院系,185,0,44,88,0,2024
东南大学,会计,1253,不区分院系,210,0,60,120,0,2024
东南大学,管理学,12,不区分院系,360,55,55,90,90,2024
东南大学,美术与书法,1356,不区分院系,362,50,50,90,90,2024
东南大学,设计,1357,不区分院系,362,50,50,90,90,2024
东南大学,艺术学,13,不区分院系,375,55,55,90,90,2024
东南大学,设计学,1403,不区分院系,375,55,55,90,90,2024
东南大学,交叉学科,14,不区分院系,310,50,50,70,70,2024
东南大学,应用伦理,0151,不区分院系,321,55,50,95,95,2025
东南大学,哲学,01,不区分院系,380,55,55,95,95,2025
东南大学,金融,0251,不区分院系,335,55,50,95,95,2025
东南大学,应用统计,0252,不区分院系,335,55,50,95,95,2025
东南大学,国际商务,0254,苏州联合研究生院,325,55,55,80,80,2025
东南大学,资产评估,0256,不区分院系,335,55,50,95,95,2025
东南大学,资产评估,0256,雷恩研究生学院,325,55,55,80,80,2025
东南大学,经济学,02,不区分院系,355,55,55,95,95,2025
东南大学,法律（非法学）,035101,法学院,345,50,50,80,80,2025
东南大学,法律（法学）,035102,法学院,345,50,50,80,80,2025
东南大学,社会工作,0352,不区分院系,345,50,50,80,80,2025
东南大学,法学,03,不区分院系,345,55,55,90,90,2025
东南大学,学科教学（物理）,045105,物理学院,350,55,50,95,95,2025
东南大学,科学与技术教育,045117,生物科学与医学工程学院,350,55,50,95,95,2025
东南大学,国际中文教育,0453,不区分院系,350,55,50,95,95,2025
东南大学,应用心理,0454,不区分院系,355,55,55,190,0,2025
东南大学,教育学（不含体育学）,04,不区分院系,341,55,55,190,0,2025
东南大学,英语笔译,055101,苏州联合研究生院,375,55,68,90,90,2025
东南大学,日语笔译,055105,外国语学院,380,55,55,100,100,2025
东南大学,文学,05,不区分院系,375,55,55,100,100,2025
东南大学,历史学,06,不区分院系,350,55,55,200,0,2025
东南大学,理学,07,不区分院系,310,50,50,80,80,2025
东南大学,计算机技术,085404,苏州联合研究生院,325,50,55,70,70,2025
东南大学,计算机技术,085404,雷恩研究生学院,300,50,50,70,70,2025
东南大学,人工智能,085410,苏州联合研究生院,300,50,55,70,70,2025
东南大学,化学工程,085602,雷恩研究生学院,300,50,50,70,70,2025
东南大学,电气工程,085801,苏州联合研究生院,305,50,55,70,70,2025
东南大学,力学,0801,不区分院系,300,50,50,70,70,2025
东南大学,建筑,0851,不区分院系,340,55,55,85,85,2025
东南大学,城乡规划,0853,不区分院系,340,55,55,85,85,2025
东南大学,电子信息,0854,不区分院系,310,50,45,70,70,2025
东南大学,电子信息,0854,苏州联合研究生院,300,50,55,70,70,2025
东南大学,机械,0855,不区分院系,310,50,45,70,70,2025
东南大学,机械,0855,苏州联合研究生院,300,50,55,70,70,2025
东南大学,材料与化工,0856,不区分院系,310,50,45,70,70,2025
东南大学,材料与化工,0856,苏州联合研究生院,300,50,55,70,70,2025
东南大学,资源与环境,0857,不区分院系,310,50,45,70,70,2025
东南大学,能源动力,0858,不区分院系,310,50,45,70,70,2025
东南大学,能源动力,0858,苏州联合研究生院,300,50,55,70,70,2025
东南大学,土木水利,0859,不区分院系,310,50,45,70,70,2025
东南大学,土木水利,0859,苏州联合研究生院,300,50,55,70,70,2025
东南大学,生物与医药,0860,不区分院系,310,50,45,70,70,2025
东南大学,生物与医药,0860,苏州联合研究生院,300,50,55,70,70,2025
东南大学,交通运输,0861,不区分院系,310,50,45,70,70,2025
东南大学,交通运输,0861,苏州联合研究生院,300,50,55,70,70,2025
东南大学,风景园林,0862,不区分院系,340,55,55,85,85,2025
东南大学,工学（不含工学照顾专业）,08,不区分院系,310,50,45,70,70,2025
东南大学,临床医学,1051,不区分院系,293,50,50,180,0,2025
东南大学,公共卫生,1053,不区分院系,293,50,50,180,0,2025
东南大学,护理,1054,不区分院系,293,50,50,180,0,2025
东南大学,医学技术,1058,不区分院系,293,50,50,180,0,2025
东南大学,医学（不含中医类照顾专业）,10,不区分院系,293,50,50,180,0,2025
东南大学,工程管理,125601,交通学院,162,0,45,90,0,2025
东南大学,工程管理,125601,土木工程学院,162,0,45,90,0,2025
东南大学,物流工程与管理,125604,经济管理学院,162,0,45,90,0,2025
东南大学,工商管理,1251,不区分院系,151,0,35,70,0,2025
东南大学,公共管理,1252,不区分院系,175,0,45,90,0,2025
东南大学,会计,1253,不区分院系,205,0,60,120,0,2025
东南大学,管理学,12,不区分院系,350,55,55,90,90,2025
东南大学,美术与书法,1356,不区分院系,351,50,45,90,90,2025
东南大学,设计,1357,不区分院系,351,50,45,90,90,2025
东南大学,艺术学,13,不区分院系,375,55,55,90,90,2025
东南大学,设计学,1403,不区分院系,370,55,55,90,90,2025
东南大学,交叉学科,14,不区分院系,310,50,50,70,70,2025
东南大学,应用伦理,0151,不区分院系,330,55,50,95,95,2026
东南大学,哲学,01,不区分院系,385,55,55,95,95,2026
东南大学,金融,0251,不区分院系,380,55,50,95,95,2026
东南大学,应用统计,0252,不区分院系,380,55,50,95,95,2026
东南大学,国际商务,0254,苏州联合研究生院,325,55,60,75,75,2026
东南大学,资产评估,0256,雷恩研究生学院,330,55,55,80,80,2026
东南大学,经济学,02,不区分院系,365,55,55,95,95,2026
东南大学,法律（非法学）,035101,东南大学人权研究院,321,40,40,60,60,2026
东南大学,法律（非法学）,035101,法学院,321,40,40,60,60,2026
东南大学,法律（法学）,035102,法学院,321,40,40,60,60,2026
东南大学,法律（法学）,035102,东南大学人权研究院,321,40,40,60,60,2026
东南大学,社会工作,0352,不区分院系,321,40,40,60,60,2026
东南大学,法学,03,不区分院系,355,55,55,90,90,2026
东南大学,学科教学（物理）,045105,物理学院,350,55,50,95,95,2026
东南大学,科学与技术教育,045117,生物科学与医学工程学院,350,55,50,95,95,2026
东南大学,国际中文教育,0453,不区分院系,350,55,50,95,95,2026
东南大学,应用心理,0454,不区分院系,360,55,55,190,0,2026
东南大学,教育学,04,不区分院系,350,55,55,190,0,2026
东南大学,英语笔译,055101,苏州联合研究生院,378,55,75,90,90,2026
东南大学,日语笔译,055105,外国语学院,385,55,55,100,100,2026
东南大学,文学,05,不区分院系,370,55,55,100,100,2026
东南大学,历史学,06,不区分院系,360,55,55,200,0,2026
东南大学,理学,07,不区分院系,315,50,50,80,80,2026
东南大学,计算机技术,085404,雷恩研究生学院,300,50,50,70,70,2026
东南大学,化学工程,085602,雷恩研究生学院,300,50,50,70,70,2026
东南大学,力学,0801,不区分院系,305,50,50,70,70,2026
东南大学,建筑,0851,不区分院系,340,55,55,85,85,2026
东南大学,城乡规划,0853,不区分院系,340,55,55,85,85,2026
东南大学,电子信息,0854,不区分院系,320,50,50,70,70,2026
东南大学,电子信息,0854,苏州联合研究生院,300,50,60,70,70,2026
东南大学,电子信息,0854,东南大学国家卓越工程师学院,270,45,45,55,55,2026
东南大学,机械,0855,不区分院系,320,50,50,70,70,2026
东南大学,机械,0855,苏州联合研究生院,300,50,60,70,70,2026
东南大学,机械,0855,东南大学国家卓越工程师学院,270,45,45,55,55,2026
东南大学,材料与化工,0856,不区分院系,320,50,50,70,70,2026
东南大学,材料与化工,0856,苏州联合研究生院,300,50,60,70,70,2026
东南大学,资源与环境,0857,不区分院系,320,50,50,70,70,2026
东南大学,能源动力,0858,不区分院系,320,50,50,70,70,2026
东南大学,能源动力,0858,苏州联合研究生院,300,50,60,70,70,2026
东南大学,能源动力,0858,东南大学国家卓越工程师学院,270,45,45,55,55,2026
东南大学,土木水利,0859,不区分院系,320,50,50,70,70,2026
东南大学,土木水利,0859,苏州联合研究生院,300,50,60,70,70,2026
东南大学,生物与医药,0860,不区分院系,320,50,50,70,70,2026
东南大学,生物与医药,0860,苏州联合研究生院,300,50,60,70,70,2026
东南大学,交通运输,0861,不区分院系,320,50,50,70,70,2026
东南大学,交通运输,0861,苏州联合研究生院,300,50,60,70,70,2026
东南大学,风景园林,0862,不区分院系,340,55,55,85,85,2026
东南大学,工学（不含工学照顾专业）,08,不区分院系,320,50,50,70,70,2026
东南大学,临床医学,1051,不区分院系,294,50,50,170,0,2026
东南大学,公共卫生,1053,不区分院系,294,50,50,170,0,2026
东南大学,护理,1054,不区分院系,294,50,50,170,0,2026
东南大学,医学技术,1058,不区分院系,294,50,50,170,0,2026
东南大学,医学,10,不区分院系,294,50,50,170,0,2026
东南大学,工程管理,125601,交通学院,166,0,45,90,0,2026
东南大学,工程管理,125601,土木工程学院,166,0,45,90,0,2026
东南大学,工程管理,125601,经济管理学院,166,0,45,90,0,2026
东南大学,物流工程与管理,125604,经济管理学院,166,0,45,90,0,2026
东南大学,工商管理,1251,不区分院系,146,0,35,70,0,2026
东南大学,公共管理,1252,不区分院系,180,0,45,90,0,2026
东南大学,会计,1253,不区分院系,210,0,60,120,0,2026
东南大学,管理学,12,不区分院系,350,55,55,90,90,2026
东南大学,美术与书法,1356,不区分院系,380,55,55,90,90,2026
东南大学,设计,1357,不区分院系,380,55,55,90,90,2026
东南大学,艺术学,13,不区分院系,380,55,55,90,90,2026
东南大学,设计学,1403,不区分院系,370,55,55,90,90,2026
东南大学,交叉学科,14,不区分院系,320,50,50,70,70,2026
四川大学,哲学,01,不区分院系,323,45,45,68,68,2023
四川大学,金融,0251,不区分院系,380,60,60,90,90,2023
四川大学,应用统计,0252,不区分院系,355,50,50,75,75,2023
四川大学,审计,0257,不区分院系,254,0,60,120,0,2023
四川大学,经济学,02,不区分院系,355,50,50,75,75,2023
四川大学,法律（非法学）,035101,不区分院系,345,55,55,83,83,2023
四川大学,法律（法学）,035102,不区分院系,345,55,55,83,83,2023
四川大学,社会工作,0352,不区分院系,405,60,60,90,90,2023
四川大学,法学,03,不区分院系,350,60,60,90,90,2023
四川大学,体育学,0403,不区分院系,370,60,60,180,0,2023
四川大学,体育,0452,不区分院系,355,55,55,165,0,2023
四川大学,汉语国际教育,0453,不区分院系,383,60,60,90,90,2023
四川大学,应用心理,0454,不区分院系,380,60,60,180,0,2023
四川大学,外国语言文学,0502,不区分院系,363,54,54,81,81,2023
四川大学,翻译,0551,不区分院系,363,54,54,81,81,2023
四川大学,新闻与传播,0552,不区分院系,372,60,60,90,90,2023
四川大学,出版,0553,不区分院系,380,60,60,90,90,2023
四川大学,文学,05,不区分院系,375,60,60,90,90,2023
四川大学,文物与博物馆,0651,不区分院系,360,60,60,180,0,2023
四川大学,历史学,06,不区分院系,340,55,55,165,0,2023
四川大学,理学,07,不区分院系,310,50,50,75,75,2023
四川大学,生物医学工程,085409,不区分院系,300,50,50,75,75,2023
四川大学,电气工程,085801,不区分院系,365,60,60,90,90,2023
四川大学,力学,0801,不区分院系,300,45,45,68,68,2023
四川大学,动力工程及工程热物理,0807,不区分院系,300,45,45,68,68,2023
四川大学,土木工程,0814,不区分院系,300,45,45,68,68,2023
四川大学,水利工程,0815,不区分院系,300,45,45,68,68,2023
四川大学,化学工程与技术,0817,不区分院系,300,45,45,68,68,2023
四川大学,航空宇航科学与技术,0825,不区分院系,300,45,45,68,68,2023
四川大学,核科学与技术,0827,不区分院系,300,45,45,68,68,2023
四川大学,生物医学工程,0831,不区分院系,300,45,45,68,68,2023
四川大学,电子信息,0854,不区分院系,345,55,55,83,83,2023
四川大学,机械,0855,不区分院系,325,50,50,75,75,2023
四川大学,材料与化工,0856,不区分院系,300,45,45,68,68,2023
四川大学,资源与环境,0857,不区分院系,310,50,50,75,75,2023
四川大学,能源动力,0858,不区分院系,300,45,45,68,68,2023
四川大学,土木水利,0859,不区分院系,350,55,55,83,83,2023
四川大学,生物与医药,0860,不区分院系,300,45,45,68,68,2023
四川大学,工学（不含工学照顾专业）,08,不区分院系,315,50,50,75,75,2023
四川大学,风景园林,0953,不区分院系,340,55,55,83,83,2023
四川大学,林业,0954,不区分院系,315,45,45,68,68,2023
四川大学,公共卫生与预防医学,1004,不区分院系,310,45,45,135,0,2023
四川大学,临床医学,1051,不区分院系,375,60,60,180,0,2023
四川大学,口腔医学,1052,不区分院系,370,60,60,180,0,2023
四川大学,公共卫生,1053,不区分院系,310,45,45,135,0,2023
四川大学,护理,1054,不区分院系,330,55,55,165,0,2023
四川大学,药学,1055,不区分院系,330,55,55,165,0,2023
四川大学,医学（不含中医类照顾专业）,10,不区分院系,335,55,55,165,0,2023
四川大学,工程管理,125601,不区分院系,215,0,60,120,0,2023
四川大学,公共管理,1204,不区分院系,360,60,60,90,90,2023
四川大学,图书情报与档案管理,1205,不区分院系,360,60,60,90,90,2023
四川大学,工商管理,1251,不区分院系,175,0,50,100,0,2023
四川大学,公共管理,1252,不区分院系,185,0,55,110,0,2023
四川大学,会计,1253,不区分院系,197,0,60,120,0,2023
四川大学,旅游管理,1254,不区分院系,170,0,45,90,0,2023
四川大学,图书情报,1255,不区分院系,245,0,60,120,0,2023
四川大学,工程管理,1256,不区分院系,245,0,60,120,0,2023
四川大学,管理学,12,不区分院系,350,50,50,75,75,2023
四川大学,艺术,1351,不区分院系,365,50,50,75,75,2023
四川大学,艺术学,13,不区分院系,362,40,40,60,60,2023
四川大学,哲学,01,不区分院系,380,60,60,90,90,2024
四川大学,金融,0251,不区分院系,370,60,60,90,90,2024
四川大学,应用统计,0252,不区分院系,370,60,60,90,90,2024
四川大学,经济学,02,不区分院系,360,55,55,83,83,2024
四川大学,法律（非法学）,035101,法学院,350,60,60,90,90,2024
四川大学,法律（法学）,035102,法学院,365,60,60,90,90,2024
四川大学,社会工作,0352,不区分院系,331,47,47,71,71,2024
四川大学,法学,03,不区分院系,380,60,60,90,90,2024
四川大学,体育学,0403,不区分院系,313,41,41,123,0,2024
四川大学,体育,0452,不区分院系,345,50,50,150,0,2024
四川大学,国际中文教育,0453,不区分院系,380,60,60,90,90,2024
四川大学,应用心理,0454,不区分院系,360,60,60,180,0,2024
四川大学,新闻传播学,0503,不区分院系,370,60,60,90,90,2024
四川大学,翻译,0551,不区分院系,390,60,60,90,90,2024
四川大学,新闻与传播,0552,不区分院系,375,60,60,90,90,2024
四川大学,出版,0553,不区分院系,375,60,60,90,90,2024
四川大学,文学,05,不区分院系,390,60,60,90,90,2024
四川大学,中国史,0602,不区分院系,350,60,60,180,0,2024
四川大学,博物馆,0651,不区分院系,370,60,60,180,0,2024
四川大学,历史学,06,不区分院系,390,60,60,180,0,2024
四川大学,理学,07,不区分院系,325,50,50,75,75,2024
四川大学,力学,0801,不区分院系,300,45,45,68,68,2024
四川大学,动力工程及工程热物理,0807,不区分院系,300,45,45,68,68,2024
四川大学,土木工程,0814,不区分院系,300,45,45,68,68,2024
四川大学,水利工程,0815,不区分院系,300,45,45,68,68,2024
四川大学,化学工程与技术,0817,不区分院系,300,45,45,68,68,2024
四川大学,航空宇航科学与技术,0825,不区分院系,300,45,45,68,68,2024
四川大学,核科学与技术,0827,不区分院系,300,45,45,68,68,2024
四川大学,城乡规划,0853,不区分院系,335,60,60,90,90,2024
四川大学,电子信息,0854,不区分院系,320,50,50,75,75,2024
四川大学,机械,0855,不区分院系,305,45,45,68,68,2024
四川大学,材料与化工,0856,不区分院系,300,45,45,68,68,2024
四川大学,资源与环境,0857,不区分院系,300,45,45,68,68,2024
四川大学,能源动力,0858,不区分院系,345,55,55,83,83,2024
四川大学,土木水利,0859,不区分院系,315,45,45,68,68,2024
四川大学,生物与医药,0860,不区分院系,300,45,45,68,68,2024
四川大学,风景园林,0862,不区分院系,325,55,55,83,83,2024
四川大学,工学（不含工学照顾专业）,08,不区分院系,310,50,50,75,75,2024
四川大学,林业,0954,不区分院系,340,60,60,90,90,2024
四川大学,临床医学,1051,不区分院系,360,60,60,180,0,2024
四川大学,口腔医学,1052,不区分院系,370,60,60,180,0,2024
四川大学,公共卫生,1053,不区分院系,350,60,60,180,0,2024
四川大学,护理,1054,不区分院系,330,55,55,165,0,2024
四川大学,药学,1055,不区分院系,350,60,60,180,0,2024
四川大学,医学技术,1058,不区分院系,345,60,60,180,0,2024
四川大学,医学（不含中医类照顾专业）,10,不区分院系,340,55,55,165,0,2024
四川大学,工程管理,125601,商学院,220,0,60,120,0,2024
四川大学,工商管理学,1202,不区分院系,347,50,50,75,75,2024
四川大学,信息资源管理,1205,不区分院系,347,50,50,75,75,2024
四川大学,工商管理,1251,不区分院系,175,0,50,100,0,2024
四川大学,公共管理,1252,不区分院系,185,0,55,110,0,2024
四川大学,会计,1253,不区分院系,205,0,60,120,0,2024
四川大学,旅游管理,1254,不区分院系,205,0,60,120,0,2024
四川大学,图书情报,1255,不区分院系,245,0,60,120,0,2024
四川大学,工程管理,1256,不区分院系,240,0,60,120,0,2024
四川大学,审计,1257,不区分院系,250,0,60,120,0,2024
四川大学,管理学,12,不区分院系,390,60,60,90,90,2024
四川大学,美术与书法,1356,不区分院系,362,50,50,75,75,2024
四川大学,设计,1357,不区分院系,375,50,50,75,75,2024
四川大学,艺术学,13,不区分院系,375,60,60,90,90,2024
四川大学,设计学,1403,不区分院系,390,55,55,83,83,2024
四川大学,智能科学与技术,1405,不区分院系,300,45,45,68,68,2024
四川大学,文物,1451,不区分院系,330,60,60,90,90,2024
四川大学,哲学,01,不区分院系,355,60,60,90,90,2025
四川大学,金融,0251,不区分院系,365,58,58,87,87,2025
四川大学,应用统计,0252,不区分院系,365,58,58,87,87,2025
四川大学,经济学,02,不区分院系,325,55,55,83,83,2025
四川大学,法律（非法学）,035101,法学院,335,58,58,87,87,2025
四川大学,法律（法学）,035102,法学院,335,58,58,87,87,2025
四川大学,马克思主义理论,0305,不区分院系,365,58,58,87,87,2025
四川大学,社会工作,0352,不区分院系,340,50,50,75,75,2025
四川大学,法学,03,不区分院系,335,55,55,83,83,2025
四川大学,体育学,0403,不区分院系,320,45,45,135,135,2025
四川大学,体育,0452,不区分院系,340,53,53,159,159,2025
四川大学,国际中文教育,0453,不区分院系,345,55,55,83,83,2025
四川大学,应用心理,0454,不区分院系,345,55,55,165,165,2025
四川大学,翻译,0551,不区分院系,365,60,60,90,90,2025
四川大学,新闻与传播,0552,不区分院系,360,60,60,90,90,2025
四川大学,出版,0553,不区分院系,355,53,53,80,80,2025
四川大学,文学,05,不区分院系,355,53,53,80,80,2025
四川大学,博物馆,0651,不区分院系,340,50,50,150,150,2025
四川大学,历史学,06,不区分院系,336,45,45,135,135,2025
四川大学,理学,07,不区分院系,305,50,50,75,75,2025
四川大学,软件工程,085405,计算机学院（软件学院、智能科学与技术学院）,280,45,45,68,68,2025
四川大学,电气工程,085801,电气工程学院,355,58,58,87,87,2025
四川大学,力学,0801,不区分院系,300,45,45,68,68,2025
四川大学,动力工程及工程热物理,0807,不区分院系,300,45,45,68,68,2025
四川大学,水利工程,0815,不区分院系,300,45,45,68,68,2025
四川大学,航空宇航科学与技术,0825,不区分院系,300,45,45,68,68,2025
四川大学,核科学与技术,0827,不区分院系,300,45,45,68,68,2025
四川大学,城乡规划,0853,不区分院系,305,50,50,75,75,2025
四川大学,电子信息,0854,不区分院系,345,53,53,80,80,2025
四川大学,机械,0855,不区分院系,350,55,55,83,83,2025
四川大学,材料与化工,0856,不区分院系,300,45,45,68,68,2025
四川大学,资源与环境,0857,不区分院系,310,53,53,80,80,2025
四川大学,能源动力,0858,不区分院系,290,45,45,68,68,2025
四川大学,土木水利,0859,不区分院系,325,55,55,83,83,2025
四川大学,生物与医药,0860,不区分院系,290,45,45,68,68,2025
四川大学,风景园林,0862,不区分院系,345,55,55,83,83,2025
四川大学,工学（不含工学照顾专业）,08,不区分院系,310,50,50,75,75,2025
四川大学,林业,0954,不区分院系,310,55,55,83,83,2025
四川大学,临床医学,1051,不区分院系,355,55,55,165,165,2025
四川大学,口腔医学,1052,不区分院系,340,55,55,165,165,2025
四川大学,公共卫生,1053,不区分院系,325,53,53,159,159,2025
四川大学,护理,1054,不区分院系,315,50,50,150,150,2025
四川大学,药学,1055,不区分院系,315,50,50,150,150,2025
四川大学,医学技术,1058,不区分院系,360,58,58,174,174,2025
四川大学,医学（不含中医类照顾专业）,10,不区分院系,330,50,50,150,150,2025
四川大学,工程管理,125601,商学院,205,0,60,120,0,2025
四川大学,工商管理学,1202,不区分院系,333,50,50,75,75,2025
四川大学,工商管理,1251,不区分院系,151,0,40,80,0,2025
四川大学,公共管理,1252,不区分院系,180,0,50,100,0,2025
四川大学,会计,1253,不区分院系,194,0,50,100,0,2025
四川大学,旅游管理,1254,不区分院系,180,0,53,106,0,2025
四川大学,图书情报,1255,不区分院系,220,0,60,120,0,2025
四川大学,工程管理,1256,不区分院系,225,0,60,120,0,2025
四川大学,审计,1257,不区分院系,240,0,60,120,0,2025
四川大学,管理学,12,不区分院系,360,58,58,87,87,2025
四川大学,美术与书法,1356,不区分院系,360,55,55,83,83,2025
四川大学,设计,1357,不区分院系,355,60,60,90,90,2025
四川大学,艺术学,13,不区分院系,355,50,50,75,75,2025
四川大学,文物,1451,不区分院系,290,45,45,68,68,2025
四川大学,交叉学科,14,不区分院系,295,45,45,68,68,2025
四川大学,哲学,01,不区分院系,365,60,60,90,90,2026
四川大学,金融,0251,不区分院系,350,58,58,87,87,2026
四川大学,应用统计,0252,不区分院系,385,60,60,90,90,2026
四川大学,经济学,02,不区分院系,335,55,55,83,83,2026
四川大学,法律（非法学）,035101,法学院,330,58,58,87,87,2026
四川大学,法律（法学）,035102,法学院,330,58,58,87,87,2026
四川大学,社会工作,0352,不区分院系,375,60,60,90,90,2026
四川大学,党务管理,0356,不区分院系,350,55,55,83,83,2026
四川大学,法学,03,不区分院系,350,60,60,90,90,2026
四川大学,体育学,0403,不区分院系,310,45,45,135,0,2026
四川大学,体育,0452,不区分院系,345,55,55,165,0,2026
四川大学,国际中文教育,0453,不区分院系,360,60,60,90,90,2026
四川大学,应用心理,0454,不区分院系,380,60,60,180,0,2026
四川大学,翻译,0551,不区分院系,375,60,60,90,90,2026
四川大学,新闻与传播,0552,不区分院系,375,60,60,90,90,2026
四川大学,出版,0553,不区分院系,355,55,55,83,83,2026
四川大学,文学,05,不区分院系,380,60,60,90,90,2026
四川大学,博物馆,0651,不区分院系,355,58,58,174,0,2026
四川大学,历史学,06,不区分院系,355,50,50,150,0,2026
四川大学,理学,07,不区分院系,300,50,50,75,75,2026
四川大学,软件工程,085405,计算机学院（软件学院、智能科学与技术学院）,264,35,35,53,53,2026
四川大学,力学,0801,不区分院系,300,45,45,68,68,2026
四川大学,动力工程及工程热物理,0807,不区分院系,300,45,45,68,68,2026
四川大学,水利工程,0815,不区分院系,300,45,45,68,68,2026
四川大学,航空宇航科学与技术,0825,不区分院系,300,45,45,68,68,2026
四川大学,核科学与技术,0827,不区分院系,300,45,45,68,68,2026
四川大学,城乡规划,0853,不区分院系,290,50,50,75,75,2026
四川大学,电子信息,0854,不区分院系,360,55,55,83,83,2026
四川大学,机械,0855,不区分院系,350,55,55,83,83,2026
四川大学,材料与化工,0856,不区分院系,320,50,50,75,75,2026
四川大学,资源与环境,0857,不区分院系,340,55,55,83,83,2026
四川大学,能源动力,0858,不区分院系,355,50,50,75,75,2026
四川大学,土木水利,0859,不区分院系,340,55,55,83,83,2026
四川大学,生物与医药,0860,不区分院系,305,45,45,68,68,2026
四川大学,风景园林,0862,不区分院系,335,55,55,83,83,2026
四川大学,工学（不含工学照顾专业）,08,不区分院系,305,50,50,75,75,2026
四川大学,林业,0954,不区分院系,325,55,55,83,83,2026
四川大学,临床医学,1051,不区分院系,370,60,60,180,0,2026
四川大学,口腔医学,1052,不区分院系,360,60,60,180,0,2026
四川大学,公共卫生,1053,不区分院系,350,55,55,165,0,2026
四川大学,护理,1054,不区分院系,330,53,53,159,0,2026
四川大学,药学,1055,不区分院系,335,58,58,174,0,2026
四川大学,医学技术,1058,不区分院系,340,55,55,165,0,2026
四川大学,医学,10,不区分院系,340,55,55,165,0,2026
四川大学,工程管理,125601,商学院,220,0,60,120,0,2026
四川大学,工商管理,1251,不区分院系,146,0,35,70,0,2026
四川大学,公共管理,1252,不区分院系,185,0,55,110,0,2026
四川大学,会计,1253,不区分院系,199,0,51,102,0,2026
四川大学,旅游管理,1254,不区分院系,185,0,50,100,0,2026
四川大学,图书情报,1255,不区分院系,250,0,60,120,0,2026
四川大学,工程管理,1256,不区分院系,240,0,60,120,0,2026
四川大学,管理学,12,不区分院系,360,55,55,83,83,2026
四川大学,美术与书法,1356,不区分院系,375,58,58,87,87,2026
四川大学,设计,1357,不区分院系,370,58,58,87,87,2026
四川大学,艺术学,13,不区分院系,355,50,50,75,75,2026
四川大学,文物,1451,不区分院系,290,45,45,68,68,2026
四川大学,交叉学科,14,不区分院系,320,50,50,75,75,2026
中国人民大学,哲学,01,不区分院系,355,55,55,90,90,2023
中国人民大学,金融,0251,财政金融学院,390,60,60,90,90,2023
中国人民大学,金融,0251,国际学院,380,60,60,90,90,2023
中国人民大学,应用统计,0252,不区分院系,380,55,55,90,90,2023
中国人民大学,税务,0253,不区分院系,390,60,60,90,90,2023
中国人民大学,国际商务,0254,不区分院系,355,60,60,90,90,2023
中国人民大学,保险,0255,不区分院系,395,60,60,90,90,2023
中国人民大学,资产评估,0256,不区分院系,380,60,60,90,90,2023
中国人民大学,经济学,02,不区分院系,355,55,55,90,90,2023
中国人民大学,法律（非法学）,035101,不区分院系,370,60,60,90,90,2023
中国人民大学,法律（法学）,035102,不区分院系,370,60,60,90,90,2023
中国人民大学,社会工作,0352,不区分院系,375,60,60,90,90,2023
中国人民大学,法学,03,不区分院系,355,55,55,90,90,2023
中国人民大学,汉语国际教育,0453,不区分院系,365,55,55,90,90,2023
中国人民大学,应用心理,0454,不区分院系,350,51,51,153,0,2023
中国人民大学,教育学（不含体育学）,04,不区分院系,365,60,60,180,0,2023
中国人民大学,翻译,0551,不区分院系,363,54,54,90,90,2023
中国人民大学,新闻与传播,0552,不区分院系,365,55,55,90,90,2023
中国人民大学,文学,05,不区分院系,365,60,60,90,90,2023
中国人民大学,文物与博物馆,0651,不区分院系,345,55,55,180,0,2023
中国人民大学,历史学,06,不区分院系,336,55,55,180,0,2023
中国人民大学,理学,07,不区分院系,315,50,50,90,90,2023
中国人民大学,电子信息,0854,不区分院系,300,50,50,80,80,2023
中国人民大学,资源与环境,0857,不区分院系,273,38,38,57,57,2023
中国人民大学,工学（不含工学照顾专业）,08,不区分院系,300,50,50,80,80,2023
中国人民大学,农业,0951,不区分院系,340,50,50,90,90,2023
中国人民大学,医学（不含中医类照顾专业）,10,不区分院系,355,55,55,180,0,2023
中国人民大学,工商管理,1251,不区分院系,150,0,41,82,0,2023
中国人民大学,公共管理,1252,不区分院系,185,0,50,100,0,2023
中国人民大学,会计,1253,不区分院系,260,0,60,120,0,2023
中国人民大学,图书情报,1255,不区分院系,215,0,55,110,0,2023
中国人民大学,管理学,12,不区分院系,355,55,55,90,90,2023
中国人民大学,艺术,1351,不区分院系,365,50,50,90,90,2023
中国人民大学,艺术学,13,不区分院系,365,50,50,90,90,2023
中国人民大学,哲学,010100,哲学院,380,60,60,90,90,2024
中国人民大学,哲学,010100,哲学院,380,60,60,90,90,2024
中国人民大学,哲学,010100,哲学院,380,60,60,90,90,2024
中国人民大学,马克思主义哲学,010101,马克思主义学院,380,60,60,90,90,2024
中国人民大学,国学,0101J1,国学院,380,60,60,90,90,2024
中国人民大学,应用伦理,015100,哲学院,345,55,55,90,90,2024
中国人民大学,应用伦理,0151,不区分院系,345,55,55,90,90,2024
中国人民大学,哲学,01,不区分院系,380,60,60,90,90,2024
中国人民大学,理论经济学,020100,国际关系学院,370,60,60,90,90,2024
中国人民大学,理论经济学,020100,经济学院,385,60,60,90,90,2024
中国人民大学,政治经济学,020101,马克思主义学院,375,60,60,90,90,2024
中国人民大学,人口、资源与环境经济学,020106,环境学院,383,60,60,90,90,2024
中国人民大学,应用经济学,020200,经济学院,385,60,60,90,90,2024
中国人民大学,应用经济学,020200,商学院,370,60,60,90,90,2024
中国人民大学,应用经济学,020200,公共管理学院,385,60,60,90,90,2024
中国人民大学,应用经济学,020200,应用经济学院,374,60,60,90,90,2024
中国人民大学,劳动经济学,020207,劳动人事学院,380,60,60,90,90,2024
中国人民大学,金融,025100,智慧治理学院,345,60,60,90,90,2024
中国人民大学,金融,025100,国际学院,384,60,60,90,90,2024
中国人民大学,应用统计,025200,统计学院,403,60,60,90,90,2024
中国人民大学,应用统计,025200,统计与大数据研究院,410,60,60,90,90,2024
中国人民大学,国际商务,025400,经济学院,362,60,60,90,90,2024
中国人民大学,数字经济,025800,经济学院,338,55,55,85,85,2024
中国人民大学,数字经济,025800,智慧治理学院,340,50,50,80,80,2024
中国人民大学,应用经济学,0202,财政金融学院,370,60,60,90,90,2024
中国人民大学,金融,0251,财政金融学院,385,60,60,90,90,2024
中国人民大学,金融,0251,国际学院,345,60,60,90,90,2024
中国人民大学,金融,0251,智慧治理学院,345,60,60,90,90,2024
中国人民大学,应用统计,0252,不区分院系,400,60,60,90,90,2024
中国人民大学,税务,0253,不区分院系,385,60,60,90,90,2024
中国人民大学,税务,0253,财政金融学院,385,60,60,90,90,2024
中国人民大学,国际商务,0254,不区分院系,345,60,60,90,90,2024
中国人民大学,国际商务,0254,商学院,345,60,60,90,90,2024
中国人民大学,保险,0255,不区分院系,355,55,55,85,85,2024
中国人民大学,保险,0255,财政金融学院,355,55,55,85,85,2024
中国人民大学,资产评估,0256,不区分院系,380,60,60,90,90,2024
中国人民大学,资产评估,0256,商学院,380,60,60,90,90,2024
中国人民大学,数字经济,0258,经济学院,338,55,55,85,85,2024
中国人民大学,数字经济,0258,智慧治理学院,340,50,50,80,80,2024
中国人民大学,碳经济,0259,不区分院系,338,47,47,71,71,2024
中国人民大学,经济学,02,不区分院系,370,60,60,90,90,2024
中国人民大学,法学,030100,法学院,388,60,60,90,90,2024
中国人民大学,劳动关系学,0301J3,劳动人事学院,386,60,60,90,90,2024
中国人民大学,政治学,030200,国际关系学院,396,60,60,90,90,2024
中国人民大学,政治学,030200,马克思主义学院,390,60,60,90,90,2024
中国人民大学,社会心理学,0303Z2,理学院心理学系,385,65,65,100,100,2024
中国人民大学,马克思主义理论,030500,马克思主义学院,390,60,60,90,90,2024
中国人民大学,法律（非法学）,035101,法学院,360,60,60,90,90,2024
中国人民大学,法律（法学）,035102,法学院,375,60,60,90,90,2024
中国人民大学,社会学,0303,社会与人口学院,400,60,60,90,90,2024
中国人民大学,社会工作,0352,不区分院系,385,60,60,90,90,2024
中国人民大学,社会工作,0352,社会与人口学院,385,60,60,90,90,2024
中国人民大学,社会政策,0356,不区分院系,385,50,50,80,80,2024
中国人民大学,社会政策,0356,社会与人口学院,385,50,50,80,80,2024
中国人民大学,法学,03,不区分院系,375,60,60,90,90,2024
中国人民大学,体育文化与管理,0401Z2,体育部,370,60,60,180,153,2024
中国人民大学,心理学,040200,理学院心理学系,379,65,65,210,0,2024
中国人民大学,应用心理,045400,理学院心理学系,350,51,51,180,0,2024
中国人民大学,国际中文教育,0453,不区分院系,370,60,60,90,90,2024
中国人民大学,应用心理,0454,不区分院系,350,51,51,153,153,2024
中国人民大学,教育学（不含体育学）,04,不区分院系,370,60,60,180,0,2024
中国人民大学,文艺学,050101,文学院,390,60,60,90,90,2024
中国人民大学,语言学及应用语言学,050102,文学院,375,60,60,90,90,2024
中国人民大学,汉语言文字学,050103,文学院,370,60,60,90,90,2024
中国人民大学,中国古典文献学,050104,文学院,365,60,60,90,90,2024
中国人民大学,中国古代文学,050105,文学院,405,60,60,90,90,2024
中国人民大学,中国现当代文学,050106,文学院,405,60,60,90,90,2024
中国人民大学,比较文学与世界文学,050108,文学院,395,60,60,90,90,2024
中国人民大学,国学,0501J1,国学院,365,60,60,90,90,2024
中国人民大学,国学,0501J1,国学院,365,60,60,90,90,2024
中国人民大学,国学,0501J1,国学院,365,60,60,90,90,2024
中国人民大学,古典学,0501Z1,文学院,365,60,60,90,90,2024
中国人民大学,心理语言学,0501Z2,理学院心理学系,365,60,60,90,90,2024
中国人民大学,创造性写作,0501Z3,文学院,400,60,60,90,90,2024
中国人民大学,英语语言文学,050201,外国语学院,385,60,60,90,90,2024
中国人民大学,俄语语言文学,050202,外国语学院,365,60,60,90,90,2024
中国人民大学,法语语言文学,050203,外国语学院,365,60,60,90,90,2024
中国人民大学,德语语言文学,050204,外国语学院,365,60,60,90,90,2024
中国人民大学,日语语言文学,050205,外国语学院,365,60,60,90,90,2024
中国人民大学,外国语言学及应用语言学,050211,外国语学院,365,60,60,90,90,2024
中国人民大学,英语笔译,055101,外国语学院,395,60,60,90,90,2024
中国人民大学,英语口译,055102,外国语学院,395,60,60,90,90,2024
中国人民大学,新闻传播学,0503,新闻学院,378,60,60,90,90,2024
中国人民大学,翻译,0551,不区分院系,395,60,60,90,90,2024
中国人民大学,新闻与传播,0552,不区分院系,365,55,55,90,90,2024
中国人民大学,新闻与传播,0552,新闻学院,365,55,55,90,90,2024
中国人民大学,文学,05,不区分院系,365,60,60,90,90,2024
中国人民大学,考古学,060100,历史学院,390,55,55,180,0,2024
中国人民大学,中国史,060200,历史学院,365,55,55,180,0,2024
中国人民大学,国学,0602J1,国学院,345,55,55,180,147,2024
中国人民大学,国学,0602J1,国学院,345,55,55,180,147,2024
中国人民大学,世界史,060300,历史学院,345,55,55,180,0,2024
中国人民大学,博物馆,065100,历史学院,375,60,60,180,0,2024
中国人民大学,博物馆,0651,不区分院系,375,60,60,180,0,2024
中国人民大学,历史学,06,不区分院系,345,55,55,180,0,2024
中国人民大学,数学,070100,数学学院,370,50,50,90,90,2024
中国人民大学,物理学,070200,理学院物理学系,340,50,50,90,90,2024
中国人民大学,化学,070300,理学院化学系,345,50,50,90,90,2024
中国人民大学,生态学,071300,环境学院,370,50,50,90,90,2024
中国人民大学,统计学,071400,统计学院,386,50,50,90,90,2024
中国人民大学,理学,07,不区分院系,340,50,50,90,90,2024
中国人民大学,计算机科学与技术,081200,信息学院,330,55,55,85,85,2024
中国人民大学,人工智能,0812Z3,高瓴人工智能学院,370,50,50,90,90,2024
中国人民大学,环境科学与工程,083000,环境学院,320,50,50,70,70,2024
中国人民大学,电子信息,085400,智慧治理学院,328,50,50,85,85,2024
中国人民大学,电子信息,0854,信息学院,305,50,50,85,85,2024
中国人民大学,电子信息,0854,智慧治理学院,325,50,50,85,85,2024
中国人民大学,工学（不含工学照顾专业）,08,不区分院系,320,50,50,70,70,2024
中国人民大学,农业管理,095137,农业与农村发展学院,370,60,60,90,90,2024
中国人民大学,农村发展,095138,农业与农村发展学院,370,60,60,90,90,2024
中国人民大学,农业,0951,不区分院系,370,60,60,90,90,2024
中国人民大学,农业,0951,农业与农村发展学院,370,60,60,90,90,2024
中国人民大学,流行病与卫生统计学,100401,统计学院,370,60,60,180,0,2024
中国人民大学,医学（不含中医类照顾专业）,10,不区分院系,370,60,60,180,0,2024
中国人民大学,管理科学与工程,120100,商学院,380,60,60,90,90,2024
中国人民大学,工商管理学,120200,商学院,380,60,60,90,90,2024
中国人民大学,技术经济及管理,120204,农业与农村发展学院,380,60,60,90,90,2024
中国人民大学,人力资源管理,1202Z1,劳动人事学院,385,60,60,90,90,2024
中国人民大学,农林经济管理,120300,农业与农村发展学院,380,60,60,90,90,2024
中国人民大学,公共管理学,120400,公共管理学院,399,60,60,90,90,2024
中国人民大学,公共管理学,120400,公共管理学院,399,60,60,90,90,2024
中国人民大学,公共管理学,120400,公共管理学院,399,60,60,90,90,2024
中国人民大学,公共管理学,120400,公共管理学院,399,60,60,90,90,2024
中国人民大学,公共管理学,120400,公共管理学院,399,60,60,90,90,2024
中国人民大学,公共管理学,120400,公共管理学院,399,60,60,90,90,2024
中国人民大学,公共管理学,120400,公共管理学院,399,60,60,90,90,2024
中国人民大学,公共管理学,120400,公共管理学院,399,60,60,90,90,2024
中国人民大学,公共管理学,120400,公共管理学院,399,60,60,90,90,2024
中国人民大学,公共管理学,120400,公共管理学院,399,60,60,90,90,2024
中国人民大学,社会医学与卫生事业管理,120402,社会与人口学院,380,60,60,90,90,2024
中国人民大学,社会保障,120404,劳动人事学院,390,60,60,90,90,2024
中国人民大学,可持续发展管理,1204J2,环境学院,380,60,60,90,90,2024
中国人民大学,信息资源管理,120500,信息资源管理学院,408,60,60,90,90,2024
中国人民大学,图书情报,125500,信息资源管理学院,198,0,51,102,0,2024
中国人民大学,人力资源开发与管理,1258S1,劳动人事学院,245,0,60,120,0,2024
中国人民大学,工商管理,1251,不区分院系,135,0,39,78,0,2024
中国人民大学,公共管理,1252,不区分院系,185,0,50,100,0,2024
中国人民大学,会计,1253,不区分院系,255,0,60,120,0,2024
中国人民大学,会计,1253,商学院,255,0,60,120,0,2024
中国人民大学,图书情报,1255,不区分院系,198,0,51,102,0,2024
中国人民大学,人力资源开发与管理,1258,不区分院系,245,0,60,120,0,2024
中国人民大学,管理学,12,不区分院系,380,60,60,90,90,2024
中国人民大学,管理学,12,农业与农村发展学院,380,60,60,90,90,2024
中国人民大学,艺术学,130100,文学院,385,60,60,90,90,2024
中国人民大学,艺术学,130100,艺术学院,370,60,60,90,90,2024
中国人民大学,设计,135700,艺术学院,385,55,55,90,90,2024
中国人民大学,设计,1357,不区分院系,385,55,55,90,90,2024
中国人民大学,艺术学,13,不区分院系,370,60,60,90,90,2024
中国人民大学,国家安全学,140200,国际关系学院,397,60,60,90,90,2024
中国人民大学,文物,145100,历史学院,375,60,60,90,90,2024
中国人民大学,文物,1451,不区分院系,375,60,60,90,90,2024
中国人民大学,交叉学科,14,不区分院系,395,60,60,90,90,2024
中国人民大学,应用伦理,0151,不区分院系,345,45,45,90,90,2025
中国人民大学,哲学,01,不区分院系,330,50,50,90,90,2025
中国人民大学,金融,0251,财政金融学院,360,55,55,90,90,2025
中国人民大学,金融,0251,智慧治理学院,355,55,55,90,90,2025
中国人民大学,金融,0251,国际学院,355,55,55,90,90,2025
中国人民大学,应用统计,0252,不区分院系,355,50,50,90,90,2025
中国人民大学,税务,0253,不区分院系,365,60,60,90,90,2025
中国人民大学,国际商务,0254,不区分院系,330,50,50,90,90,2025
中国人民大学,保险,0255,不区分院系,345,50,50,85,85,2025
中国人民大学,资产评估,0256,不区分院系,365,60,60,90,90,2025
中国人民大学,数字经济,0258,经济学院,330,50,50,90,90,2025
中国人民大学,数字经济,0258,智慧治理学院,325,50,50,90,90,2025
中国人民大学,碳经济,0259,不区分院系,345,55,55,90,90,2025
中国人民大学,金融数学与金融计算,0260,不区分院系,330,40,40,60,60,2025
中国人民大学,经济学,02,不区分院系,330,55,55,90,90,2025
中国人民大学,法律（非法学）,035101,法学院,345,55,55,90,90,2025
中国人民大学,法律（法学）,035102,法学院,340,60,60,90,90,2025
中国人民大学,社会工作,0352,不区分院系,375,50,50,90,90,2025
中国人民大学,社会政策,0356,不区分院系,330,40,40,90,90,2025
中国人民大学,法学,03,不区分院系,340,50,50,90,90,2025
中国人民大学,国际中文教育,0453,不区分院系,341,45,45,90,90,2025
中国人民大学,应用心理,0454,不区分院系,310,38,38,114,114,2025
中国人民大学,教育学（不含体育学）,04,不区分院系,341,55,55,180,0,2025
中国人民大学,翻译,0551,不区分院系,365,60,60,90,90,2025
中国人民大学,新闻与传播,0552,不区分院系,351,47,47,90,90,2025
中国人民大学,文学,05,不区分院系,351,55,55,90,90,2025
中国人民大学,博物馆,0651,不区分院系,350,55,55,180,0,2025
中国人民大学,历史学,06,不区分院系,336,55,55,180,0,2025
中国人民大学,理学,07,不区分院系,310,45,45,80,80,2025
中国人民大学,电子信息,0854,信息学院,265,34,34,51,51,2025
中国人民大学,电子信息,0854,智慧治理学院,360,50,50,90,90,2025
中国人民大学,资源与环境,0857,不区分院系,264,35,35,53,53,2025
中国人民大学,工学（不含工学照顾专业）,08,不区分院系,320,45,45,90,90,2025
中国人民大学,农业,0951,不区分院系,350,50,50,90,90,2025
中国人民大学,医学（不含中医类照顾专业）,10,不区分院系,310,50,50,180,0,2025
中国人民大学,公共管理,1252,不区分院系,168,39,39,78,78,2025
中国人民大学,会计,1253,不区分院系,199,51,51,102,102,2025
中国人民大学,图书情报,1255,不区分院系,191,0,50,100,0,2025
中国人民大学,人力资源开发与管理,1258,不区分院系,350,50,50,90,90,2025
中国人民大学,档案管理,1259,不区分院系,332,41,41,62,62,2025
中国人民大学,衣业农村管理,1260,不区分院系,335,41,41,62,62,2025
中国人民大学,管理学,12,不区分院系,345,50,50,90,90,2025
中国人民大学,美术与书法,1356,不区分院系,351,45,45,90,90,2025
中国人民大学,设计,1357,不区分院系,365,55,55,90,90,2025
中国人民大学,艺术学,13,不区分院系,365,55,55,90,90,2025
中国人民大学,文物,1451,不区分院系,330,55,55,90,90,2025
中国人民大学,交叉学科,14,不区分院系,310,55,55,90,90,2025
同济大学,哲学,010100,人文学院,375,60,60,115,120,2023
同济大学,哲学,01,不区分院系,370,50,50,90,90,2023
同济大学,区域经济学,020202,经济与管理学院,355,60,60,90,90,2023
同济大学,财政学,020203,经济与管理学院,350,60,60,90,90,2023
同济大学,金融学,020204,经济与管理学院,355,60,60,90,90,2023
同济大学,产业经济学,020205,经济与管理学院,355,60,60,90,90,2023
同济大学,国际贸易学,020206,经济与管理学院,350,60,60,90,90,2023
同济大学,金融,0251,不区分院系,346,48,48,72,72,2023
同济大学,应用统计,0252,不区分院系,346,48,48,72,72,2023
同济大学,应用统计,0252,数学科学学院,346,48,48,72,72,2023
同济大学,经济学,02,不区分院系,350,55,55,90,90,2023
同济大学,法学,030100,法学院,370,60,60,95,95,2023
同济大学,马克思主义理论,030500,马克思主义学院,340,60,60,85,85,2023
同济大学,法律（非法学）,035101,不区分院系,326,45,45,68,68,2023
同济大学,法律（非法学）,035101,法学院,326,45,45,68,68,2023
同济大学,法律（法学）,035102,不区分院系,326,45,45,68,68,2023
同济大学,法律（法学）,035102,法学院,326,45,45,68,68,2023
同济大学,政治学,0302,政治与国际关系学院,350,60,60,100,100,2023
同济大学,法学,03,不区分院系,340,50,50,85,85,2023
同济大学,法学,03,上海国际知识产权学院,345,50,60,100,100,2023
同济大学,教育学,040100,职业技术教育学院,350,55,55,200,0,2023
同济大学,教育学,040100,国际足球学院,350,55,60,205,0,2023
同济大学,教育,045100,职业技术教育学院,350,51,51,90,90,2023
同济大学,体育,045200,国际足球学院,320,45,55,200,0,2023
同济大学,汉语国际教育,045300,国际文化交流学院,350,51,51,90,90,2023
同济大学,应用心理,045400,人文学院,370,55,55,230,0,2023
同济大学,教育学,0401,体育教学部,350,55,55,220,0,2023
同济大学,教育,0451,不区分院系,350,51,51,77,77,2023
同济大学,体育,0452,不区分院系,305,39,39,117,0,2023
同济大学,体育,0452,体育教学部,305,45,50,180,0,2023
同济大学,汉语国际教育,0453,不区分院系,350,51,51,77,77,2023
同济大学,应用心理,0454,不区分院系,370,55,55,180,0,2023
同济大学,教育学（不含体育学）,04,不区分院系,350,55,55,180,0,2023
同济大学,中国语言文学,050100,人文学院,370,60,60,90,110,2023
同济大学,外国语言文学,050200,外国语学院,370,60,60,90,90,2023
同济大学,英语语言文学,050201,外国语学院,370,60,60,90,90,2023
同济大学,德语语言文学,050204,外国语学院,370,60,60,90,90,2023
同济大学,日语语言文学,050205,外国语学院,370,60,60,90,90,2023
同济大学,外国语言学及应用语言学,050211,外国语学院,370,60,60,90,90,2023
同济大学,新闻传播学,050300,艺术与传媒学院,375,60,60,105,105,2023
同济大学,英语笔译,055101,外国语学院,390,60,60,90,90,2023
同济大学,英语口译,055102,外国语学院,380,60,60,90,90,2023
同济大学,德语笔译,055109,外国语学院,390,60,60,90,90,2023
同济大学,新闻与传播,055200,艺术与传媒学院,375,60,60,105,105,2023
同济大学,翻译,0551,不区分院系,380,60,60,90,90,2023
同济大学,新闻与传播,0552,不区分院系,370,60,60,90,90,2023
同济大学,文学,05,不区分院系,370,55,55,90,90,2023
同济大学,物理学,070200,物理科学与工程学院,305,50,45,80,80,2023
同济大学,化学,070300,不区分院系,305,50,50,85,85,2023
同济大学,海洋科学,070700,海洋与地球科学学院,305,50,50,85,90,2023
同济大学,地球物理学,070800,海洋与地球科学学院,305,50,50,85,90,2023
同济大学,生物学,071000,生命科学与技术学院,325,55,55,80,80,2023
同济大学,生物学,071000,生命科学与技术学院,375,55,55,90,90,2023
同济大学,生物医学工程,077700,医学院,320,55,55,85,90,2023
同济大学,基础医学,077800,医学院,320,55,55,85,90,2023
同济大学,教育技术学,078401,物理科学与工程学院,305,50,45,80,80,2023
同济大学,数学,0701,数学科学学院,300,50,50,75,75,2023
同济大学,物理学,0702,不区分院系,305,50,45,80,80,2023
同济大学,理学,07,不区分院系,300,50,50,75,75,2023
同济大学,力学,080100,航空航天与力学学院,310,50,50,75,80,2023
同济大学,机械工程,080200,不区分院系,330,50,50,85,85,2023
同济大学,机械制造及其自动化,080201,不区分院系,330,50,50,85,85,2023
同济大学,车辆工程,080204,铁道与城市轨道交通研究院,310,50,50,80,75,2023
同济大学,车辆工程,080204,汽车学院,320,50,50,75,80,2023
同济大学,材料科学与工程,080500,材料科学与工程学院,310,50,50,75,75,2023
同济大学,动力工程及工程热物理,080700,不区分院系,310,50,50,75,75,2023
同济大学,动力机械及工程,080703,汽车学院,320,50,50,75,80,2023
同济大学,电气工程,080800,信息工程学院,325,50,50,85,85,2023
同济大学,信息与通信工程,081000,信息工程学院,360,55,60,90,100,2023
同济大学,信号与信息处理,081002,信息工程学院,360,55,60,90,100,2023
同济大学,控制科学与工程,081100,信息工程学院,355,50,50,90,90,2023
同济大学,控制理论与控制工程,081101,信息工程学院,355,50,50,90,90,2023
同济大学,微电子科学与工程,0811J1,信息工程学院,355,60,60,90,90,2023
同济大学,计算机科学与技术,081200,信息工程学院,335,50,50,85,85,2023
同济大学,建筑学,081300,建筑与城市规划学院,325,55,60,80,90,2023
同济大学,市政工程,081403,环境科学与工程学院,325,55,55,85,85,2023
同济大学,供热、供燃气、通风及空调工程,081404,不区分院系,310,50,50,75,75,2023
同济大学,测绘科学与技术,081600,测绘与地理信息学院,325,50,50,85,85,2023
同济大学,交通运输工程,082300,交通运输工程学院,310,50,50,80,85,2023
同济大学,载运工具运用工程,082304,铁道与城市轨道交通研究院,310,50,50,80,75,2023
同济大学,城市交通,0823J1,交通运输工程学院,310,50,50,80,85,2023
同济大学,航空宇航科学与技术,082500,航空航天与力学学院,310,50,50,75,80,2023
同济大学,环境科学,083001,环境科学与工程学院,315,50,50,85,85,2023
同济大学,环境工程,083002,环境科学与工程学院,315,55,55,85,85,2023
同济大学,城乡规划学,083300,建筑与城市规划学院,345,55,60,90,90,2023
同济大学,风景园林学,083400,建筑与城市规划学院,335,55,60,90,90,2023
同济大学,软件工程,083500,软件学院,330,55,55,90,90,2023
同济大学,建筑学,085100,建筑与城市规划学院,320,55,60,80,90,2023
同济大学,城市规划,085300,建筑与城市规划学院,345,55,60,90,90,2023
同济大学,电子信息,085400,信息工程学院,355,60,60,90,90,2023
同济大学,电子信息,085400,信息工程学院,360,55,60,90,100,2023
同济大学,电子信息,085400,信息工程学院,360,55,60,90,100,2023
同济大学,电子信息,085400,信息工程学院,355,50,50,90,90,2023
同济大学,电子信息,085400,信息工程学院,355,50,50,90,90,2023
同济大学,电子信息,085400,信息工程学院,335,50,50,85,85,2023
同济大学,电子信息,085400,信息工程学院,340,60,55,85,85,2023
同济大学,机械,085500,汽车学院,320,50,50,75,80,2023
同济大学,机械,085500,设计创意学院,390,60,60,90,90,2023
同济大学,机械,085500,上海国际设计创新学院,390,60,60,90,90,2023
同济大学,机械,085500,研究生教育管理中心,300,50,55,85,85,2023
同济大学,机械,085500,不区分院系,330,50,50,85,85,2023
同济大学,材料与化工,085600,材料科学与工程学院,310,50,50,75,75,2023
同济大学,材料与化工,085600,不区分院系,310,50,50,75,75,2023
同济大学,资源与环境,085700,环境科学与工程学院,310,50,50,80,80,2023
同济大学,测绘工程,085704,测绘与地理信息学院,325,50,50,85,85,2023
同济大学,能源动力,085800,汽车学院,320,50,50,75,80,2023
同济大学,能源动力,085800,不区分院系,310,50,50,75,75,2023
同济大学,电气工程,085801,信息工程学院,325,50,50,85,85,2023
同济大学,土木水利,085900,环境科学与工程学院,310,50,50,80,80,2023
同济大学,土木水利,085900,不区分院系,310,50,50,75,75,2023
同济大学,交通运输,086100,交通运输工程学院,310,50,50,80,85,2023
同济大学,交通运输,086100,铁道与城市轨道交通研究院,310,50,50,80,75,2023
同济大学,交通运输,086100,汽车学院,320,50,50,75,80,2023
同济大学,设计学,087200,设计创意学院,360,60,60,90,90,2023
同济大学,地质资源与地质工程,0818,土木工程学院,310,50,50,75,75,2023
同济大学,建筑学,0851,不区分院系,310,50,50,75,75,2023
同济大学,城市规划,0853,不区分院系,310,50,50,75,75,2023
同济大学,电子信息,0854,不区分院系,310,50,50,75,75,2023
同济大学,电子信息,0854,研究生教育管理中心,273,38,38,57,57,2023
同济大学,机械,0855,不区分院系,310,50,50,75,75,2023
同济大学,机械,0855,研究生教育管理中心,273,38,38,57,57,2023
同济大学,材料与化工,0856,不区分院系,310,50,50,75,75,2023
同济大学,材料与化工,0856,研究生教育管理中心,273,38,38,57,57,2023
同济大学,资源与环境,0857,不区分院系,310,50,50,75,75,2023
同济大学,资源与环境,0857,研究生教育管理中心,273,38,38,57,57,2023
同济大学,资源与环境,0857,土木工程学院,310,50,50,75,75,2023
同济大学,能源动力,0858,不区分院系,310,50,50,75,75,2023
同济大学,能源动力,0858,研究生教育管理中心,273,38,38,57,57,2023
同济大学,土木水利,0859,不区分院系,310,50,50,75,75,2023
同济大学,土木水利,0859,研究生教育管理中心,273,38,38,57,57,2023
同济大学,土木水利,0859,土木工程学院,310,50,50,75,75,2023
同济大学,交通运输,0861,不区分院系,310,50,50,75,75,2023
同济大学,交通运输,0861,研究生教育管理中心,273,38,38,57,57,2023
同济大学,工学（不含工学照顾专业）,08,不区分院系,310,50,50,75,75,2023
同济大学,风景园林,095300,建筑与城市规划学院,325,55,60,90,90,2023
同济大学,风景园林,0953,不区分院系,310,50,50,75,75,2023
同济大学,基础医学,100100,医学院,325,55,55,190,0,2023
同济大学,临床医学,100200,医学院,325,55,55,190,0,2023
同济大学,口腔医学,100300,口腔医学院,340,60,67,200,0,2023
同济大学,口腔基础医学,100301,口腔医学院,340,60,67,200,0,2023
同济大学,口腔临床医学,100302,口腔医学院,340,60,67,200,0,2023
同济大学,公共卫生与预防医学,100400,医学院,325,50,50,190,0,2023
同济大学,药学,100700,医学院,325,55,55,190,0,2023
同济大学,临床医学,105100,医学院,325,55,55,190,0,2023
同济大学,护理,105400,医学院,296,45,45,170,0,2023
同济大学,临床医学,1051,不区分院系,325,50,50,190,0,2023
同济大学,口腔医学,1052,不区分院系,330,50,50,190,0,2023
同济大学,护理,1054,不区分院系,296,45,45,150,0,2023
同济大学,医学（不含中医类照顾专业）,10,不区分院系,325,50,50,190,0,2023
同济大学,管理科学与工程,120100,经济与管理学院,350,60,60,90,90,2023
同济大学,会计学,120201,经济与管理学院,340,60,60,90,90,2023
同济大学,企业管理,120202,经济与管理学院,340,60,60,90,90,2023
同济大学,技术经济及管理,120204,经济与管理学院,340,60,60,90,90,2023
同济大学,公共管理,120400,经济与管理学院,340,60,60,90,90,2023
同济大学,公共管理,125200,不区分院系,175,0,44,88,0,2023
同济大学,会计,125300,不区分院系,197,0,51,102,0,2023
同济大学,工程管理,1256,不区分院系,178,0,44,88,0,2023
同济大学,管理学,12,不区分院系,340,55,55,90,90,2023
同济大学,艺术学理论,130100,人文学院,395,60,70,120,120,2023
同济大学,设计学,130500,艺术与传媒学院,370,60,60,110,110,2023
同济大学,设计学,130500,设计创意学院,370,60,60,90,90,2023
同济大学,设计学,130500,上海国际设计创新学院,370,60,60,90,90,2023
同济大学,音乐,135101,艺术与传媒学院,370,55,55,110,110,2023
同济大学,广播电视,135105,艺术与传媒学院,370,60,60,100,110,2023
同济大学,艺术设计,135108,人文学院,370,40,40,115,115,2023
同济大学,艺术设计,135108,艺术与传媒学院,370,60,60,110,110,2023
同济大学,艺术设计,135108,设计创意学院,370,60,60,90,90,2023
同济大学,艺术设计,135108,上海国际设计创新学院,370,60,60,90,90,2023
同济大学,艺术,1351,不区分院系,370,50,50,90,90,2023
同济大学,艺术,1351,人文学院,370,40,40,115,115,2023
同济大学,艺术学,13,不区分院系,370,50,50,90,90,2023
同济大学,哲学,010100,人文学院,395,60,60,115,115,2024
同济大学,哲学,01,不区分院系,385,60,60,110,110,2024
同济大学,区域经济学,020202,经济与管理学院,380,60,60,90,90,2024
同济大学,财政学,020203,经济与管理学院,380,60,60,90,90,2024
同济大学,金融学,020204,经济与管理学院,380,60,60,90,90,2024
同济大学,产业经济学,020205,经济与管理学院,365,60,60,90,90,2024
同济大学,国际贸易学,020206,经济与管理学院,365,60,60,90,90,2024
同济大学,金融,0251,不区分院系,338,47,47,71,71,2024
同济大学,应用统计,0252,不区分院系,338,47,47,71,71,2024
同济大学,应用统计,0252,数学科学学院,338,47,47,71,100,2024
同济大学,经济学,02,不区分院系,360,50,50,90,90,2024
同济大学,法学,030100,法学院,354,60,60,90,90,2024
同济大学,马克思主义理论,030500,马克思主义学院,340,60,60,90,90,2024
同济大学,法律（非法学）,035101,法学院,331,47,47,71,71,2024
同济大学,法律（法学）,035102,法学院,331,47,47,71,71,2024
同济大学,法学,03,不区分院系,340,50,50,90,90,2024
同济大学,教育学,040100,职业技术教育学院,350,55,55,200,0,2024
同济大学,教育,045100,职业技术教育学院,350,51,51,77,77,2024
同济大学,国际中文教育,045300,国际文化交流学院,350,51,51,90,90,2024
同济大学,应用心理,045400,人文学院,365,60,60,205,0,2024
同济大学,教育,0451,不区分院系,350,51,51,77,77,2024
同济大学,体育,0452,不区分院系,313,41,41,123,0,2024
同济大学,国际中文教育,0453,不区分院系,350,51,51,77,77,2024
同济大学,应用心理,0454,不区分院系,365,55,55,180,0,2024
同济大学,教育学（不含体育学）,04,不区分院系,350,55,55,180,0,2024
同济大学,中国语言文学,050100,人文学院,395,60,60,115,115,2024
同济大学,新闻传播学,050300,艺术与传媒学院,390,60,60,105,105,2024
同济大学,新闻与传播,055200,艺术与传媒学院,390,60,60,105,105,2024
同济大学,翻译,0551,不区分院系,375,60,60,90,90,2024
同济大学,新闻与传播,0552,不区分院系,390,60,60,105,105,2024
同济大学,文学,05,不区分院系,370,55,55,90,90,2024
同济大学,生物学,071000,生命科学与技术学院,345,55,55,90,90,2024
同济大学,生物学,071000,生命科学与技术学院,345,55,55,90,90,2024
同济大学,生物学,071000,生命科学与技术学院,385,55,55,90,90,2024
同济大学,生物学,071000,生命科学与技术学院,345,55,55,90,90,2024
同济大学,生物学,071000,生命科学与技术学院,345,55,55,90,90,2024
同济大学,数学,0701,数学科学学院,340,55,60,90,90,2024
同济大学,海洋科学,0707,海洋与地球科学学院,330,55,55,85,90,2024
同济大学,地球物理学,0708,海洋与地球科学学院,330,55,55,85,90,2024
同济大学,理学,07,不区分院系,310,50,50,85,85,2024
同济大学,机械工程,080200,机械与能源工程学院,320,50,50,80,80,2024
同济大学,机械制造及其自动化,080201,机械与能源工程学院,320,50,50,80,80,2024
同济大学,车辆工程,080204,铁道与城市轨道交通研究院,310,50,50,65,75,2024
同济大学,车辆工程,080204,汽车学院,320,50,50,70,80,2024
同济大学,车辆工程,080204,汽车学院,320,50,50,70,80,2024
同济大学,材料科学与工程,080500,材料科学与工程学院,335,55,55,75,75,2024
同济大学,动力工程及工程热物理,080700,机械与能源工程学院,310,50,50,65,75,2024
同济大学,动力机械及工程,080703,汽车学院,320,50,50,70,80,2024
同济大学,电气工程,080800,电子与信息工程学院,360,55,55,90,90,2024
同济大学,信息与通信工程,081000,电子与信息工程学院,325,55,50,80,100,2024
同济大学,信号与信息处理,081002,电子与信息工程学院,325,55,50,80,100,2024
同济大学,控制科学与工程,081100,电子与信息工程学院,350,55,55,90,90,2024
同济大学,控制理论与控制工程,081101,电子与信息工程学院,350,55,55,90,90,2024
同济大学,微电子科学与工程,0811J1,电子与信息工程学院,325,55,50,80,90,2024
同济大学,计算机科学与技术,081200,电子与信息工程学院,330,55,55,80,80,2024
同济大学,建筑学,081300,建筑与城市规划学院,335,60,60,90,90,2024
同济大学,市政工程,081403,环境科学与工程学院,310,50,60,75,90,2024
同济大学,供热、供燃气、通风及空调工程,081404,机械与能源工程学院,310,50,50,65,75,2024
同济大学,测绘科学与技术,081600,测绘与地理信息学院,330,50,50,80,80,2024
同济大学,交通运输工程,082300,交通运输工程学院,315,55,55,65,90,2024
同济大学,交通运输工程,082300,交通运输工程学院,315,55,55,65,90,2024
同济大学,交通运输工程,082300,交通运输工程学院,315,55,55,65,90,2024
同济大学,交通运输工程,082300,交通运输工程学院,340,55,55,70,90,2024
同济大学,交通运输工程,082300,交通运输工程学院,340,55,55,70,90,2024
同济大学,交通运输工程,082300,交通运输工程学院,340,55,55,70,90,2024
同济大学,交通运输工程,082300,交通运输工程学院,340,55,55,70,90,2024
同济大学,载运工具运用工程,082304,铁道与城市轨道交通研究院,310,50,50,65,75,2024
同济大学,城市交通,0823J1,交通运输工程学院,315,55,55,65,90,2024
同济大学,城市交通,0823J1,交通运输工程学院,315,55,55,65,90,2024
同济大学,城市交通,0823J1,交通运输工程学院,315,55,55,65,90,2024
同济大学,城市交通,0823J1,交通运输工程学院,315,55,55,65,90,2024
同济大学,环境科学,083001,环境科学与工程学院,310,50,50,70,75,2024
同济大学,环境工程,083002,环境科学与工程学院,310,50,50,70,75,2024
同济大学,城乡规划学,083300,建筑与城市规划学院,355,60,60,90,90,2024
同济大学,软件工程,083500,软件学院,310,55,55,70,80,2024
同济大学,建筑,085100,建筑与城市规划学院,335,60,60,90,90,2024
同济大学,城乡规划,085300,建筑与城市规划学院,355,60,60,90,90,2024
同济大学,电子信息,085400,电子与信息工程学院,325,55,50,80,90,2024
同济大学,电子信息,085400,电子与信息工程学院,325,55,50,80,100,2024
同济大学,电子信息,085400,电子与信息工程学院,350,55,55,90,90,2024
同济大学,电子信息,085400,电子与信息工程学院,330,55,55,80,80,2024
同济大学,电子信息,085400,电子与信息工程学院,350,55,55,90,90,2024
同济大学,电子信息,085400,电子与信息工程学院,325,55,50,80,100,2024
同济大学,电子信息,085400,工程类专业学位研究生教育管理中心,273,37,37,56,56,2024
同济大学,电子信息,085400,电子与信息工程学院,310,55,50,80,90,2024
同济大学,电子信息,085400,电子与信息工程学院,310,55,50,80,90,2024
同济大学,机械,085500,机械与能源工程学院,320,50,50,80,80,2024
同济大学,机械,085500,工程类专业学位研究生教育管理中心,273,37,37,56,56,2024
同济大学,机械,085500,汽车学院,320,50,50,70,80,2024
同济大学,机械,085500,设计创意学院,335,60,60,70,90,2024
同济大学,机械,085500,上海国际设计创新学院,335,60,60,70,90,2024
同济大学,材料与化工,085600,材料科学与工程学院,335,55,55,75,75,2024
同济大学,材料与化工,085600,工程类专业学位研究生教育管理中心,273,37,37,56,56,2024
同济大学,资源与环境,085700,环境科学与工程学院,310,50,50,70,75,2024
同济大学,资源与环境,085700,工程类专业学位研究生教育管理中心,273,37,37,56,56,2024
同济大学,测绘工程,085704,测绘与地理信息学院,330,50,50,80,80,2024
同济大学,能源动力,085800,机械与能源工程学院,310,50,50,65,75,2024
同济大学,能源动力,085800,工程类专业学位研究生教育管理中心,273,37,37,56,56,2024
同济大学,能源动力,085800,汽车学院,320,50,50,70,80,2024
同济大学,能源动力,085800,汽车学院,320,50,50,70,80,2024
同济大学,电气工程,085801,电子与信息工程学院,360,55,55,90,90,2024
同济大学,土木水利,085900,机械与能源工程学院,310,50,50,65,75,2024
同济大学,土木水利,085900,工程类专业学位研究生教育管理中心,273,37,37,56,56,2024
同济大学,市政工程（含给排水等）,085905,环境科学与工程学院,310,50,50,70,75,2024
同济大学,交通运输,086100,工程类专业学位研究生教育管理中心,273,37,37,56,56,2024
同济大学,交通运输,086100,交通运输工程学院,315,55,55,65,90,2024
同济大学,交通运输,086100,交通运输工程学院,315,55,55,65,90,2024
同济大学,交通运输,086100,交通运输工程学院,315,55,55,65,90,2024
同济大学,交通运输,086100,交通运输工程学院,340,55,55,70,90,2024
同济大学,交通运输,086100,交通运输工程学院,340,55,55,70,90,2024
同济大学,交通运输,086100,交通运输工程学院,340,55,55,70,90,2024
同济大学,交通运输,086100,交通运输工程学院,340,55,55,70,90,2024
同济大学,交通运输,086100,铁道与城市轨道交通研究院,310,50,50,65,75,2024
同济大学,交通运输,086100,汽车学院,320,50,50,70,80,2024
同济大学,风景园林,086200,建筑与城市规划学院,330,60,60,90,90,2024
同济大学,风景园林,086200,工程类专业学位研究生教育管理中心,273,37,37,56,56,2024
同济大学,设计学,087200,设计创意学院,310,60,60,70,90,2024
同济大学,地质资源与地质工程,0818,土木工程学院,310,50,50,65,75,2024
同济大学,建筑,0851,不区分院系,310,50,50,65,75,2024
同济大学,城乡规划,0853,不区分院系,310,50,50,65,75,2024
同济大学,电子信息,0854,不区分院系,310,50,50,65,75,2024
同济大学,机械,0855,不区分院系,310,50,50,65,75,2024
同济大学,材料与化工,0856,不区分院系,310,50,50,65,75,2024
同济大学,资源与环境,0857,不区分院系,310,50,50,65,75,2024
同济大学,资源与环境,0857,土木工程学院,310,50,50,65,75,2024
同济大学,能源动力,0858,不区分院系,310,50,50,65,75,2024
同济大学,土木水利,0859,不区分院系,310,50,50,65,75,2024
同济大学,土木水利,0859,土木工程学院,310,50,50,65,75,2024
同济大学,生物与医药,0860,不区分院系,310,50,50,65,75,2024
同济大学,交通运输,0861,不区分院系,310,50,50,65,75,2024
同济大学,风景园林,0862,不区分院系,310,50,50,65,75,2024
同济大学,工学（不含工学照顾专业）,08,不区分院系,310,50,50,65,75,2024
同济大学,临床医学,1051,不区分院系,350,50,50,190,0,2024
同济大学,口腔医学,1052,不区分院系,330,50,50,190,0,2024
同济大学,护理,1054,不区分院系,304,45,45,150,0,2024
同济大学,医学（不含中医类照顾专业）,10,不区分院系,315,50,50,185,0,2024
同济大学,管理科学与工程,120100,经济与管理学院,370,60,60,90,90,2024
同济大学,管理科学与工程,120100,经济与管理学院,365,60,60,90,90,2024
同济大学,管理科学与工程,120100,经济与管理学院,365,60,60,90,90,2024
同济大学,会计学,120201,经济与管理学院,370,60,60,90,90,2024
同济大学,企业管理,120202,经济与管理学院,375,60,60,90,90,2024
同济大学,企业管理,120202,经济与管理学院,365,60,60,90,90,2024
同济大学,技术经济及管理,120204,经济与管理学院,375,60,60,90,90,2024
同济大学,公共管理学,120400,经济与管理学院,360,60,60,90,90,2024
同济大学,公共管理,125200,经济与管理学院,173,0,43,86,0,2024
同济大学,会计,125300,经济与管理学院,201,0,52,104,0,2024
同济大学,工程管理,125601,经济与管理学院,176,0,43,86,0,2024
同济大学,管理学,12,不区分院系,350,55,55,90,90,2024
同济大学,戏剧与影视,135400,艺术与传媒学院,370,55,50,100,110,2024
同济大学,戏剧与影视,135400,艺术与传媒学院,370,55,50,100,110,2024
同济大学,戏剧与影视,135400,艺术与传媒学院,370,55,50,100,110,2024
同济大学,戏剧与影视,135400,艺术与传媒学院,370,55,50,100,110,2024
同济大学,戏剧与影视,135400,艺术与传媒学院,370,55,50,100,110,2024
同济大学,戏剧与影视,135400,艺术与传媒学院,370,55,50,100,110,2024
同济大学,戏剧与影视,135400,人文学院,362,50,50,110,110,2024
同济大学,设计,135700,艺术与传媒学院,385,60,60,100,110,2024
同济大学,设计,135700,人文学院,362,50,50,110,110,2024
同济大学,设计,135700,设计创意学院,362,60,60,70,90,2024
同济大学,设计,135700,上海国际设计创新学院,362,60,60,70,90,2024
同济大学,戏剧与影视,1354,不区分院系,362,50,50,90,90,2024
同济大学,设计,1357,不区分院系,362,50,50,70,90,2024
同济大学,设计学,140300,艺术与传媒学院,385,60,60,100,110,2024
同济大学,设计学,140300,人文学院,400,65,65,125,125,2024
同济大学,设计学,140300,设计创意学院,315,60,60,70,90,2024
同济大学,设计学,140300,上海国际设计创新学院,315,60,60,70,90,2024
同济大学,交叉学科,14,不区分院系,315,50,50,70,90,2024
同济大学,哲学,010100,人文学院,370,55,55,110,110,2025
同济大学,哲学,01,不区分院系,370,50,50,110,110,2025
同济大学,区域经济学,020202,经济与管理学院,340,55,50,90,90,2025
同济大学,财政学,020203,经济与管理学院,340,55,50,90,90,2025
同济大学,金融学,020204,经济与管理学院,340,55,50,90,90,2025
同济大学,产业经济学,020205,经济与管理学院,340,55,50,90,90,2025
同济大学,国际贸易学,020206,经济与管理学院,340,55,50,90,90,2025
同济大学,金融,025100,经济与管理学院,323,40,40,60,60,2025
同济大学,金融,025100,经济与管理学院,323,40,40,60,60,2025
同济大学,金融,025100,经济与管理学院,323,40,40,60,60,2025
同济大学,金融,025100,经济与管理学院,323,40,40,60,60,2025
同济大学,金融,025100,经济与管理学院,335,40,40,60,60,2025
同济大学,应用统计,025200,数学科学学院,385,50,50,90,90,2025
同济大学,应用统计,025200,数学科学学院,385,50,50,90,90,2025
同济大学,应用统计,025200,数学科学学院,323,40,40,60,60,2025
同济大学,应用统计,025200,数学科学学院,323,40,40,60,60,2025
同济大学,金融,0251,不区分院系,323,40,40,60,60,2025
同济大学,应用统计,0252,不区分院系,323,40,40,60,60,2025
同济大学,经济学,02,不区分院系,340,50,50,90,90,2025
同济大学,法学,030100,法学院,355,60,55,90,90,2025
同济大学,政治学,030200,政治与国际关系学院,355,55,55,100,100,2025
同济大学,政治学理论,030201,政治与国际关系学院,355,55,55,100,100,2025
同济大学,中外政治制度,030202,政治与国际关系学院,355,55,55,100,100,2025
同济大学,国际关系,030207,政治与国际关系学院,355,55,55,100,100,2025
同济大学,外交学,030208,政治与国际关系学院,355,55,55,100,100,2025
同济大学,马克思主义理论,030500,马克思主义学院,335,60,50,90,90,2025
同济大学,法律（非法学）,035101,法学院,323,40,40,60,60,2025
同济大学,法律（法学）,035102,法学院,323,40,40,60,60,2025
同济大学,知识产权,035400,上海国际知识产权学院,340,50,50,90,90,2025
同济大学,知识产权学,039901,上海国际知识产权学院,370,60,60,110,110,2025
同济大学,知识产权,0354,不区分院系,323,40,40,60,60,2025
同济大学,法学,03,不区分院系,335,50,50,90,90,2025
同济大学,教育学,040100,职业技术教育学院,341,50,50,180,0,2025
同济大学,教育学,040100,体育部,341,50,50,180,0,2025
同济大学,教育,045100,职业技术教育学院,341,45,45,68,68,2025
同济大学,教育,045100,职业技术教育学院,341,45,45,90,90,2025
同济大学,体育,045200,国际足球学院,310,50,50,180,0,2025
同济大学,体育,045200,国际足球学院,310,50,50,180,0,2025
同济大学,体育,045200,国际足球学院,310,50,50,180,0,2025
同济大学,体育,045200,国际足球学院,304,36,36,108,0,2025
同济大学,体育,045200,体育部,320,50,50,180,0,2025
同济大学,国际中文教育,045300,国际文化交流学院,345,45,45,90,90,2025
同济大学,应用心理,045400,人文学院,390,55,55,220,0,2025
同济大学,教育,0451,不区分院系,341,45,45,68,68,2025
同济大学,体育,0452,不区分院系,304,36,36,108,0,2025
同济大学,国际中文教育,0453,不区分院系,341,45,45,68,68,2025
同济大学,应用心理,0454,不区分院系,390,50,50,180,0,2025
同济大学,教育学（不含体育学）,04,不区分院系,341,50,50,180,0,2025
同济大学,中国语言文学,050100,人文学院,385,50,50,125,125,2025
同济大学,外国语言文学,050200,外国语学院,355,55,60,90,90,2025
同济大学,英语语言文学,050201,外国语学院,355,55,60,90,90,2025
同济大学,德语语言文学,050204,外国语学院,355,55,60,90,90,2025
同济大学,日语语言文学,050205,外国语学院,355,55,60,90,90,2025
同济大学,外国语言学及应用语言学,050211,外国语学院,355,55,60,90,90,2025
同济大学,新闻传播学,050300,艺术与传媒学院,355,55,55,100,100,2025
同济大学,英语笔译,055101,外国语学院,375,55,60,90,90,2025
同济大学,英语口译,055102,外国语学院,370,55,60,90,90,2025
同济大学,德语笔译,055109,外国语学院,375,55,60,90,90,2025
同济大学,新闻与传播,055200,艺术与传媒学院,355,55,55,100,100,2025
同济大学,新闻与传播,055200,艺术与传媒学院,355,55,55,100,100,2025
同济大学,新闻与传播,055200,艺术与传媒学院,355,55,55,100,100,2025
同济大学,新闻与传播,055200,艺术与传媒学院,355,55,55,100,100,2025
同济大学,新闻与传播,055200,艺术与传媒学院,351,47,47,71,71,2025
同济大学,翻译,0551,不区分院系,370,50,50,90,90,2025
同济大学,新闻与传播,0552,不区分院系,351,47,47,71,71,2025
同济大学,文学,05,不区分院系,355,50,50,90,90,2025
同济大学,数学,070100,数学科学学院,320,50,50,85,85,2025
同济大学,物理学,070200,物理科学与工程学院,300,50,45,75,75,2025
同济大学,化学,070300,化学科学与工程学院,300,50,45,75,75,2025
同济大学,海洋科学,070700,海洋与地球科学学院,300,50,45,80,75,2025
同济大学,地球物理学,070800,海洋与地球科学学院,300,50,45,80,75,2025
同济大学,生物学,071000,生命科学与技术学院,325,50,50,90,90,2025
同济大学,生物医学工程,077700,医学院,300,50,50,75,75,2025
同济大学,基础医学,077800,医学院,300,50,50,75,75,2025
同济大学,理学,07,不区分院系,300,50,45,75,75,2025
同济大学,力学,080100,航空航天与力学学院,300,50,45,75,85,2025
同济大学,机械工程,080200,机械与能源工程学院,310,50,45,80,80,2025
同济大学,机械制造及其自动化,080201,机械与能源工程学院,310,50,45,80,80,2025
同济大学,车辆工程,080204,交通学院,300,50,45,75,90,2025
同济大学,车辆工程,080204,汽车学院,320,50,45,75,80,2025
同济大学,车辆工程,080204,汽车学院,320,50,45,75,80,2025
同济大学,材料科学与工程,080500,材料科学与工程学院,310,50,45,75,75,2025
同济大学,动力工程及工程热物理,080700,机械与能源工程学院,300,50,45,75,75,2025
同济大学,动力机械及工程,080703,汽车学院,320,50,45,75,80,2025
同济大学,电气工程,080800,电子与信息工程学院,335,55,50,85,90,2025
同济大学,信息与通信工程,081000,电子与信息工程学院,310,55,50,85,100,2025
同济大学,信号与信息处理,081002,电子与信息工程学院,310,55,50,85,100,2025
同济大学,控制科学与工程,081100,电子与信息工程学院,325,50,50,80,80,2025
同济大学,控制理论与控制工程,081101,电子与信息工程学院,325,50,50,80,80,2025
同济大学,微电子科学与工程,0811J1,电子与信息工程学院,335,55,50,90,100,2025
同济大学,计算机科学与技术,081200,计算机科学与技术学院（软件学院）,310,50,45,75,75,2025
同济大学,建筑学,081300,建筑与城市规划学院,315,50,50,80,90,2025
同济大学,市政工程,081403,环境科学与工程学院,300,50,45,75,85,2025
同济大学,供热、供燃气、通风及空调工程,081404,机械与能源工程学院,300,50,45,75,75,2025
同济大学,测绘科学与技术,081600,测绘与地理信息学院,310,50,50,80,80,2025
同济大学,地质资源与地质工程,081800,土木工程学院,300,50,45,75,75,2025
同济大学,交通运输工程,082300,交通学院,300,50,45,75,90,2025
同济大学,城市交通,0823J1,交通学院,300,50,45,75,90,2025
同济大学,航空宇航科学与技术,082500,航空航天与力学学院,300,50,45,75,85,2025
同济大学,环境科学,083001,环境科学与工程学院,300,50,45,75,85,2025
同济大学,环境工程,083002,环境科学与工程学院,300,50,45,75,85,2025
同济大学,城乡规划学,083300,建筑与城市规划学院,320,50,50,90,90,2025
同济大学,软件工程,083500,计算机科学与技术学院（软件学院）,310,50,45,75,75,2025
同济大学,建筑,085100,建筑与城市规划学院,315,50,50,80,90,2025
同济大学,城乡规划,085300,建筑与城市规划学院,320,50,50,90,90,2025
同济大学,电子信息,085400,工程类专业学位研究生教育管理中心,260,34,34,51,51,2025
同济大学,电子信息,085400,电子与信息工程学院,335,55,50,90,100,2025
同济大学,电子信息,085400,电子与信息工程学院,310,55,50,85,100,2025
同济大学,电子信息,085400,电子与信息工程学院,310,55,50,85,100,2025
同济大学,电子信息,085400,电子与信息工程学院,325,50,50,80,80,2025
同济大学,电子信息,085400,电子与信息工程学院,325,50,50,80,80,2025
同济大学,电子信息,085400,电子与信息工程学院,300,55,45,75,85,2025
同济大学,电子信息,085400,电子与信息工程学院,300,55,45,75,85,2025
同济大学,电子信息,085400,物理科学与工程学院,300,50,45,75,75,2025
同济大学,电子信息,085400,计算机科学与技术学院（软件学院）,305,50,45,75,75,2025
同济大学,机械,085500,工程类专业学位研究生教育管理中心,260,34,34,51,51,2025
同济大学,机械,085500,航空航天与力学学院,300,50,45,75,85,2025
同济大学,机械,085500,机械与能源工程学院,310,50,45,80,80,2025
同济大学,机械,085500,汽车学院,320,50,45,75,80,2025
同济大学,机械,085500,设计创意学院,350,55,55,90,90,2025
同济大学,机械,085500,上海国际设计创新学院,350,55,55,90,90,2025
同济大学,机械,085500,工程类专业学位研究生教育管理中心,290,34,34,70,70,2025
同济大学,机械,085500,工程类专业学位研究生教育管理中心,260,34,34,51,51,2025
同济大学,机械,085500,工程类专业学位研究生教育管理中心,260,34,34,51,51,2025
同济大学,机械,085500,工程类专业学位研究生教育管理中心,260,34,34,51,51,2025
同济大学,机械,085500,工程类专业学位研究生教育管理中心,260,34,34,51,51,2025
同济大学,机械,085500,工程类专业学位研究生教育管理中心,260,34,34,51,51,2025
同济大学,材料与化工,085600,工程类专业学位研究生教育管理中心,260,34,34,51,51,2025
同济大学,材料与化工,085600,材料科学与工程学院,310,50,45,75,75,2025
同济大学,材料与化工,085600,化学科学与工程学院,300,50,45,75,75,2025
同济大学,资源与环境,085700,工程类专业学位研究生教育管理中心,260,34,34,51,51,2025
同济大学,资源与环境,085700,环境科学与工程学院,300,50,45,75,75,2025
同济大学,资源与环境,085700,土木工程学院,300,50,45,75,75,2025
同济大学,资源与环境,085700,海洋与地球科学学院,300,50,45,80,75,2025
同济大学,测绘工程,085704,测绘与地理信息学院,310,50,50,80,80,2025
同济大学,能源动力,085800,工程类专业学位研究生教育管理中心,260,34,34,51,51,2025
同济大学,能源动力,085800,机械与能源工程学院,300,50,45,75,75,2025
同济大学,能源动力,085800,汽车学院,320,50,45,75,80,2025
同济大学,能源动力,085800,汽车学院,320,50,45,75,80,2025
同济大学,电气工程,085801,工程类专业学位研究生教育管理中心,260,34,34,51,51,2025
同济大学,电气工程,085801,电子与信息工程学院,335,55,50,85,90,2025
同济大学,土木水利,085900,工程类专业学位研究生教育管理中心,260,34,34,51,51,2025
同济大学,土木水利,085900,机械与能源工程学院,300,50,45,75,75,2025
同济大学,土木水利,085900,土木工程学院,300,50,45,75,75,2025
同济大学,市政工程（含给排水等）,085905,环境科学与工程学院,300,50,45,75,75,2025
同济大学,生物与医药,086000,医学院,300,50,50,75,75,2025
同济大学,交通运输,086100,工程类专业学位研究生教育管理中心,260,34,34,51,51,2025
同济大学,交通运输,086100,交通学院,300,50,45,75,90,2025
同济大学,交通运输,086100,汽车学院,320,50,45,75,80,2025
同济大学,风景园林,086200,工程类专业学位研究生教育管理中心,260,34,34,51,51,2025
同济大学,风景园林,086200,建筑与城市规划学院,310,50,45,90,90,2025
同济大学,设计学,087200,设计创意学院,350,55,55,90,90,2025
同济大学,智能电动车辆,089902,汽车学院,320,50,45,75,80,2025
同济大学,建筑,0851,不区分院系,300,50,45,75,75,2025
同济大学,城乡规划,0853,不区分院系,300,50,45,75,75,2025
同济大学,电子信息,0854,不区分院系,300,50,45,75,75,2025
同济大学,机械,0855,不区分院系,300,50,45,75,75,2025
同济大学,材料与化工,0856,不区分院系,300,50,45,75,75,2025
同济大学,资源与环境,0857,不区分院系,300,50,45,75,75,2025
同济大学,能源动力,0858,不区分院系,300,50,45,75,75,2025
同济大学,土木水利,0859,不区分院系,300,50,45,75,75,2025
同济大学,生物与医药,0860,不区分院系,300,50,45,75,75,2025
同济大学,交通运输,0861,不区分院系,300,50,45,75,75,2025
同济大学,风景园林,0862,不区分院系,300,50,45,75,75,2025
同济大学,工学（不含工学照顾专业）,08,不区分院系,300,50,45,75,75,2025
同济大学,基础医学,100100,医学院,315,50,50,180,0,2025
同济大学,临床医学,100200,医学院,330,50,55,190,0,2025
同济大学,口腔基础医学,100301,口腔医学院,320,50,55,180,0,2025
同济大学,口腔临床医学,100302,口腔医学院,320,50,55,180,0,2025
同济大学,公共卫生与预防医学,100400,医学院,315,50,50,180,0,2025
同济大学,药学,100700,医学院,320,50,50,180,0,2025
同济大学,口腔医学,105200,口腔医学院,330,50,50,190,0,2025
同济大学,护理,105400,医学院,293,36,36,180,0,2025
同济大学,临床医学,1051,不区分院系,355,50,55,190,0,2025
同济大学,口腔医学,1052,不区分院系,330,50,50,190,0,2025
同济大学,护理,1054,不区分院系,293,36,36,150,0,2025
同济大学,医学（不含中医类照顾专业）,10,不区分院系,315,50,50,180,0,2025
同济大学,管理科学与工程,120100,经济与管理学院,355,55,55,90,90,2025
同济大学,管理科学与工程,120100,经济与管理学院,340,55,55,90,90,2025
同济大学,管理科学与工程,120100,经济与管理学院,340,55,55,90,90,2025
同济大学,会计学,120201,经济与管理学院,355,55,55,90,90,2025
同济大学,企业管理,120202,经济与管理学院,340,55,55,90,90,2025
同济大学,技术经济及管理,120204,经济与管理学院,335,55,55,90,90,2025
同济大学,公共管理学,120400,经济与管理学院,340,55,55,90,90,2025
同济大学,工商管理,125100,经济与管理学院,151,0,35,70,0,2025
同济大学,公共管理,125200,经济与管理学院,164,0,38,76,0,2025
同济大学,会计,125300,经济与管理学院,194,0,48,96,0,2025
同济大学,工程管理,125601,经济与管理学院,162,0,38,76,0,2025
同济大学,项目管理,125602,经济与管理学院,162,0,38,76,0,2025
同济大学,工业工程与管理,125603,经济与管理学院,190,0,50,120,0,2025
同济大学,知识产权学,129901,上海国际知识产权学院,335,50,50,90,90,2025
同济大学,工程管理,1256,不区分院系,162,0,38,76,0,2025
同济大学,管理学,12,不区分院系,335,50,50,90,90,2025
同济大学,戏剧与影视,135400,艺术与传媒学院,351,45,45,100,100,2025
同济大学,戏剧与影视,135400,人文学院,351,45,45,90,90,2025
同济大学,设计,135700,艺术与传媒学院,370,55,55,100,100,2025
同济大学,设计,135700,人文学院,351,45,45,100,100,2025
同济大学,设计,135700,设计创意学院,351,55,55,90,90,2025
同济大学,设计,135700,上海国际设计创新学院,351,55,55,90,90,2025
同济大学,戏剧与影视,1354,不区分院系,351,45,45,90,90,2025
同济大学,设计,1357,不区分院系,351,45,45,90,90,2025
同济大学,设计学,140300,艺术与传媒学院,370,55,55,100,100,2025
同济大学,设计学,140300,人文学院,390,55,55,115,115,2025
同济大学,设计学,140300,设计创意学院,350,55,55,90,90,2025
同济大学,设计学,140300,上海国际设计创新学院,350,55,55,90,90,2025
同济大学,交叉学科,14,不区分院系,350,50,50,90,90,2025
同济大学,哲学,010100,人文学院,380,60,60,110,110,2026
同济大学,哲学,01,不区分院系,380,60,60,110,110,2026
同济大学,金融,025100,经济与管理学院,324,40,40,60,60,2026
同济大学,金融,025100,经济与管理学院,324,40,40,60,60,2026
同济大学,金融,025100,经济与管理学院,385,60,60,90,90,2026
同济大学,金融,025100,经济与管理学院,324,40,40,60,60,2026
同济大学,金融,025100,经济与管理学院,385,60,60,90,90,2026
同济大学,应用统计,025200,数学科学学院,396,60,60,90,90,2026
同济大学,应用统计,025200,数学科学学院,396,60,60,90,90,2026
同济大学,应用统计,025200,数学科学学院,324,40,40,60,60,2026
同济大学,应用统计,025200,数学科学学院,324,40,40,60,60,2026
同济大学,金融,0251,不区分院系,324,40,40,60,60,2026
同济大学,应用统计,0252,不区分院系,324,40,40,60,60,2026
同济大学,法学,030100,法学院,384,60,60,90,90,2026
同济大学,政治学,030200,政治与国际关系学院,360,60,60,95,95,2026
同济大学,政治学理论,030201,政治与国际关系学院,360,60,60,95,95,2026
同济大学,国际关系,030207,政治与国际关系学院,360,60,60,95,95,2026
同济大学,外交学,030208,政治与国际关系学院,360,60,60,95,95,2026
同济大学,马克思主义理论,030500,马克思主义学院,345,60,60,90,90,2026
同济大学,法律（非法学）,035101,法学院,321,40,40,60,60,2026
同济大学,法律（法学）,035102,法学院,321,40,40,60,60,2026
同济大学,知识产权,035400,上海国际知识产权学院,350,55,55,100,100,2026
同济大学,知识产权学,039901,上海国际知识产权学院,350,55,55,100,100,2026
同济大学,知识产权,0354,不区分院系,321,40,40,60,60,2026
同济大学,法学,03,不区分院系,345,50,50,90,90,2026
同济大学,教育学,040100,职业技术教育学院,360,50,50,180,0,2026
同济大学,教育,045100,职业技术教育学院,347,48,48,72,72,2026
同济大学,体育,045200,国际足球学院,350,55,60,210,0,2026
同济大学,体育,045200,国际足球学院,350,55,60,210,0,2026
同济大学,体育,045200,国际足球学院,350,55,60,210,0,2026
同济大学,体育,045200,国际足球学院,310,38,38,114,0,2026
同济大学,体育,045200,国际足球学院,310,38,38,114,0,2026
同济大学,体育,045200,国际足球学院,310,38,38,114,0,2026
同济大学,国际中文教育,045300,国际文化交流学院,347,48,48,90,90,2026
同济大学,应用心理,045400,人文学院,375,60,60,220,0,2026
同济大学,教育,0451,不区分院系,347,48,48,72,72,2026
同济大学,体育,0452,不区分院系,310,38,38,114,0,2026
同济大学,国际中文教育,0453,不区分院系,347,48,48,72,72,2026
同济大学,应用心理,0454,不区分院系,375,50,50,180,0,2026
同济大学,教育学,04,不区分院系,350,50,50,180,0,2026
同济大学,中国语言文学,050100,人文学院,390,60,60,110,110,2026
同济大学,外国语言文学,050200,外国语学院,360,50,60,90,90,2026
同济大学,英语语言文学,050201,外国语学院,360,50,60,90,90,2026
同济大学,德语语言文学,050204,外国语学院,360,50,60,90,90,2026
同济大学,日语语言文学,050205,外国语学院,360,50,60,90,90,2026
同济大学,外国语言学及应用语言学,050211,外国语学院,355,50,60,90,90,2026
同济大学,英语笔译,055101,外国语学院,375,50,60,90,90,2026
同济大学,英语口译,055102,外国语学院,375,50,60,90,90,2026
同济大学,德语笔译,055109,外国语学院,395,50,60,90,90,2026
同济大学,新闻与传播,055200,艺术与传媒学院,385,55,55,105,105,2026
同济大学,新闻与传播,055200,艺术与传媒学院,385,55,55,105,105,2026
同济大学,新闻与传播,055200,艺术与传媒学院,385,55,55,105,105,2026
同济大学,新闻与传播,055200,艺术与传媒学院,385,55,55,105,105,2026
同济大学,新闻与传播,055200,艺术与传媒学院,354,55,55,105,105,2026
同济大学,翻译,0551,不区分院系,375,50,60,90,90,2026
同济大学,新闻与传播,0552,不区分院系,354,48,48,72,72,2026
同济大学,文学,05,不区分院系,355,50,50,90,90,2026
同济大学,物理学,070200,物理科学与工程学院,315,50,50,90,90,2026
同济大学,化学,070300,化学科学与工程学院,320,50,50,75,75,2026
同济大学,海洋科学,070700,海洋与地球科学学院,330,50,50,80,90,2026
同济大学,地球物理学,070800,海洋与地球科学学院,330,50,50,80,90,2026
同济大学,生物学,071000,生命科学与技术学院,350,55,55,100,100,2026
同济大学,生物学,071000,生命科学与技术学院,350,55,55,100,100,2026
同济大学,生物学,071000,生命科学与技术学院,350,55,55,100,100,2026
同济大学,生物学,071000,生命科学与技术学院,330,55,55,90,90,2026
同济大学,生物学,071000,生命科学与技术学院,350,55,55,100,100,2026
同济大学,生物学,071000,生命科学与技术学院,350,55,55,100,100,2026
同济大学,生物医学工程,077700,医学院,315,50,50,75,75,2026
同济大学,基础医学,077800,医学院,315,50,50,75,75,2026
同济大学,教育技术学,078401,物理科学与工程学院,315,50,50,90,90,2026
同济大学,理学,07,不区分院系,315,50,50,75,75,2026
同济大学,力学,080100,航空航天与力学学院,340,50,50,80,85,2026
同济大学,机械工程,080200,机械与能源工程学院,345,55,55,85,90,2026
同济大学,机械制造及其自动化,080201,机械与能源工程学院,345,55,55,85,90,2026
同济大学,车辆工程,080204,汽车学院,360,50,50,80,80,2026
同济大学,车辆工程,080204,汽车学院,360,50,50,80,80,2026
同济大学,车辆工程,080204,交通学院,315,50,50,75,75,2026
同济大学,材料科学与工程,080500,材料科学与工程学院,345,50,50,90,90,2026
同济大学,动力工程及工程热物理,080700,机械与能源工程学院,340,50,50,80,80,2026
同济大学,动力机械及工程,080703,汽车学院,360,50,50,80,80,2026
同济大学,电气工程,080800,电子与信息工程学院,330,50,50,90,90,2026
同济大学,信息与通信工程,081000,电子与信息工程学院,360,50,50,90,95,2026
同济大学,信号与信息处理,081002,电子与信息工程学院,360,50,50,90,95,2026
同济大学,控制科学与工程,081100,电子与信息工程学院,365,55,55,100,100,2026
同济大学,控制理论与控制工程,081101,电子与信息工程学院,365,55,55,100,100,2026
同济大学,计算机科学与技术,081200,计算机科学与技术学院（软件学院）,340,55,55,90,90,2026
同济大学,建筑学,081300,建筑与城市规划学院,320,50,50,90,90,2026
同济大学,市政工程,081403,环境科学与工程学院,330,50,55,85,90,2026
同济大学,供热、供燃气、通风及空调工程,081404,建筑与城市规划学院,315,50,50,75,75,2026
同济大学,测绘科学与技术,081600,测绘与地理信息学院,350,50,50,90,90,2026
同济大学,交通运输工程,082300,交通学院,315,50,50,75,75,2026
同济大学,城市交通,0823J1,交通学院,315,50,50,75,75,2026
同济大学,航空宇航科学与技术,082500,航空航天与力学学院,330,50,50,80,85,2026
同济大学,环境科学,083001,环境科学与工程学院,320,50,55,85,90,2026
同济大学,环境工程,083002,环境科学与工程学院,330,50,55,85,90,2026
同济大学,城乡规划学,083300,建筑与城市规划学院,315,50,50,85,85,2026
同济大学,建筑,085100,建筑与城市规划学院,330,50,50,90,90,2026
同济大学,城乡规划,085300,建筑与城市规划学院,315,50,50,85,85,2026
同济大学,电子信息,085400,工程类专业学位研究生教育管理中心,264,35,35,53,53,2026
同济大学,电子信息,085400,电子与信息工程学院,325,50,50,90,100,2026
同济大学,电子信息,085400,电子与信息工程学院,360,50,50,90,95,2026
同济大学,电子信息,085400,电子与信息工程学院,360,50,50,90,95,2026
同济大学,电子信息,085400,电子与信息工程学院,365,55,55,100,100,2026
同济大学,电子信息,085400,电子与信息工程学院,365,55,55,100,100,2026
同济大学,电子信息,085400,电子与信息工程学院,330,50,50,90,90,2026
同济大学,电子信息,085400,电子与信息工程学院,330,50,50,90,90,2026
同济大学,电子信息,085400,物理科学与工程学院,315,50,50,90,90,2026
同济大学,计算机技术,085404,工程类专业学位研究生教育管理中心,264,35,35,53,53,2026
同济大学,计算机技术,085404,计算机科学与技术学院（软件学院）,340,55,55,90,90,2026
同济大学,软件工程,085405,工程类专业学位研究生教育管理中心,264,35,35,53,53,2026
同济大学,软件工程,085405,计算机科学与技术学院（软件学院）,340,55,55,90,90,2026
同济大学,机械,085500,机械与能源工程学院,345,55,55,85,90,2026
同济大学,机械,085500,航空航天与力学学院,330,50,50,80,85,2026
同济大学,机械,085500,汽车学院,360,50,50,80,80,2026
同济大学,机械,085500,汽车学院,360,50,50,80,80,2026
同济大学,机械,085500,设计创意学院,365,50,50,90,90,2026
同济大学,机械,085500,工程类专业学位研究生教育管理中心,280,35,35,60,60,2026
同济大学,机械,085500,工程类专业学位研究生教育管理中心,264,35,35,53,53,2026
同济大学,机械,085500,工程类专业学位研究生教育管理中心,264,35,35,53,53,2026
同济大学,机械,085500,工程类专业学位研究生教育管理中心,264,35,35,53,53,2026
同济大学,机械,085500,工程类专业学位研究生教育管理中心,264,35,35,53,53,2026
同济大学,机械,085500,工程类专业学位研究生教育管理中心,264,35,35,53,53,2026
同济大学,机械,085500,工程类专业学位研究生教育管理中心,264,35,35,53,53,2026
同济大学,机械,085500,工程类专业学位研究生教育管理中心,264,35,35,53,53,2026
同济大学,材料与化工,085600,工程类专业学位研究生教育管理中心,264,35,35,53,53,2026
同济大学,材料与化工,085600,材料科学与工程学院,345,50,50,90,90,2026
同济大学,材料与化工,085600,化学科学与工程学院,320,50,50,75,75,2026
同济大学,资源与环境,085700,工程类专业学位研究生教育管理中心,264,35,35,53,53,2026
同济大学,资源与环境,085700,环境科学与工程学院,315,50,55,85,90,2026
同济大学,资源与环境,085700,海洋与地球科学学院,330,50,50,80,90,2026
同济大学,测绘工程,085704,测绘与地理信息学院,350,50,50,90,90,2026
同济大学,能源动力,085800,工程类专业学位研究生教育管理中心,264,35,35,53,53,2026
同济大学,能源动力,085800,机械与能源工程学院,340,50,50,80,80,2026
同济大学,能源动力,085800,汽车学院,360,50,50,80,80,2026
同济大学,电气工程,085801,工程类专业学位研究生教育管理中心,264,35,35,53,53,2026
同济大学,电气工程,085801,电子与信息工程学院,330,50,50,90,90,2026
同济大学,土木水利,085900,工程类专业学位研究生教育管理中心,264,35,35,53,53,2026
同济大学,土木水利,085900,建筑与城市规划学院,315,50,50,75,75,2026
同济大学,市政工程（含给排水等）,085905,环境科学与工程学院,315,50,55,85,90,2026
同济大学,生物与医药,086000,医学院,315,50,50,75,75,2026
同济大学,交通运输,086100,工程类专业学位研究生教育管理中心,264,35,35,53,53,2026
同济大学,交通运输,086100,汽车学院,360,50,50,80,80,2026
同济大学,交通运输,086100,交通学院,315,50,50,75,75,2026
同济大学,风景园林,086200,工程类专业学位研究生教育管理中心,264,35,35,53,53,2026
同济大学,风景园林,086200,建筑与城市规划学院,325,50,50,90,90,2026
同济大学,设计学,087200,设计创意学院,365,50,50,90,90,2026
同济大学,智能电动车辆,089902,汽车学院,360,50,50,80,80,2026
同济大学,光电科学与技术,089903,物理科学与工程学院,315,50,50,90,90,2026
同济大学,低空技术与工程,089904,交通学院,315,50,50,75,75,2026
同济大学,建筑,0851,不区分院系,315,50,50,75,75,2026
同济大学,城乡规划,0853,不区分院系,315,50,50,75,75,2026
同济大学,电子信息,0854,不区分院系,315,50,50,75,75,2026
同济大学,机械,0855,不区分院系,315,50,50,75,75,2026
同济大学,材料与化工,0856,不区分院系,315,50,50,75,75,2026
同济大学,资源与环境,0857,不区分院系,315,50,50,75,75,2026
同济大学,能源动力,0858,不区分院系,315,50,50,75,75,2026
同济大学,土木水利,0859,不区分院系,315,50,50,75,75,2026
同济大学,生物与医药,0860,不区分院系,315,50,50,75,75,2026
同济大学,交通运输,0861,不区分院系,315,50,50,75,75,2026
同济大学,风景园林,0862,不区分院系,315,50,50,75,75,2026
同济大学,工学（不含工学照顾专业）,08,不区分院系,315,50,50,75,75,2026
同济大学,基础医学,100100,医学院,315,50,50,180,0,2026
同济大学,临床医学,100200,医学院,345,55,55,190,0,2026
同济大学,口腔基础医学,100301,口腔医学院,330,50,55,180,0,2026
同济大学,口腔临床医学,100302,口腔医学院,330,50,55,180,0,2026
同济大学,公共卫生与预防医学,100400,医学院,315,50,50,180,0,2026
同济大学,药学,100700,医学院,370,55,55,180,0,2026
同济大学,口腔医学,105200,口腔医学院,330,50,55,180,0,2026
同济大学,护理,105400,医学院,294,36,36,150,0,2026
同济大学,临床医学,1051,不区分院系,365,55,55,190,0,2026
同济大学,口腔医学,1052,不区分院系,330,50,50,180,0,2026
同济大学,护理,1054,不区分院系,294,36,36,150,0,2026
同济大学,医学,10,不区分院系,315,50,50,180,0,2026
同济大学,管理科学与工程,120100,经济与管理学院,365,55,55,90,90,2026
同济大学,管理科学与工程,120100,经济与管理学院,345,50,50,85,85,2026
同济大学,管理科学与工程,120100,经济与管理学院,345,50,50,85,85,2026
同济大学,公共管理学,120400,经济与管理学院,335,50,50,85,85,2026
同济大学,工商管理,125100,经济与管理学院,146,0,35,70,0,2026
同济大学,公共管理,125200,经济与管理学院,168,0,39,78,0,2026
同济大学,会计,125300,经济与管理学院,252,0,60,120,0,2026
同济大学,会计,125300,经济与管理学院,252,0,60,120,0,2026
同济大学,会计,125300,经济与管理学院,199,0,51,102,0,2026
同济大学,会计,125300,经济与管理学院,199,0,51,102,0,2026
同济大学,会计,125300,经济与管理学院,199,0,51,102,0,2026
同济大学,会计,125300,经济与管理学院,252,0,60,120,0,2026
同济大学,工程管理,125601,经济与管理学院,166,0,39,78,0,2026
同济大学,项目管理,125602,经济与管理学院,166,0,39,78,0,2026
同济大学,工业工程与管理,125603,经济与管理学院,247,0,60,120,0,2026
同济大学,知识产权学,129901,上海国际知识产权学院,350,55,55,100,100,2026
同济大学,工商管理,1251,不区分院系,146,0,35,70,0,2026
同济大学,公共管理,1252,不区分院系,168,0,39,78,0,2026
同济大学,会计,1253,不区分院系,199,0,51,102,0,2026
同济大学,工程管理,1256,不区分院系,166,0,39,78,0,2026
同济大学,管理学,12,不区分院系,335,50,50,85,85,2026
同济大学,戏剧与影视,135400,艺术与传媒学院,375,55,55,105,105,2026
同济大学,戏剧与影视,135400,艺术与传媒学院,375,55,55,105,105,2026
同济大学,戏剧与影视,135400,艺术与传媒学院,375,55,55,105,105,2026
同济大学,戏剧与影视,135400,艺术与传媒学院,375,55,55,105,105,2026
同济大学,戏剧与影视,135400,艺术与传媒学院,365,55,55,105,105,2026
同济大学,戏剧与影视,135400,人文学院,354,38,38,57,57,2026
同济大学,设计,135700,人文学院,354,38,38,57,57,2026
同济大学,设计,135700,设计创意学院,365,50,50,90,90,2026
同济大学,戏剧与影视,1354,不区分院系,354,38,38,57,57,2026
同济大学,设计,1357,不区分院系,354,38,38,57,57,2026
同济大学,集成电路科学与工程,140100,电子与信息工程学院,325,50,50,90,100,2026
同济大学,设计学,140300,人文学院,400,65,65,110,110,2026
同济大学,设计学,140300,设计创意学院,345,50,50,90,90,2026
同济大学,区域国别学,140700,外国语学院,335,50,50,90,90,2026
同济大学,交叉学科,14,不区分院系,315,50,50,75,75,2026
北京师范大学,哲学,010100,哲学学院,350,55,55,90,90,2023
北京师范大学,哲学,01,不区分院系,350,55,55,90,90,2023
北京师范大学,理论经济学,020100,经济与工商管理学院,336,50,50,90,90,2023
北京师范大学,理论经济学,020100,经济与资源管理研究院,336,50,50,90,90,2023
北京师范大学,人口、资源与环境经济学,020106,环境学院,336,50,50,90,90,2023
北京师范大学,应用经济学,020200,经济与工商管理学院,336,50,50,90,90,2023
北京师范大学,应用经济学,020200,经济与资源管理研究院,336,50,50,90,90,2023
北京师范大学,金融,025100,湾区国际商学院,381,60,60,90,90,2023
北京师范大学,应用统计,025200,统计学院,390,50,50,90,90,2023
北京师范大学,国际商务,025400,湾区国际商学院,375,55,55,90,90,2023
北京师范大学,金融,0251,不区分院系,381,60,60,90,90,2023
北京师范大学,应用统计,0252,不区分院系,390,50,50,90,90,2023
北京师范大学,国际商务,0254,不区分院系,375,55,55,90,90,2023
北京师范大学,经济学,02,不区分院系,336,50,50,90,90,2023
北京师范大学,法学理论,030101,法学院,341,50,50,90,90,2023
北京师范大学,宪法学与行政法学,030103,法学院,341,50,50,90,90,2023
北京师范大学,刑法学,030104,法学院,391,50,50,90,90,2023
北京师范大学,民商法学,030105,法学院,341,50,50,90,90,2023
北京师范大学,诉讼法学,030106,法学院,341,50,50,90,90,2023
北京师范大学,诉讼法学,030106,法学院,383,50,50,90,90,2023
北京师范大学,经济法学,030107,法学院,341,50,50,90,90,2023
北京师范大学,国际法学,030109,法学院,341,50,50,90,90,2023
北京师范大学,社会学,030300,社会学院,353,55,55,90,90,2023
北京师范大学,马克思主义基本原理,030501,马克思主义学院,363,50,50,90,90,2023
北京师范大学,马克思主义发展史,030502,马克思主义学院,359,50,50,90,90,2023
北京师范大学,马克思主义中国化研究,030503,马克思主义学院,358,50,50,90,90,2023
北京师范大学,思想政治教育,030505,马克思主义学院,366,50,50,90,90,2023
北京师范大学,党的建设,0305Z1,马克思主义学院,340,50,50,90,90,2023
北京师范大学,党的历史与理论,0305Z2,马克思主义学院,340,50,50,90,90,2023
北京师范大学,法律（非法学）,035101,不区分院系,340,50,50,90,90,2023
北京师范大学,法律（非法学）,035101,法学院,340,50,50,90,90,2023
北京师范大学,法律（法学）,035102,不区分院系,340,50,50,90,90,2023
北京师范大学,法律（法学）,035102,法学院,356,55,55,90,90,2023
北京师范大学,社会工作,035200,社会学院,370,50,50,90,90,2023
北京师范大学,社会工作,035200,社会发展与公共政策学院,370,50,50,90,90,2023
北京师范大学,社会工作,0352,不区分院系,370,50,50,90,90,2023
北京师范大学,法学,03,不区分院系,340,50,50,90,90,2023
北京师范大学,教育学,040100,中国基础教育质量监测协同创新中心,340,51,51,180,0,2023
北京师范大学,教育学原理,040101,教育学部,351,51,51,180,0,2023
北京师范大学,课程与教学论,040102,地理科学学部,340,51,51,180,0,2023
北京师范大学,课程与教学论,040102,心理学部,340,51,51,180,0,2023
北京师范大学,课程与教学论,040102,哲学学院,340,51,51,180,0,2023
北京师范大学,课程与教学论,040102,教育学部,340,51,51,180,0,2023
北京师范大学,课程与教学论,040102,文学院,368,55,55,180,0,2023
北京师范大学,课程与教学论,040102,历史学院,340,51,51,180,0,2023
北京师范大学,课程与教学论,040102,数学科学学院,340,51,51,180,0,2023
北京师范大学,课程与教学论,040102,物理学系,340,51,51,180,0,2023
北京师范大学,课程与教学论,040102,化学学院,345,55,55,200,0,2023
北京师范大学,课程与教学论,040102,生命科学学院,340,51,51,180,0,2023
北京师范大学,教育史,040103,教育学部,340,51,51,180,0,2023
北京师范大学,比较教育学,040104,教育学部,347,51,51,180,0,2023
北京师范大学,学前教育学,040105,教育学部,345,51,51,180,0,2023
北京师范大学,高等教育学,040106,教育学部,340,51,51,180,0,2023
北京师范大学,成人教育学,040107,教育学部,340,51,51,180,0,2023
北京师范大学,职业技术教育学,040108,教育学部,340,51,51,180,0,2023
北京师范大学,特殊教育学,040109,教育学部,340,51,51,180,0,2023
北京师范大学,教师教育,0401Z1,教育学部,340,51,51,180,0,2023
北京师范大学,远程教育,0401Z2,教育学部,341,51,51,180,0,2023
北京师范大学,心理学,040200,心理学部,373,60,60,200,0,2023
北京师范大学,心理学,040200,中国基础教育质量监测协同创新中心,340,51,51,180,0,2023
北京师范大学,体育人文社会学,040301,体育与运动学院,330,50,50,180,0,2023
北京师范大学,运动人体科学,040302,体育与运动学院,330,50,50,180,0,2023
北京师范大学,体育教育训练学,040303,体育与运动学院,330,45,45,180,0,2023
北京师范大学,民族传统体育学,040304,体育与运动学院,330,45,45,180,0,2023
北京师范大学,教育管理,045101,教育学部,356,51,51,90,90,2023
北京师范大学,学科教学（思政）,045102,马克思主义学院,384,51,51,90,90,2023
北京师范大学,学科教学（语文）,045103,教育学部,375,51,51,90,90,2023
北京师范大学,学科教学（语文）,045103,教育学部,359,51,51,90,90,2023
北京师范大学,学科教学（语文）,045103,文学院,359,55,55,90,90,2023
北京师范大学,学科教学（数学）,045104,教育学部,368,51,51,90,90,2023
北京师范大学,学科教学（数学）,045104,数学科学学院,350,51,51,90,90,2023
北京师范大学,学科教学（物理）,045105,教育学部,352,51,51,90,90,2023
北京师范大学,学科教学（化学）,045106,教育学部,375,51,51,90,90,2023
北京师范大学,学科教学（生物）,045107,教育学部,378,51,51,90,90,2023
北京师范大学,学科教学（英语）,045108,教育学部,378,51,51,90,90,2023
北京师范大学,学科教学（英语）,045108,外国语言文学学院,360,55,75,95,95,2023
北京师范大学,学科教学（地理）,045110,教育学部,353,51,51,90,90,2023
北京师范大学,小学教育,045115,教育学部,362,51,51,90,90,2023
北京师范大学,心理健康教育,045116,教育学部,362,51,51,90,90,2023
北京师范大学,科学与技术教育,045117,教育学部,368,51,51,90,90,2023
北京师范大学,学前教育,045118,教育学部,360,51,51,90,90,2023
北京师范大学,特殊教育,045119,教育学部,350,51,51,90,90,2023
北京师范大学,体育教学,045201,体育与运动学院,335,50,50,180,0,2023
北京师范大学,汉语国际教育,045300,国际中文教育学院,330,50,50,80,90,2023
北京师范大学,应用心理,045400,心理学部,370,53,53,180,0,2023
北京师范大学,应用心理,045400,心理学部,370,53,53,180,0,2023
北京师范大学,应用心理,045400,心理学部,365,53,53,180,0,2023
北京师范大学,应用心理,045400,心理学部,350,51,51,180,0,2023
北京师范大学,应用心理,045400,心理学部,370,53,53,180,0,2023
北京师范大学,应用心理,045400,心理学部,350,51,51,180,0,2023
北京师范大学,应用心理,045400,心理学部,350,51,51,180,0,2023
北京师范大学,教育经济与管理,047101,教育学部,340,51,51,180,0,2023
北京师范大学,体育学,0403,不区分院系,330,45,45,180,0,2023
北京师范大学,教育,0451,不区分院系,350,51,51,90,90,2023
北京师范大学,体育,0452,不区分院系,335,50,50,180,0,2023
北京师范大学,汉语国际教育,0453,不区分院系,330,50,50,80,90,2023
北京师范大学,应用心理,0454,不区分院系,350,51,51,180,0,2023
北京师范大学,教育学（不含体育学）,04,不区分院系,340,51,51,180,0,2023
北京师范大学,文艺学,050101,文学院,367,55,55,90,90,2023
北京师范大学,语言学及应用语言学,050102,国际中文教育学院,363,55,55,90,90,2023
北京师范大学,语言学及应用语言学,050102,文学院,363,55,55,90,90,2023
北京师范大学,汉语言文字学,050103,国际中文教育学院,363,55,55,90,90,2023
北京师范大学,汉语言文字学,050103,文学院,363,55,55,90,90,2023
北京师范大学,中国古典文献学,050104,文学院,363,55,55,90,90,2023
北京师范大学,中国古代文学,050105,文学院,367,55,55,90,90,2023
北京师范大学,中国现当代文学,050106,文学院,380,55,55,90,90,2023
北京师范大学,中国现当代文学,050106,文学院,392,55,55,90,90,2023
北京师范大学,中国现当代文学,050106,文学院,380,55,55,90,90,2023
北京师范大学,比较文学与世界文学,050108,文学院,380,55,55,90,90,2023
北京师范大学,中国民间文学,0501Z1,文学院,363,55,55,90,90,2023
北京师范大学,儿童文学,0501Z2,文学院,363,55,55,90,90,2023
北京师范大学,英语语言文学,050201,外国语言文学学院,363,55,55,90,90,2023
北京师范大学,俄语语言文学,050202,外国语言文学学院,363,55,55,90,90,2023
北京师范大学,日语语言文学,050205,外国语言文学学院,363,55,55,90,90,2023
北京师范大学,外国语言学及应用语言学,050211,外国语言文学学院,369,55,55,95,95,2023
北京师范大学,传播学,050302,新闻传播学院,395,60,60,90,90,2023
北京师范大学,英语笔译,055101,外国语言文学学院,363,55,65,90,90,2023
北京师范大学,新闻与传播,055200,新闻传播学院,390,60,60,90,90,2023
北京师范大学,翻译,0551,不区分院系,363,55,65,90,90,2023
北京师范大学,新闻与传播,0552,不区分院系,390,60,60,90,90,2023
北京师范大学,文学,05,不区分院系,363,55,55,90,90,2023
北京师范大学,考古学,060100,历史学院,336,50,50,180,0,2023
北京师范大学,中国史,060200,历史学院,336,50,50,180,0,2023
北京师范大学,世界史,060300,历史学院,336,50,50,180,0,2023
北京师范大学,历史学,06,不区分院系,336,50,50,180,0,2023
北京师范大学,基础数学,070101,数学科学学院,280,45,45,60,70,2023
北京师范大学,计算数学,070102,数学科学学院,280,45,45,60,70,2023
北京师范大学,概率论与数理统计,070103,数学科学学院,280,45,45,60,70,2023
北京师范大学,应用数学,070104,数学科学学院,280,45,45,60,70,2023
北京师范大学,理论物理,070201,物理学系,345,50,50,90,90,2023
北京师范大学,理论物理,070201,核科学与技术学院,280,45,45,60,70,2023
北京师范大学,粒子物理与原子核物理,070202,核科学与技术学院,280,45,45,60,70,2023
北京师范大学,凝聚态物理,070205,物理学系,375,50,50,90,90,2023
北京师范大学,凝聚态物理,070205,核科学与技术学院,280,45,45,60,70,2023
北京师范大学,光学,070207,物理学系,370,50,50,90,90,2023
北京师范大学,化学,070300,化学学院,355,50,50,90,90,2023
北京师范大学,天文学,070400,天文系,280,45,45,70,70,2023
北京师范大学,自然地理学,070501,地理科学学部,310,50,50,80,90,2023
北京师范大学,人文地理学,070502,地理科学学部,315,45,45,70,90,2023
北京师范大学,地图学与地理信息系统,070503,地理科学学部,320,50,50,100,100,2023
北京师范大学,自然资源,0705Z1,地理科学学部,300,50,50,85,110,2023
北京师范大学,全球环境变化,0705Z2,地理科学学部,280,45,45,60,70,2023
北京师范大学,全球环境变化,0705Z2,全球变化与地球系统科学研究院,292,45,45,90,90,2023
北京师范大学,自然灾害学,0705Z3,地理科学学部,290,45,45,60,70,2023
北京师范大学,生物学,071000,生命科学学院,360,50,50,90,90,2023
北京师范大学,系统科学,071100,系统科学学院,300,45,45,70,90,2023
北京师范大学,生态学,071300,生命科学学院,355,50,50,90,90,2023
北京师范大学,统计学,071400,统计学院,367,50,50,90,90,2023
北京师范大学,教育技术学,078401,教育学部,300,45,45,60,70,2023
北京师范大学,理学,07,不区分院系,280,45,45,60,70,2023
北京师范大学,计算机科学与技术,081200,人工智能学院,333,48,48,70,90,2023
北京师范大学,计算机软件与理论,081202,教育学部,300,45,45,70,90,2023
北京师范大学,计算机软件与理论,081202,数学科学学院,300,45,45,70,90,2023
北京师范大学,计算机应用技术,081203,心理学部,310,50,50,70,90,2023
北京师范大学,水利工程,081500,水科学研究院,308,45,45,70,90,2023
北京师范大学,水文学及水资源,081501,环境学院,300,45,45,80,90,2023
北京师范大学,水力学及河流动力学,081502,环境学院,300,45,45,80,90,2023
北京师范大学,核技术及应用,082703,核科学与技术学院,300,45,45,70,90,2023
北京师范大学,辐射防护及环境保护,082704,核科学与技术学院,300,45,45,70,90,2023
北京师范大学,环境科学与工程,083000,水科学研究院,305,45,45,70,90,2023
北京师范大学,环境科学,083001,环境学院,300,45,45,80,90,2023
北京师范大学,环境工程,083002,环境学院,300,45,45,80,90,2023
北京师范大学,工学（不含工学照顾专业）,08,不区分院系,300,45,45,70,90,2023
北京师范大学,工商管理,120200,经济与工商管理学院,360,50,50,90,90,2023
北京师范大学,公共管理,120400,政府管理学院,360,55,55,90,90,2023
北京师范大学,公共管理,120400,政府管理学院,360,55,55,90,90,2023
北京师范大学,公共管理,120400,政府管理学院,380,55,55,90,90,2023
北京师范大学,公共管理,120400,政府管理学院,360,55,55,90,90,2023
北京师范大学,公共管理,120400,社会发展与公共政策学院,392,50,50,90,90,2023
北京师范大学,图书情报与档案管理,120500,政府管理学院,380,50,50,90,90,2023
北京师范大学,图书情报与档案管理,120500,政府管理学院,360,50,50,90,90,2023
北京师范大学,图书情报与档案管理,120500,政府管理学院,360,50,50,90,90,2023
北京师范大学,工商管理,125100,湾区国际商学院,176,0,41,82,0,2023
北京师范大学,工商管理,125100,经济与工商管理学院,176,0,41,82,0,2023
北京师范大学,公共管理,125200,政府管理学院,182,0,55,90,0,2023
北京师范大学,会计,125300,湾区国际商学院,247,0,60,120,0,2023
北京师范大学,工商管理,1251,不区分院系,176,0,41,82,0,2023
北京师范大学,公共管理,1252,不区分院系,182,0,55,90,0,2023
北京师范大学,会计,1253,不区分院系,247,0,60,120,0,2023
北京师范大学,管理学,12,不区分院系,360,50,50,90,90,2023
北京师范大学,艺术学理论,130100,艺术与传媒学院,414,45,45,90,90,2023
北京师范大学,音乐与舞蹈学,130200,艺术与传媒学院,385,45,45,90,90,2023
北京师范大学,音乐与舞蹈学,130200,艺术与传媒学院,370,45,45,90,90,2023
北京师范大学,戏剧与影视学,130300,艺术与传媒学院,385,45,45,90,90,2023
北京师范大学,美术学,130400,艺术与传媒学院,364,45,45,90,90,2023
北京师范大学,音乐,135101,艺术与传媒学院,377,45,45,90,90,2023
北京师范大学,电影,135104,艺术与传媒学院,402,45,45,90,90,2023
北京师范大学,电影,135104,艺术与传媒学院,402,45,45,90,90,2023
北京师范大学,电影,135104,艺术与传媒学院,402,45,45,90,90,2023
北京师范大学,电影,135104,艺术与传媒学院,395,45,45,90,90,2023
北京师范大学,广播电视,135105,艺术与传媒学院,385,45,45,90,90,2023
北京师范大学,舞蹈,135106,艺术与传媒学院,362,45,45,90,90,2023
北京师范大学,美术,135107,艺术与传媒学院,370,45,45,90,90,2023
北京师范大学,美术,135107,艺术与传媒学院,362,45,45,90,90,2023
北京师范大学,艺术设计,135108,未来设计学院,397,50,50,90,90,2023
北京师范大学,艺术,1351,不区分院系,362,45,45,90,90,2023
北京师范大学,艺术学,13,不区分院系,362,45,45,90,90,2023
北京师范大学,国家安全学,140200,国家安全与应急管理学院,300,45,45,70,90,2023
北京师范大学,交叉学科,14,不区分院系,300,45,45,70,90,2023
北京师范大学,哲学,010100,哲学学院,350,50,50,90,90,2024
北京师范大学,哲学,01,不区分院系,350,50,50,90,90,2024
北京师范大学,理论经济学,020100,经济与工商管理学院,355,60,60,90,90,2024
北京师范大学,理论经济学,020100,经济与资源管理研究院,355,55,55,90,90,2024
北京师范大学,人口、资源与环境经济学,020106,环境学院,355,55,55,90,90,2024
北京师范大学,应用经济学,020200,经济与工商管理学院,365,60,60,90,90,2024
北京师范大学,应用经济学,020200,经济与资源管理研究院,355,55,55,90,90,2024
北京师范大学,金融,025100,湾区国际商学院,365,60,60,90,90,2024
北京师范大学,应用统计,025200,统计学院,375,50,50,90,90,2024
北京师范大学,国际商务,025400,湾区国际商学院,365,60,60,90,90,2024
北京师范大学,金融,0251,不区分院系,365,60,60,90,90,2024
北京师范大学,应用统计,0252,不区分院系,375,50,50,90,90,2024
北京师范大学,国际商务,0254,不区分院系,365,60,60,90,90,2024
北京师范大学,经济学,02,不区分院系,355,55,55,90,90,2024
北京师范大学,法学理论,030101,法学院,350,55,55,90,90,2024
北京师范大学,宪法学与行政法学,030103,法学院,350,55,55,90,90,2024
北京师范大学,刑法学,030104,法学院,367,55,55,90,90,2024
北京师范大学,民商法学,030105,法学院,350,55,55,90,90,2024
北京师范大学,诉讼法学,030106,法学院,375,55,55,90,90,2024
北京师范大学,经济法学,030107,法学院,382,55,55,90,90,2024
北京师范大学,国际法学,030109,法学院,350,55,55,90,90,2024
北京师范大学,社会学,030300,社会学院,375,55,55,90,90,2024
北京师范大学,马克思主义基本原理,030501,马克思主义学院,377,55,55,90,90,2024
北京师范大学,马克思主义发展史,030502,马克思主义学院,358,55,55,90,90,2024
北京师范大学,马克思主义中国化研究,030503,马克思主义学院,411,55,55,90,90,2024
北京师范大学,思想政治教育,030505,马克思主义学院,355,55,55,90,90,2024
北京师范大学,党的建设,0305Z1,马克思主义学院,388,55,55,90,90,2024
北京师范大学,党的历史与理论,0305Z2,马克思主义学院,355,55,55,90,90,2024
北京师范大学,法律（非法学）,035101,法学院,340,50,50,90,90,2024
北京师范大学,法律（法学）,035102,法学院,367,55,55,90,90,2024
北京师范大学,法律（法学）,035102,法学院,340,50,50,90,90,2024
北京师范大学,社会工作,035200,社会发展与公共政策学院,365,50,50,90,90,2024
北京师范大学,社会工作,035200,社会学院,365,50,50,90,90,2024
北京师范大学,社会工作,0352,不区分院系,365,50,50,90,90,2024
北京师范大学,法学,03,不区分院系,350,55,55,90,90,2024
北京师范大学,教育学,040100,中国基础教育质量监测协同创新中心,350,51,51,180,0,2024
北京师范大学,教育学原理,040101,教育学部,362,51,51,180,0,2024
北京师范大学,课程与教学论,040102,哲学学院,350,51,51,180,0,2024
北京师范大学,课程与教学论,040102,教育学部,358,51,51,180,0,2024
北京师范大学,课程与教学论,040102,教育学部,350,51,51,180,0,2024
北京师范大学,课程与教学论,040102,文学院,361,60,60,180,0,2024
北京师范大学,课程与教学论,040102,历史学院,350,51,51,180,0,2024
北京师范大学,课程与教学论,040102,数学科学学院,350,51,51,180,0,2024
北京师范大学,课程与教学论,040102,物理学系,362,51,51,180,0,2024
北京师范大学,课程与教学论,040102,化学学院,350,55,55,200,0,2024
北京师范大学,课程与教学论,040102,生命科学学院,350,51,51,180,0,2024
北京师范大学,课程与教学论,040102,心理学部,350,51,51,180,0,2024
北京师范大学,课程与教学论,040102,地理科学学部,350,51,51,180,0,2024
北京师范大学,教育史,040103,教育学部,350,51,51,180,0,2024
北京师范大学,比较教育学,040104,教育学部,354,51,51,180,0,2024
北京师范大学,学前教育学,040105,教育学部,350,51,51,180,0,2024
北京师范大学,高等教育学,040106,教育学部,350,51,51,180,0,2024
北京师范大学,成人教育学,040107,教育学部,350,51,51,180,0,2024
北京师范大学,职业技术教育学,040108,教育学部,350,51,51,180,0,2024
北京师范大学,特殊教育学,040109,教育学部,350,51,51,180,0,2024
北京师范大学,教师教育,0401Z1,教育学部,350,51,51,180,153,2024
北京师范大学,互联网教育,0401Z2,教育学部,350,51,51,180,153,2024
北京师范大学,心理学,040200,中国基础教育质量监测协同创新中心,365,60,60,200,0,2024
北京师范大学,心理学,040200,心理学部,372,60,60,200,0,2024
北京师范大学,体育人文社会学,040301,体育与运动学院,355,55,55,180,0,2024
北京师范大学,运动人体科学,040302,体育与运动学院,350,55,55,180,0,2024
北京师范大学,体育教育训练学,040303,体育与运动学院,340,55,55,180,0,2024
北京师范大学,民族传统体育学,040304,体育与运动学院,340,55,55,180,0,2024
北京师范大学,教育管理,045101,教育学部,350,51,51,90,90,2024
北京师范大学,学科教学（思政）,045102,马克思主义学院,381,51,51,90,90,2024
北京师范大学,学科教学（语文）,045103,教育学部,366,51,51,90,90,2024
北京师范大学,学科教学（语文）,045103,教育学部,356,51,51,90,90,2024
北京师范大学,学科教学（语文）,045103,文学院,353,55,55,90,90,2024
北京师范大学,学科教学（数学）,045104,教育学部,376,51,51,90,90,2024
北京师范大学,学科教学（数学）,045104,数学科学学院,365,51,51,90,90,2024
北京师范大学,学科教学（物理）,045105,教育学部,370,51,51,90,90,2024
北京师范大学,学科教学（化学）,045106,教育学部,368,51,51,90,90,2024
北京师范大学,学科教学（生物）,045107,教育学部,388,51,51,90,90,2024
北京师范大学,学科教学（英语）,045108,教育学部,373,51,51,90,90,2024
北京师范大学,学科教学（英语）,045108,外国语言文学学院,378,60,70,100,100,2024
北京师范大学,学科教学（历史）,045109,教育学部,351,51,51,90,90,2024
北京师范大学,学科教学（地理）,045110,教育学部,370,51,51,90,90,2024
北京师范大学,小学教育,045115,教育学部,371,51,51,90,90,2024
北京师范大学,心理健康教育,045116,教育学部,359,51,51,90,90,2024
北京师范大学,科学与技术教育,045117,教育学部,354,51,51,90,90,2024
北京师范大学,科学与技术教育,045117,人工智能学院,350,51,51,90,90,2024
北京师范大学,学前教育,045118,教育学部,350,51,51,90,90,2024
北京师范大学,特殊教育,045119,教育学部,350,51,51,90,90,2024
北京师范大学,体育教学,045201,体育与运动学院,360,55,55,180,0,2024
北京师范大学,国际中文教育,045300,国际中文教育学院,365,55,55,90,90,2024
北京师范大学,应用心理,045400,心理学部,370,51,51,180,0,2024
北京师范大学,应用心理,045400,心理学部,395,53,53,180,0,2024
北京师范大学,应用心理,045400,心理学部,370,51,51,180,0,2024
北京师范大学,应用心理,045400,心理学部,350,51,51,180,0,2024
北京师范大学,应用心理,045400,心理学部,395,53,53,180,0,2024
北京师范大学,应用心理,045400,心理学部,350,51,51,180,0,2024
北京师范大学,应用心理,045400,心理学部,360,51,51,180,0,2024
北京师范大学,教育经济与管理,047101,教育学部,350,51,51,180,0,2024
北京师范大学,体育学,0403,不区分院系,340,55,55,180,0,2024
北京师范大学,教育,0451,不区分院系,350,51,51,90,90,2024
北京师范大学,体育,0452,不区分院系,360,55,55,180,0,2024
北京师范大学,国际中文教育,0453,不区分院系,365,55,55,90,90,2024
北京师范大学,应用心理,0454,不区分院系,350,51,51,180,0,2024
北京师范大学,教育学（不含体育学）,04,不区分院系,350,51,51,180,0,2024
北京师范大学,文艺学,050101,文学院,399,60,60,90,90,2024
北京师范大学,语言学及应用语言学,050102,文学院,386,60,60,90,90,2024
北京师范大学,语言学及应用语言学,050102,国际中文教育学院,365,55,55,90,83,2024
北京师范大学,汉语言文字学,050103,文学院,365,60,60,90,90,2024
北京师范大学,汉语言文字学,050103,国际中文教育学院,365,55,55,90,90,2024
北京师范大学,中国古典文献学,050104,文学院,382,60,60,90,90,2024
北京师范大学,中国古代文学,050105,文学院,371,60,60,90,90,2024
北京师范大学,中国现当代文学,050106,文学院,386,60,60,90,90,2024
北京师范大学,中国现当代文学,050106,文学院,379,60,60,90,90,2024
北京师范大学,中国现当代文学,050106,文学院,374,60,60,90,90,2024
北京师范大学,比较文学与世界文学,050108,文学院,370,60,60,90,90,2024
北京师范大学,中国民间文学,0501Z1,文学院,365,60,60,90,90,2024
北京师范大学,中国民间文学,0501Z1,文学院,413,60,60,90,90,2024
北京师范大学,中国民间文学,0501Z1,文学院,371,60,60,90,90,2024
北京师范大学,儿童文学,0501Z2,文学院,400,60,60,90,90,2024
北京师范大学,英语语言文学,050201,外国语言文学学院,365,55,55,90,90,2024
北京师范大学,俄语语言文学,050202,外国语言文学学院,365,55,55,90,90,2024
北京师范大学,日语语言文学,050205,外国语言文学学院,365,55,55,90,90,2024
北京师范大学,外国语言学及应用语言学,050211,外国语言文学学院,365,55,55,90,90,2024
北京师范大学,传播学,050302,新闻传播学院,380,60,60,90,90,2024
北京师范大学,英语笔译,055101,外国语言文学学院,380,55,70,100,100,2024
北京师范大学,新闻与传播,055200,新闻传播学院,385,60,60,90,90,2024
北京师范大学,翻译,0551,不区分院系,380,55,70,90,90,2024
北京师范大学,新闻与传播,0552,不区分院系,385,60,60,90,90,2024
北京师范大学,文学,05,不区分院系,365,55,55,90,90,2024
北京师范大学,考古学,060100,历史学院,345,55,55,180,0,2024
北京师范大学,中国史,060200,历史学院,345,55,55,180,0,2024
北京师范大学,世界史,060300,历史学院,345,55,55,180,0,2024
北京师范大学,历史学,06,不区分院系,345,55,55,180,0,2024
北京师范大学,基础数学,070101,数学科学学院,355,50,50,90,90,2024
北京师范大学,计算数学,070102,数学科学学院,290,45,45,62,70,2024
北京师范大学,概率论与数理统计,070103,数学科学学院,340,45,45,90,90,2024
北京师范大学,应用数学,070104,数学科学学院,290,45,45,90,90,2024
北京师范大学,物理学,070200,核科学与技术学院,295,45,45,62,70,2024
北京师范大学,理论物理,070201,物理学系,290,45,45,70,70,2024
北京师范大学,理论物理,070201,物理学系,375,45,45,90,90,2024
北京师范大学,理论物理,070201,物理学系,345,45,45,90,90,2024
北京师范大学,理论物理,070201,物理学系,345,45,45,90,90,2024
北京师范大学,凝聚态物理,070205,物理学系,330,45,45,85,90,2024
北京师范大学,光学,070207,物理学系,315,45,45,85,90,2024
北京师范大学,化学,070300,化学学院,355,50,50,90,90,2024
北京师范大学,天文学,070400,天文系,302,48,48,75,75,2024
北京师范大学,自然地理学,070501,地理科学学部,340,50,50,90,100,2024
北京师范大学,人文地理学,070502,地理科学学部,325,55,55,75,105,2024
北京师范大学,地图学与地理信息系统,070503,地理科学学部,370,50,50,100,110,2024
北京师范大学,自然资源,0705Z1,地理科学学部,290,45,45,62,75,2024
北京师范大学,全球环境变化,0705Z2,地理科学学部,305,50,50,70,90,2024
北京师范大学,自然灾害学,0705Z3,地理科学学部,300,50,50,70,90,2024
北京师范大学,生物学,071000,生命科学学院,364,50,50,90,90,2024
北京师范大学,系统科学,071100,系统科学学院,320,48,48,90,90,2024
北京师范大学,生态学,071300,生命科学学院,364,50,50,90,90,2024
北京师范大学,统计学,071400,统计学院,340,50,50,90,90,2024
北京师范大学,教育技术学,078401,教育学部,293,45,45,62,70,2024
北京师范大学,理学,07,不区分院系,290,45,45,62,70,2024
北京师范大学,计算机科学与技术,081200,人工智能学院,354,50,50,60,90,2024
北京师范大学,计算机软件与理论,081202,教育学部,300,50,50,60,90,2024
北京师范大学,计算机应用技术,081203,心理学部,300,50,50,60,90,2024
北京师范大学,水利工程,081500,水科学研究院,313,50,50,60,90,2024
北京师范大学,水文学及水资源,081501,环境学院,300,50,50,70,90,2024
北京师范大学,水力学及河流动力学,081502,环境学院,300,50,50,70,90,2024
北京师范大学,核科学与技术,082700,核科学与技术学院,340,50,50,60,90,2024
北京师范大学,环境科学与工程,083000,水科学研究院,313,50,50,60,90,2024
北京师范大学,环境科学,083001,环境学院,300,50,50,70,90,2024
北京师范大学,环境工程,083002,环境学院,300,50,50,70,90,2024
北京师范大学,电子信息,085400,人工智能学院,326,50,50,70,90,2024
北京师范大学,遥感科学与技术,087500,地理科学学部,300,50,50,65,100,2024
北京师范大学,电子信息,0854,不区分院系,326,50,50,70,90,2024
北京师范大学,工学（不含工学照顾专业）,08,不区分院系,300,50,50,60,90,2024
北京师范大学,工商管理学,120200,经济与工商管理学院,365,55,55,90,90,2024
北京师范大学,公共管理学,120400,政府管理学院,390,55,55,90,90,2024
北京师范大学,公共管理学,120400,政府管理学院,390,55,55,90,90,2024
北京师范大学,公共管理学,120400,政府管理学院,390,55,55,90,90,2024
北京师范大学,公共管理学,120400,政府管理学院,365,55,55,90,90,2024
北京师范大学,公共管理学,120400,社会发展与公共政策学院,378,55,55,90,90,2024
北京师范大学,信息资源管理,120500,政府管理学院,365,55,55,90,90,2024
北京师范大学,工商管理,125100,经济与工商管理学院,162,0,39,78,0,2024
北京师范大学,工商管理,125100,湾区国际商学院,162,0,39,78,0,2024
北京师范大学,公共管理,125200,政府管理学院,180,0,45,90,0,2024
北京师范大学,会计,125300,湾区国际商学院,245,0,60,120,0,2024
北京师范大学,工商管理,1251,不区分院系,162,0,39,78,0,2024
北京师范大学,公共管理,1252,不区分院系,180,0,45,90,0,2024
北京师范大学,会计,1253,不区分院系,245,0,60,120,0,2024
北京师范大学,管理学,12,不区分院系,365,55,55,90,90,2024
北京师范大学,艺术学,130100,艺术与传媒学院,399,50,50,90,90,2024
北京师范大学,艺术学,130100,艺术与传媒学院,375,50,50,90,90,2024
北京师范大学,艺术学,130100,艺术与传媒学院,385,50,50,90,90,2024
北京师范大学,艺术学,130100,艺术与传媒学院,393,50,50,90,90,2024
北京师范大学,艺术学,130100,艺术与传媒学院,393,50,50,90,90,2024
北京师范大学,艺术学,130100,艺术与传媒学院,393,50,50,90,90,2024
北京师范大学,艺术学,130100,艺术与传媒学院,393,50,50,90,90,2024
北京师范大学,艺术学,130100,艺术与传媒学院,393,50,50,90,90,2024
北京师范大学,艺术学,130100,艺术与传媒学院,393,50,50,90,90,2024
北京师范大学,艺术学,130100,艺术与传媒学院,393,50,50,90,90,2024
北京师范大学,艺术学,130100,艺术与传媒学院,384,50,50,90,90,2024
北京师范大学,音乐,135200,艺术与传媒学院,362,40,40,90,90,2024
北京师范大学,舞蹈,135300,艺术与传媒学院,362,40,40,90,90,2024
北京师范大学,戏剧与影视,135400,艺术与传媒学院,380,50,50,90,90,2024
北京师范大学,美术与书法,135600,艺术与传媒学院,373,45,45,90,90,2024
北京师范大学,美术与书法,135600,未来设计学院,373,45,45,90,90,2024
北京师范大学,音乐,1352,不区分院系,362,40,40,90,90,2024
北京师范大学,舞蹈,1353,不区分院系,362,40,40,90,90,2024
北京师范大学,戏剧与影视,1354,不区分院系,380,50,50,90,90,2024
北京师范大学,美术与书法,1356,不区分院系,373,45,45,90,90,2024
北京师范大学,艺术学,13,不区分院系,375,50,50,90,90,2024
北京师范大学,国家安全学,140200,国家安全与应急管理学院,300,55,55,80,100,2024
北京师范大学,智能科学与技术,140500,人工智能学院,312,50,50,70,90,2024
北京师范大学,交叉学科,14,不区分院系,300,50,50,70,90,2024
北京师范大学,哲学,010100,哲学学院,355,50,50,90,90,2025
北京师范大学,哲学,01,不区分院系,355,50,50,90,90,2025
北京师范大学,理论经济学,020100,经济与工商管理学院,323,50,50,90,90,2025
北京师范大学,人口、资源与环境经济学,020106,环境学院,323,50,50,90,90,2025
北京师范大学,应用经济学,020200,经济与工商管理学院,323,50,50,90,90,2025
北京师范大学,金融,025100,湾区国际商学院,366,55,55,90,90,2025
北京师范大学,应用统计,025200,统计学院,345,45,45,90,90,2025
北京师范大学,国际商务,025400,经济与工商管理学院,358,50,50,90,90,2025
北京师范大学,国际商务,025400,湾区国际商学院,358,50,50,90,90,2025
北京师范大学,金融,0251,不区分院系,366,55,55,90,90,2025
北京师范大学,应用统计,0252,不区分院系,345,45,45,90,90,2025
北京师范大学,国际商务,0254,不区分院系,358,50,50,90,90,2025
北京师范大学,经济学,02,不区分院系,323,50,50,90,90,2025
北京师范大学,法学理论,030101,法学院,340,50,50,90,90,2025
北京师范大学,宪法学与行政法学,030103,法学院,340,50,50,90,90,2025
北京师范大学,刑法学,030104,法学院,366,50,50,90,90,2025
北京师范大学,民商法学,030105,法学院,338,50,50,90,90,2025
北京师范大学,诉讼法学,030106,法学院,340,50,50,90,90,2025
北京师范大学,诉讼法学,030106,法学院,332,50,50,90,90,2025
北京师范大学,经济法学,030107,法学院,340,50,50,90,90,2025
北京师范大学,国际法学,030109,法学院,340,50,50,90,90,2025
北京师范大学,社会学,030300,社会学院,342,55,55,90,90,2025
北京师范大学,马克思主义理论,030500,马克思主义学院,371,50,50,90,90,2025
北京师范大学,马克思主义理论,030500,马克思主义学院,381,50,50,90,90,2025
北京师范大学,马克思主义理论,030500,马克思主义学院,375,50,50,90,90,2025
北京师范大学,马克思主义理论,030500,马克思主义学院,353,50,50,90,90,2025
北京师范大学,马克思主义理论,030500,马克思主义学院,391,50,50,90,90,2025
北京师范大学,马克思主义理论,030500,马克思主义学院,383,50,50,90,90,2025
北京师范大学,马克思主义理论,030500,马克思主义学院,371,50,50,90,90,2025
北京师范大学,马克思主义理论,030500,马克思主义学院,381,50,50,90,90,2025
北京师范大学,马克思主义理论,030500,马克思主义学院,375,50,50,90,90,2025
北京师范大学,马克思主义理论,030500,马克思主义学院,353,50,50,90,90,2025
北京师范大学,马克思主义理论,030500,马克思主义学院,391,50,50,90,90,2025
北京师范大学,马克思主义理论,030500,马克思主义学院,383,50,50,90,90,2025
北京师范大学,法律（非法学）,035101,法学院,323,50,50,80,90,2025
北京师范大学,法律（法学）,035102,法学院,323,50,50,80,90,2025
北京师范大学,社会工作,035200,社会学院,335,50,50,90,90,2025
北京师范大学,社会工作,0352,不区分院系,335,50,50,90,90,2025
北京师范大学,法学,03,不区分院系,323,50,50,90,90,2025
北京师范大学,教育学,040100,中国基础教育质量监测协同创新中心,341,55,55,200,0,2025
北京师范大学,教育学原理,040101,教育学部,362,45,45,180,0,2025
北京师范大学,课程与教学论,040102,哲学学院,341,45,45,180,0,2025
北京师范大学,课程与教学论,040102,教育学部,360,45,45,180,0,2025
北京师范大学,课程与教学论,040102,教育学部,341,45,45,180,0,2025
北京师范大学,课程与教学论,040102,文学院,341,45,45,180,0,2025
北京师范大学,课程与教学论,040102,历史学院,341,45,45,180,0,2025
北京师范大学,课程与教学论,040102,数学科学学院,341,45,45,180,0,2025
北京师范大学,课程与教学论,040102,化学学院,345,46,46,200,0,2025
北京师范大学,课程与教学论,040102,生命科学学院,355,50,50,220,0,2025
北京师范大学,课程与教学论,040102,心理学部,341,45,45,180,0,2025
北京师范大学,课程与教学论,040102,地理科学学部,341,45,45,180,0,2025
北京师范大学,课程与教学论,040102,物理与天文学院,350,50,50,200,0,2025
北京师范大学,教育史,040103,教育学部,341,45,45,180,0,2025
北京师范大学,比较教育学,040104,教育学部,346,45,45,180,0,2025
北京师范大学,学前教育学,040105,教育学部,341,45,45,180,0,2025
北京师范大学,高等教育学,040106,教育学部,348,45,45,180,0,2025
北京师范大学,成人教育学,040107,教育学部,341,45,45,180,0,2025
北京师范大学,职业技术教育学,040108,教育学部,341,45,45,180,0,2025
北京师范大学,特殊教育学,040109,教育学部,347,45,45,180,0,2025
北京师范大学,教师教育,0401Z1,教育学部,341,45,45,180,135,2025
北京师范大学,互联网教育,0401Z2,教育学部,341,45,45,180,135,2025
北京师范大学,心理学,040200,中国基础教育质量监测协同创新中心,341,55,55,200,0,2025
北京师范大学,心理学,040200,心理学部,350,58,58,180,0,2025
北京师范大学,体育人文社会学,040301,体育与运动学院,310,45,45,180,0,2025
北京师范大学,运动人体科学,040302,体育与运动学院,310,45,45,180,0,2025
北京师范大学,体育教育训练学,040303,体育与运动学院,310,45,45,180,0,2025
北京师范大学,民族传统体育学,040304,体育与运动学院,310,45,45,180,0,2025
北京师范大学,教育管理,045101,教育学部,341,50,50,90,90,2025
北京师范大学,学科教学（思政）,045102,马克思主义学院,361,50,50,90,90,2025
北京师范大学,学科教学（语文）,045103,教育学部,356,50,50,90,90,2025
北京师范大学,学科教学（语文）,045103,教育学部,352,50,50,90,90,2025
北京师范大学,学科教学（语文）,045103,文学院,365,55,55,90,90,2025
北京师范大学,学科教学（数学）,045104,教育学部,354,50,50,90,90,2025
北京师范大学,学科教学（数学）,045104,数学科学学院,357,55,55,100,100,2025
北京师范大学,学科教学（数学）,045104,未来教育学院,341,50,50,90,90,2025
北京师范大学,学科教学（物理）,045105,教育学部,367,50,50,90,90,2025
北京师范大学,学科教学（化学）,045106,教育学部,347,50,50,90,90,2025
北京师范大学,学科教学（生物）,045107,教育学部,361,50,50,90,90,2025
北京师范大学,学科教学（英语）,045108,教育学部,363,50,50,90,90,2025
北京师范大学,学科教学（英语）,045108,外国语言文学学院,354,55,55,90,90,2025
北京师范大学,学科教学（历史）,045109,教育学部,353,50,50,90,90,2025
北京师范大学,学科教学（地理）,045110,教育学部,359,50,50,90,90,2025
北京师范大学,小学教育,045115,教育学部,353,50,50,90,90,2025
北京师范大学,心理健康教育,045116,教育学部,356,50,50,90,90,2025
北京师范大学,科学与技术教育,045117,人工智能学院,350,50,50,90,90,2025
北京师范大学,科学与技术教育,045117,未来教育学院,347,50,50,90,90,2025
北京师范大学,学前教育,045118,教育学部,345,50,50,90,90,2025
北京师范大学,特殊教育,045119,教育学部,343,50,50,90,90,2025
北京师范大学,体育教学,045201,体育与运动学院,320,45,45,180,0,2025
北京师范大学,国际中文教育,045300,国际中文教育学院,345,45,45,90,90,2025
北京师范大学,应用心理,045400,心理学部,341,45,45,180,0,2025
北京师范大学,应用心理,045400,心理学部,388,50,50,180,0,2025
北京师范大学,应用心理,045400,心理学部,341,45,45,180,0,2025
北京师范大学,应用心理,045400,心理学部,341,45,45,180,0,2025
北京师范大学,应用心理,045400,心理学部,388,50,50,180,0,2025
北京师范大学,应用心理,045400,心理学部,341,45,45,180,0,2025
北京师范大学,应用心理,045400,心理学部,360,45,45,180,0,2025
北京师范大学,教育经济与管理,047101,教育学部,341,45,45,180,0,2025
北京师范大学,体育学,0403,不区分院系,310,45,45,180,0,2025
北京师范大学,教育,0451,不区分院系,341,50,50,90,90,2025
北京师范大学,体育,0452,不区分院系,320,45,45,180,0,2025
北京师范大学,国际中文教育,0453,不区分院系,345,45,45,90,90,2025
北京师范大学,应用心理,0454,不区分院系,341,45,45,180,0,2025
北京师范大学,教育学（不含体育学）,04,不区分院系,341,45,45,180,0,2025
北京师范大学,文艺学,050101,文学院,360,47,47,90,90,2025
北京师范大学,语言学及应用语言学,050102,文学院,364,47,47,90,90,2025
北京师范大学,语言学及应用语言学,050102,国际中文教育学院,351,47,47,90,90,2025
北京师范大学,汉语言文字学,050103,文学院,351,47,47,90,90,2025
北京师范大学,汉语言文字学,050103,国际中文教育学院,351,47,47,90,90,2025
北京师范大学,中国古典文献学,050104,文学院,351,47,47,90,90,2025
北京师范大学,中国古典文献学,050104,文理学院,351,47,47,90,90,2025
北京师范大学,中国古代文学,050105,文学院,351,47,47,90,90,2025
北京师范大学,中国现当代文学,050106,文学院,364,47,47,90,90,2025
北京师范大学,中国现当代文学,050106,文学院,352,47,47,90,90,2025
北京师范大学,中国现当代文学,050106,文学院,355,47,47,90,90,2025
北京师范大学,比较文学与世界文学,050108,文学院,361,47,47,90,90,2025
北京师范大学,中国民间文学,0501Z1,文学院,359,47,47,90,90,2025
北京师范大学,中国民间文学,0501Z1,文学院,351,47,47,90,90,2025
北京师范大学,儿童文学,0501Z2,文学院,351,47,47,90,90,2025
北京师范大学,英语语言文学,050201,外国语言文学学院,360,55,55,90,90,2025
北京师范大学,俄语语言文学,050202,外国语言文学学院,360,55,55,90,90,2025
北京师范大学,日语语言文学,050205,外国语言文学学院,360,55,55,90,90,2025
北京师范大学,外国语言学及应用语言学,050211,外国语言文学学院,351,50,50,90,90,2025
北京师范大学,传播学,050302,新闻传播学院,356,55,55,90,90,2025
北京师范大学,英语笔译,055101,外国语言文学学院,355,47,70,90,90,2025
北京师范大学,新闻与传播,055200,新闻传播学院,355,60,60,90,90,2025
北京师范大学,翻译,0551,不区分院系,355,47,70,90,90,2025
北京师范大学,新闻与传播,0552,不区分院系,355,60,60,90,90,2025
北京师范大学,文学,05,不区分院系,351,47,47,90,90,2025
北京师范大学,考古学,060100,历史学院,336,50,50,180,0,2025
北京师范大学,中国史,060200,历史学院,336,50,50,180,0,2025
北京师范大学,世界史,060300,历史学院,336,50,50,180,0,2025
北京师范大学,历史学,06,不区分院系,336,50,50,180,0,2025
北京师范大学,基础数学,070101,数学科学学院,339,44,44,90,90,2025
北京师范大学,基础数学,070101,文理学院,329,42,42,127,105,2025
北京师范大学,计算数学,070102,数学科学学院,283,46,46,67,70,2025
北京师范大学,计算数学,070102,文理学院,303,42,42,75,104,2025
北京师范大学,概率论与数理统计,070103,数学科学学院,300,44,44,90,90,2025
北京师范大学,概率论与数理统计,070103,文理学院,300,42,42,90,90,2025
北京师范大学,应用数学,070104,数学科学学院,284,44,44,78,78,2025
北京师范大学,应用数学,070104,文理学院,303,42,42,102,84,2025
北京师范大学,理论物理,070201,物理与天文学院,280,40,40,70,70,2025
北京师范大学,粒子物理与原子核物理,070202,物理与天文学院,280,40,40,70,70,2025
北京师范大学,凝聚态物理,070205,物理与天文学院,280,40,40,60,70,2025
北京师范大学,光学,070207,物理与天文学院,280,40,40,70,70,2025
北京师范大学,化学,070300,化学学院,345,50,50,90,90,2025
北京师范大学,化学,070300,文理学院,323,43,43,90,90,2025
北京师范大学,天文学,070400,物理与天文学院,280,40,40,70,70,2025
北京师范大学,自然地理学,070501,地理科学学部,305,50,50,80,90,2025
北京师范大学,自然地理学,070501,文理学院,295,45,45,62,110,2025
北京师范大学,人文地理学,070502,地理科学学部,305,50,50,80,100,2025
北京师范大学,人文地理学,070502,文理学院,295,45,45,90,110,2025
北京师范大学,地图学与地理信息系统,070503,地理科学学部,300,50,50,85,90,2025
北京师范大学,地图学与地理信息系统,070503,文理学院,295,42,42,90,110,2025
北京师范大学,自然资源,0705Z1,地理科学学部,300,50,50,70,90,2025
北京师范大学,全球环境变化,0705Z2,地理科学学部,285,50,50,65,90,2025
北京师范大学,自然灾害学,0705Z3,地理科学学部,280,40,40,60,70,2025
北京师范大学,生物学,071000,生命科学学院,340,50,50,90,90,2025
北京师范大学,生物学,071000,文理学院,280,40,40,60,70,2025
北京师范大学,系统科学,071100,系统科学学院,280,40,40,68,88,2025
北京师范大学,系统科学,071100,文理学院,280,45,45,80,80,2025
北京师范大学,生态学,071300,生命科学学院,308,50,50,90,90,2025
北京师范大学,统计学,071400,统计学院,334,50,50,90,90,2025
北京师范大学,统计学,071400,文理学院,300,48,48,90,90,2025
北京师范大学,教育技术学,078401,教育学部,280,40,40,60,70,2025
北京师范大学,理学,07,不区分院系,280,40,40,60,70,2025
北京师范大学,计算机科学与技术,081200,人工智能学院,305,49,49,90,90,2025
北京师范大学,计算机科学与技术,081200,文理学院,307,35,35,90,90,2025
北京师范大学,计算机软件与理论,081202,教育学部,280,35,35,60,90,2025
北京师范大学,计算机应用技术,081203,心理学部,315,50,50,90,90,2025
北京师范大学,水利工程,081500,环境学院,280,35,35,60,90,2025
北京师范大学,水利工程,081500,水科学研究院,300,44,44,65,90,2025
北京师范大学,核科学与技术,082700,物理与天文学院,280,50,50,70,90,2025
北京师范大学,环境科学与工程,083000,环境学院,290,40,40,75,90,2025
北京师范大学,环境科学与工程,083000,水科学研究院,300,42,42,65,90,2025
北京师范大学,环境科学与工程,083000,环境与生态前沿交叉研究院,290,50,50,60,90,2025
北京师范大学,电子信息,085400,人工智能学院,267,40,40,70,70,2025
北京师范大学,遥感科学与技术,087500,地理科学学部,295,50,50,75,90,2025
北京师范大学,电子信息,0854,不区分院系,265,40,40,70,70,2025
北京师范大学,工学（不含工学照顾专业）,08,不区分院系,280,35,35,60,90,2025
北京师范大学,工商管理学,120200,经济与工商管理学院,335,55,55,90,90,2025
北京师范大学,公共管理学,120400,政府管理学院,350,45,45,90,90,2025
北京师范大学,信息资源管理,120500,政府管理学院,350,45,45,90,90,2025
北京师范大学,工商管理,125100,经济与工商管理学院,151,0,35,70,0,2025
北京师范大学,工商管理,125100,湾区国际商学院,151,0,35,70,0,2025
北京师范大学,公共管理,125200,政府管理学院,164,0,38,80,0,2025
北京师范大学,会计,125300,湾区国际商学院,229,0,60,120,0,2025
北京师范大学,工商管理,1251,不区分院系,151,0,35,70,0,2025
北京师范大学,公共管理,1252,不区分院系,164,0,38,80,0,2025
北京师范大学,会计,1253,不区分院系,229,0,60,120,0,2025
北京师范大学,管理学,12,不区分院系,335,45,45,90,90,2025
北京师范大学,艺术学,130100,艺术与传媒学院,351,37,37,90,90,2025
北京师范大学,艺术学,130100,艺术与传媒学院,352,37,37,90,90,2025
北京师范大学,艺术学,130100,艺术与传媒学院,368,37,37,90,90,2025
北京师范大学,艺术学,130100,艺术与传媒学院,368,37,37,90,90,2025
北京师范大学,艺术学,130100,艺术与传媒学院,364,37,37,90,90,2025
北京师范大学,音乐,135200,艺术与传媒学院,356,40,40,90,90,2025
北京师范大学,舞蹈,135300,艺术与传媒学院,360,40,40,90,90,2025
北京师范大学,戏剧与影视,135400,艺术与传媒学院,361,50,50,90,90,2025
北京师范大学,戏剧与影视,135400,艺术与传媒学院,361,50,50,90,90,2025
北京师范大学,戏剧与影视,135400,艺术与传媒学院,361,50,50,90,90,2025
北京师范大学,戏剧与影视,135400,艺术与传媒学院,361,50,50,90,90,2025
北京师范大学,戏剧与影视,135400,艺术与传媒学院,361,50,50,90,90,2025
北京师范大学,戏剧与影视,135400,艺术与传媒学院,351,50,50,90,90,2025
北京师范大学,美术与书法,135600,艺术与传媒学院,351,40,40,90,90,2025
北京师范大学,美术与书法,135600,未来设计学院,352,43,43,90,90,2025
北京师范大学,设计,135700,未来设计学院,376,50,50,90,90,2025
北京师范大学,音乐,1352,不区分院系,356,40,40,90,90,2025
北京师范大学,舞蹈,1353,不区分院系,360,40,40,90,90,2025
北京师范大学,戏剧与影视,1354,不区分院系,351,50,50,90,90,2025
北京师范大学,美术与书法,1356,不区分院系,351,40,40,90,90,2025
北京师范大学,设计,1357,不区分院系,376,50,50,90,90,2025
北京师范大学,艺术学,13,不区分院系,351,37,37,90,90,2025
北京师范大学,国家安全学,140200,国家安全与应急管理学院,290,45,45,60,90,2025
北京师范大学,智能科学与技术,140500,人工智能学院,311,49,49,80,90,2025
北京师范大学,交叉学科,14,不区分院系,290,45,45,60,90,2025
北京师范大学,哲学,010100,哲学学院,378,60,60,90,90,2026
北京师范大学,哲学,010100,文理学院,378,60,60,90,90,2026
北京师范大学,哲学,01,不区分院系,378,60,60,90,90,2026
北京师范大学,理论经济学,020100,经济与工商管理学院,325,50,50,60,90,2026
北京师范大学,人口、资源与环境经济学,020106,环境学院,325,50,50,60,90,2026
北京师范大学,应用经济学,020200,经济与工商管理学院,325,50,50,60,90,2026
北京师范大学,金融,025100,湾区国际商学院,380,55,55,90,90,2026
北京师范大学,应用统计,025200,统计学院,375,50,50,90,90,2026
北京师范大学,国际商务,025400,经济与工商管理学院,360,55,55,90,90,2026
北京师范大学,国际商务,025400,湾区国际商学院,360,55,55,90,90,2026
北京师范大学,金融,0251,不区分院系,380,55,55,90,90,2026
北京师范大学,应用统计,0252,不区分院系,375,50,50,90,90,2026
北京师范大学,国际商务,0254,不区分院系,360,55,55,90,90,2026
北京师范大学,经济学,02,不区分院系,325,50,50,60,90,2026
北京师范大学,法学理论,030101,法学院,340,50,50,90,90,2026
北京师范大学,宪法学与行政法学,030103,法学院,382,50,50,90,90,2026
北京师范大学,刑法学,030104,法学院,386,50,50,90,90,2026
北京师范大学,民商法学,030105,法学院,368,50,50,90,90,2026
北京师范大学,诉讼法学,030106,法学院,370,50,50,90,90,2026
北京师范大学,经济法学,030107,法学院,340,50,50,90,90,2026
北京师范大学,国际法学,030109,法学院,380,50,50,90,90,2026
北京师范大学,社会学,030300,社会学院,365,55,55,90,90,2026
北京师范大学,马克思主义理论,030500,马克思主义学院,368,50,50,90,90,2026
北京师范大学,马克思主义理论,030500,马克思主义学院,341,50,50,90,90,2026
北京师范大学,马克思主义理论,030500,马克思主义学院,376,50,50,90,90,2026
北京师范大学,马克思主义理论,030500,马克思主义学院,342,50,50,90,90,2026
北京师范大学,马克思主义理论,030500,马克思主义学院,369,50,50,90,90,2026
北京师范大学,马克思主义理论,030500,马克思主义学院,379,50,50,90,90,2026
北京师范大学,马克思主义理论,030500,马克思主义学院,341,50,50,90,90,2026
北京师范大学,法律（非法学）,035101,法学院,330,55,55,90,90,2026
北京师范大学,法律（法学）,035102,法学院,341,55,55,90,90,2026
北京师范大学,社会工作,035200,社会学院,360,50,50,90,90,2026
北京师范大学,社会工作,0352,不区分院系,360,50,50,90,90,2026
北京师范大学,法学,03,不区分院系,340,50,50,90,90,2026
北京师范大学,教育学,040100,中国基础教育质量监测协同创新中心,347,55,55,200,0,2026
北京师范大学,教育学原理,040101,教育学部,360,50,50,180,0,2026
北京师范大学,教育学原理,040101,未来教育学院,347,50,50,180,0,2026
北京师范大学,课程与教学论,040102,哲学学院,347,50,50,180,0,2026
北京师范大学,课程与教学论,040102,教育学部,366,50,50,180,0,2026
北京师范大学,课程与教学论,040102,文学院,362,50,50,180,0,2026
北京师范大学,课程与教学论,040102,历史学院,347,50,50,180,0,2026
北京师范大学,课程与教学论,040102,数学科学学院,350,60,60,220,0,2026
北京师范大学,课程与教学论,040102,化学学院,375,55,55,200,0,2026
北京师范大学,课程与教学论,040102,生命科学学院,347,50,50,180,0,2026
北京师范大学,课程与教学论,040102,心理学部,347,50,50,180,0,2026
北京师范大学,课程与教学论,040102,地理科学学部,347,50,50,180,0,2026
北京师范大学,课程与教学论,040102,未来教育学院,347,50,50,180,0,2026
北京师范大学,课程与教学论,040102,物理与天文学院,350,50,50,200,0,2026
北京师范大学,教育史,040103,教育学部,375,50,50,180,0,2026
北京师范大学,比较教育学,040104,教育学部,368,50,50,180,0,2026
北京师范大学,学前教育学,040105,教育学部,361,50,50,180,0,2026
北京师范大学,高等教育学,040106,教育学部,347,50,50,180,0,2026
北京师范大学,成人教育学,040107,教育学部,347,50,50,180,0,2026
北京师范大学,职业技术教育学,040108,教育学部,363,50,50,180,0,2026
北京师范大学,特殊教育学,040109,教育学部,384,50,50,180,0,2026
北京师范大学,教师教育,0401Z1,教育学部,361,50,50,180,144,2026
北京师范大学,互联网教育,0401Z2,教育学部,347,50,50,180,144,2026
北京师范大学,心理学,040200,中国基础教育质量监测协同创新中心,347,55,55,200,0,2026
北京师范大学,心理学,040200,心理学部,350,62,62,200,0,2026
北京师范大学,体育人文社会学,040301,体育与运动学院,330,45,45,180,0,2026
北京师范大学,运动人体科学,040302,体育与运动学院,325,45,45,180,0,2026
北京师范大学,体育教育训练学,040303,体育与运动学院,325,45,45,180,0,2026
北京师范大学,民族传统体育学,040304,体育与运动学院,325,45,45,180,0,2026
北京师范大学,教育管理,045101,教育学部,347,50,50,90,90,2026
北京师范大学,教育管理,045101,未来教育学院,347,50,50,90,90,2026
北京师范大学,学科教学（思政）,045102,马克思主义学院,379,50,50,90,90,2026
北京师范大学,学科教学（语文）,045103,教育学部,367,50,50,90,90,2026
北京师范大学,学科教学（语文）,045103,教育学部,360,50,50,90,90,2026
北京师范大学,学科教学（语文）,045103,文学院,377,50,50,90,90,2026
北京师范大学,学科教学（数学）,045104,教育学部,370,50,50,90,90,2026
北京师范大学,学科教学（数学）,045104,数学科学学院,356,50,65,95,90,2026
北京师范大学,学科教学（数学）,045104,未来教育学院,348,50,50,90,90,2026
北京师范大学,学科教学（物理）,045105,教育学部,367,50,50,90,90,2026
北京师范大学,学科教学（化学）,045106,教育学部,359,50,50,90,90,2026
北京师范大学,学科教学（生物）,045107,教育学部,371,50,50,90,90,2026
北京师范大学,学科教学（英语）,045108,教育学部,375,50,50,90,90,2026
北京师范大学,学科教学（英语）,045108,外国语言文学学院,373,55,55,90,90,2026
北京师范大学,学科教学（历史）,045109,教育学部,363,50,50,90,90,2026
北京师范大学,学科教学（地理）,045110,教育学部,366,50,50,90,90,2026
北京师范大学,现代教育技术,045114,教育学部,347,50,50,90,90,2026
北京师范大学,小学教育,045115,教育学部,358,50,50,90,90,2026
北京师范大学,心理健康教育,045116,教育学部,360,50,50,90,90,2026
北京师范大学,科学与技术教育,045117,未来教育学院,351,50,50,90,90,2026
北京师范大学,学前教育,045118,教育学部,352,50,50,90,90,2026
北京师范大学,特殊教育,045119,教育学部,353,50,50,90,90,2026
北京师范大学,体育教学,045201,体育与运动学院,385,55,55,180,0,2026
北京师范大学,国际中文教育,045300,国际中文教育学院,364,50,50,90,90,2026
北京师范大学,应用心理,045400,心理学部,347,48,48,180,0,2026
北京师范大学,应用心理,045400,心理学部,368,48,48,180,0,2026
北京师范大学,应用心理,045400,心理学部,347,48,48,180,0,2026
北京师范大学,应用心理,045400,心理学部,347,48,48,180,0,2026
北京师范大学,应用心理,045400,心理学部,368,48,48,180,0,2026
北京师范大学,应用心理,045400,心理学部,347,48,48,180,0,2026
北京师范大学,应用心理,045400,心理学部,347,48,48,180,0,2026
北京师范大学,教育经济与管理,047101,教育学部,347,50,50,180,0,2026
北京师范大学,体育学,0403,不区分院系,325,45,45,180,0,2026
北京师范大学,教育,0451,不区分院系,347,50,50,90,90,2026
北京师范大学,体育,0452,不区分院系,385,55,55,180,0,2026
北京师范大学,国际中文教育,0453,不区分院系,364,50,50,90,90,2026
北京师范大学,应用心理,0454,不区分院系,347,48,48,180,0,2026
北京师范大学,教育学,04,不区分院系,347,50,50,180,0,2026
北京师范大学,文艺学,050101,文学院,384,50,50,90,90,2026
北京师范大学,语言学及应用语言学,050102,文学院,371,50,50,90,90,2026
北京师范大学,语言学及应用语言学,050102,国际中文教育学院,357,50,50,90,90,2026
北京师范大学,语言学及应用语言学,050102,文理学院,354,50,50,90,90,2026
北京师范大学,汉语言文字学,050103,文学院,375,50,50,90,90,2026
北京师范大学,汉语言文字学,050103,文学院,369,50,50,90,90,2026
北京师范大学,汉语言文字学,050103,国际中文教育学院,357,50,50,90,90,2026
北京师范大学,汉语言文字学,050103,文理学院,354,50,50,90,90,2026
北京师范大学,中国古典文献学,050104,文学院,372,50,50,90,90,2026
北京师范大学,中国古典文献学,050104,文理学院,354,50,50,90,90,2026
北京师范大学,中国古代文学,050105,文学院,387,50,50,90,90,2026
北京师范大学,中国古代文学,050105,文理学院,354,50,50,90,90,2026
北京师范大学,中国现当代文学,050106,文学院,377,50,50,90,90,2026
北京师范大学,中国现当代文学,050106,文学院,390,50,50,90,90,2026
北京师范大学,中国现当代文学,050106,文学院,378,50,50,90,90,2026
北京师范大学,比较文学与世界文学,050108,文学院,389,50,50,90,90,2026
北京师范大学,比较文学与世界文学,050108,文理学院,354,50,50,90,90,2026
北京师范大学,中国民间文学,0501Z1,文学院,354,50,50,90,90,2026
北京师范大学,儿童文学,0501Z2,文学院,378,50,50,90,90,2026
北京师范大学,外国语言文学,050200,外国语言文学学院,354,50,50,90,90,2026
北京师范大学,传播学,050302,新闻传播学院,383,60,60,90,90,2026
北京师范大学,传播学,050302,文理学院,354,50,50,90,90,2026
北京师范大学,英语笔译,055101,外国语言文学学院,355,50,70,90,90,2026
北京师范大学,新闻与传播,055200,新闻传播学院,370,55,55,90,90,2026
北京师范大学,中文创意写作,0554S1,文学院,360,50,50,90,90,2026
北京师范大学,翻译,0551,不区分院系,355,50,70,90,90,2026
北京师范大学,新闻与传播,0552,不区分院系,370,55,55,90,90,2026
北京师范大学,文学,05,不区分院系,354,50,50,90,90,2026
北京师范大学,考古学,060100,历史学院,345,55,55,180,0,2026
北京师范大学,中国史,060200,历史学院,350,55,55,180,0,2026
北京师范大学,中国史,060200,文理学院,341,50,50,180,0,2026
北京师范大学,世界史,060300,历史学院,345,55,55,180,0,2026
北京师范大学,世界史,060300,文理学院,341,50,50,180,0,2026
北京师范大学,历史学,06,不区分院系,341,50,50,180,0,2026
北京师范大学,数学,070100,数学科学学院,339,50,50,73,105,2026
北京师范大学,基础数学,070101,文理学院,280,40,40,60,70,2026
北京师范大学,计算数学,070102,文理学院,280,40,40,60,70,2026
北京师范大学,概率论与数理统计,070103,文理学院,280,40,40,60,70,2026
北京师范大学,应用数学,070104,文理学院,280,40,40,60,70,2026
北京师范大学,理论物理,070201,文理学院,280,40,40,60,70,2026
北京师范大学,理论物理,070201,物理与天文学院,300,45,45,90,90,2026
北京师范大学,粒子物理与原子核物理,070202,物理与天文学院,280,50,50,70,70,2026
北京师范大学,凝聚态物理,070205,文理学院,280,40,40,60,70,2026
北京师范大学,凝聚态物理,070205,物理与天文学院,350,50,50,90,90,2026
北京师范大学,凝聚态物理,070205,物理与天文学院,300,50,50,90,90,2026
北京师范大学,光学,070207,文理学院,280,40,40,65,85,2026
北京师范大学,光学,070207,物理与天文学院,300,50,50,90,90,2026
北京师范大学,化学,070300,化学学院,345,50,50,90,90,2026
北京师范大学,化学,070300,文理学院,280,40,40,60,70,2026
北京师范大学,天文学,070400,文理学院,280,40,40,60,70,2026
北京师范大学,天文学,070400,物理与天文学院,280,45,45,70,70,2026
北京师范大学,自然地理学,070501,地理科学学部,336,50,50,90,90,2026
北京师范大学,自然地理学,070501,文理学院,280,45,45,60,75,2026
北京师范大学,人文地理学,070502,地理科学学部,327,50,50,90,100,2026
北京师范大学,人文地理学,070502,文理学院,280,40,40,60,70,2026
北京师范大学,地图学与地理信息系统,070503,地理科学学部,335,50,50,90,90,2026
北京师范大学,地图学与地理信息系统,070503,文理学院,280,40,40,60,70,2026
北京师范大学,自然资源,0705Z1,地理科学学部,330,50,50,80,90,2026
北京师范大学,全球环境变化,0705Z2,地理科学学部,290,50,50,65,75,2026
北京师范大学,自然灾害学,0705Z3,地理科学学部,280,50,50,60,80,2026
北京师范大学,生物学,071000,生命科学学院,367,50,50,90,90,2026
北京师范大学,生物学,071000,文理学院,280,40,40,60,70,2026
北京师范大学,系统科学,071100,系统科学学院,300,50,50,60,90,2026
北京师范大学,系统理论,071101,文理学院,280,40,40,60,70,2026
北京师范大学,系统分析与集成,071102,文理学院,280,40,40,60,70,2026
北京师范大学,生态学,071300,生命科学学院,340,50,50,90,90,2026
北京师范大学,统计学,071400,统计学院,340,50,50,90,90,2026
北京师范大学,统计学,071400,文理学院,280,40,40,60,70,2026
北京师范大学,教育技术学,078401,教育学部,297,40,40,60,70,2026
北京师范大学,教育技术学,078401,未来教育学院,280,45,45,80,80,2026
北京师范大学,理学,07,不区分院系,280,40,40,60,70,2026
北京师范大学,计算机科学与技术,081200,人工智能学院,340,50,50,90,90,2026
北京师范大学,计算机科学与技术,081200,文理学院,280,40,40,60,90,2026
北京师范大学,计算机软件与理论,081202,教育学部,280,40,40,60,90,2026
北京师范大学,计算机应用技术,081203,心理学部,295,50,50,75,90,2026
北京师范大学,水利工程,081500,环境学院,307,47,47,70,90,2026
北京师范大学,水利工程,081500,水科学研究院,307,47,47,70,90,2026
北京师范大学,水利工程,081500,未来技术学院,280,40,40,60,90,2026
北京师范大学,核科学与技术,082700,文理学院,280,40,40,60,90,2026
北京师范大学,核科学与技术,082700,物理与天文学院,280,40,40,70,90,2026
北京师范大学,环境科学与工程,083000,环境学院,345,45,60,75,90,2026
北京师范大学,环境科学与工程,083000,水科学研究院,302,47,47,70,90,2026
北京师范大学,环境科学与工程,083000,未来技术学院,302,46,46,70,90,2026
北京师范大学,电子信息,085400,人工智能学院,275,45,45,70,70,2026
北京师范大学,材料与化工,085600,文理学院,265,45,45,60,75,2026
北京师范大学,资源与环境,085700,环境学院,280,45,45,60,90,2026
北京师范大学,资源与环境,085700,水科学研究院,280,45,45,60,90,2026
北京师范大学,资源与环境,085700,地理科学学部,280,45,45,60,90,2026
北京师范大学,电子信息,0854,不区分院系,275,45,45,70,70,2026
北京师范大学,材料与化工,0856,不区分院系,265,45,45,60,75,2026
北京师范大学,资源与环境,0857,不区分院系,280,45,45,60,90,2026
北京师范大学,工学（不含工学照顾专业）,08,不区分院系,280,40,40,60,90,2026
北京师范大学,工商管理学,120200,经济与工商管理学院,335,50,50,90,90,2026
北京师范大学,公共管理学,120400,政府管理学院,355,50,50,90,90,2026
北京师范大学,信息资源管理,120500,政府管理学院,375,50,50,90,90,2026
北京师范大学,工商管理,125100,经济与工商管理学院,146,0,35,70,0,2026
北京师范大学,公共管理,125200,政府管理学院,168,0,39,78,0,2026
北京师范大学,会计,125300,湾区国际商学院,255,0,60,120,0,2026
北京师范大学,工程管理,125600,系统科学学院,166,0,39,78,0,2026
北京师范大学,工程管理,125600,国家安全与应急管理学院,166,0,39,78,0,2026
北京师范大学,工商管理,1251,不区分院系,146,0,35,70,0,2026
北京师范大学,公共管理,1252,不区分院系,168,0,39,78,0,2026
北京师范大学,会计,1253,不区分院系,255,0,60,120,0,2026
北京师范大学,工程管理,1256,不区分院系,166,0,39,78,0,2026
北京师范大学,管理学,12,不区分院系,335,50,50,90,90,2026
北京师范大学,艺术学,130100,艺术与传媒学院,362,50,50,90,90,2026
北京师范大学,艺术学,130100,艺术与传媒学院,366,50,50,90,90,2026
北京师范大学,艺术学,130100,艺术与传媒学院,397,50,50,90,90,2026
北京师范大学,艺术学,130100,艺术与传媒学院,354,50,50,90,90,2026
北京师范大学,音乐,135200,艺术与传媒学院,366,45,45,90,90,2026
北京师范大学,舞蹈,135300,艺术与传媒学院,360,45,45,90,90,2026
北京师范大学,戏剧与影视,135400,艺术与传媒学院,380,45,45,90,90,2026
北京师范大学,戏剧与影视,135400,艺术与传媒学院,380,45,45,90,90,2026
北京师范大学,戏剧与影视,135400,艺术与传媒学院,380,45,45,90,90,2026
北京师范大学,戏剧与影视,135400,艺术与传媒学院,380,45,45,90,90,2026
北京师范大学,戏剧与影视,135400,艺术与传媒学院,380,45,45,90,90,2026
北京师范大学,戏剧与影视,135400,艺术与传媒学院,388,45,45,90,90,2026
北京师范大学,美术与书法,135600,艺术与传媒学院,377,45,45,90,90,2026
北京师范大学,美术与书法,135600,艺术与传媒学院,355,45,45,90,90,2026
北京师范大学,设计,135700,未来设计学院,390,50,50,90,90,2026
北京师范大学,音乐,1352,不区分院系,366,45,45,90,90,2026
北京师范大学,舞蹈,1353,不区分院系,360,45,45,90,90,2026
北京师范大学,戏剧与影视,1354,不区分院系,380,45,45,90,90,2026
北京师范大学,美术与书法,1356,不区分院系,355,45,45,90,90,2026
北京师范大学,设计,1357,不区分院系,390,50,50,90,90,2026
北京师范大学,艺术学,13,不区分院系,354,50,50,90,90,2026
北京师范大学,国家安全学,140200,国家安全与应急管理学院,270,38,38,53,80,2026
北京师范大学,遥感科学与技术,140400,地理科学学部,346,50,50,90,100,2026
北京师范大学,智能科学与技术,140500,人工智能学院,308,50,50,90,80,2026
北京师范大学,智能科学与技术,140500,文理学院,290,45,45,70,85,2026
北京师范大学,交叉学科,14,不区分院系,270,38,38,53,80,2026
天津大学,金融,0251,不区分院系,360,55,55,90,90,2023
天津大学,经济学,02,不区分院系,360,55,55,90,90,2023
天津大学,法律（非法学）,035101,不区分院系,335,50,50,90,90,2023
天津大学,法律（法学）,035102,不区分院系,335,50,50,90,90,2023
天津大学,法学,03,不区分院系,340,50,50,90,90,2023
天津大学,教育,0451,不区分院系,350,55,55,90,90,2023
天津大学,汉语国际教育,0453,不区分院系,350,55,55,90,90,2023
天津大学,应用心理,0454,不区分院系,350,55,55,180,0,2023
天津大学,教育学（不含体育学）,04,不区分院系,350,55,55,180,0,2023
天津大学,翻译,0551,不区分院系,363,55,55,90,90,2023
天津大学,文学,05,不区分院系,363,55,55,90,90,2023
天津大学,理学,07,不区分院系,310,45,45,75,75,2023
天津大学,建筑学,0851,不区分院系,310,45,45,75,75,2023
天津大学,城市规划,0853,不区分院系,310,45,45,75,75,2023
天津大学,电子信息,0854,不区分院系,310,45,45,75,75,2023
天津大学,机械,0855,不区分院系,310,45,45,75,75,2023
天津大学,材料与化工,0856,不区分院系,310,45,45,75,75,2023
天津大学,资源与环境,0857,不区分院系,310,45,45,75,75,2023
天津大学,能源动力,0858,不区分院系,310,45,45,75,75,2023
天津大学,土木水利,0859,不区分院系,310,45,45,75,75,2023
天津大学,生物与医药,0860,不区分院系,310,45,45,75,75,2023
天津大学,工学（不含工学照顾专业）,08,不区分院系,310,45,45,75,75,2023
天津大学,风景园林,0953,不区分院系,325,50,50,80,80,2023
天津大学,临床医学,1051,不区分院系,310,50,50,180,0,2023
天津大学,药学,1055,不区分院系,310,50,50,180,0,2023
天津大学,医学（不含中医类照顾专业）,10,不区分院系,310,50,50,180,0,2023
天津大学,工商管理,1251,不区分院系,167,0,41,82,0,2023
天津大学,公共管理,1252,不区分院系,175,0,44,88,0,2023
天津大学,会计,1253,不区分院系,197,0,51,102,0,2023
天津大学,工程管理,1256,不区分院系,178,0,44,88,0,2023
天津大学,管理学,12,不区分院系,360,55,55,90,90,2023
天津大学,艺术,1351,不区分院系,362,45,45,90,90,2023
天津大学,艺术学,13,不区分院系,362,45,45,90,90,2023
天津大学,交叉学科,14,不区分院系,310,45,45,75,75,2023
天津大学,金融,0251,不区分院系,360,55,55,90,90,2024
天津大学,经济学,02,不区分院系,360,55,55,90,90,2024
天津大学,法律（非法学）,035101,法学院,335,50,50,90,90,2024
天津大学,法律（非法学）,035101,专业学位教育中心,335,50,50,90,90,2024
天津大学,法律（法学）,035102,法学院,335,50,50,90,90,2024
天津大学,法律（法学）,035102,专业学位教育中心,335,50,50,90,90,2024
天津大学,法学,03,不区分院系,340,50,50,90,90,2024
天津大学,教育,0451,不区分院系,355,55,55,90,90,2024
天津大学,国际中文教育,0453,不区分院系,355,55,55,90,90,2024
天津大学,应用心理,0454,不区分院系,355,55,55,180,0,2024
天津大学,教育学（不含体育学）,04,不区分院系,355,55,55,180,0,2024
天津大学,翻译,0551,不区分院系,365,55,55,90,90,2024
天津大学,新闻与传播,0552,不区分院系,365,55,55,90,90,2024
天津大学,文学,05,不区分院系,365,55,55,90,90,2024
天津大学,理学,07,不区分院系,315,50,50,75,75,2024
天津大学,力学,0801,不区分院系,315,50,50,75,75,2024
天津大学,动力工程及工程热物理,0807,不区分院系,315,50,50,75,75,2024
天津大学,水利工程,0815,不区分院系,315,50,50,75,75,2024
天津大学,船舶与海洋工程,0824,不区分院系,315,50,50,75,75,2024
天津大学,建筑,0851,不区分院系,315,50,50,75,75,2024
天津大学,城乡规划,0853,不区分院系,315,50,50,75,75,2024
天津大学,电子信息,0854,不区分院系,315,50,50,75,75,2024
天津大学,机械,0855,不区分院系,315,50,50,75,75,2024
天津大学,材料与化工,0856,不区分院系,315,50,50,75,75,2024
天津大学,资源与环境,0857,不区分院系,315,50,50,75,75,2024
天津大学,能源动力,0858,不区分院系,315,50,50,75,75,2024
天津大学,土木水利,0859,不区分院系,315,50,50,75,75,2024
天津大学,生物与医药,0860,不区分院系,315,50,50,75,75,2024
天津大学,风景园林,0862,不区分院系,315,50,50,75,75,2024
天津大学,工学（不含工学照顾专业）,08,不区分院系,315,50,50,75,75,2024
天津大学,临床医学,1051,不区分院系,310,50,50,180,0,2024
天津大学,药学,1055,不区分院系,310,50,50,180,0,2024
天津大学,医学（不含中医类照顾专业）,10,不区分院系,310,50,50,180,0,2024
天津大学,工商管理,1251,不区分院系,162,0,39,78,0,2024
天津大学,公共管理,1252,不区分院系,173,0,43,86,0,2024
天津大学,会计,1253,不区分院系,201,0,52,104,0,2024
天津大学,工程管理,1256,不区分院系,176,0,43,86,0,2024
天津大学,管理学,12,不区分院系,360,55,55,90,90,2024
天津大学,设计,1357,不区分院系,365,45,45,90,90,2024
天津大学,交叉学科,14,不区分院系,315,50,50,75,75,2024
天津大学,金融,0251,不区分院系,330,45,45,75,75,2025
天津大学,经济学,02,不区分院系,330,45,45,75,75,2025
天津大学,法律（非法学）,035101,法学院,323,45,45,80,80,2025
天津大学,法律（非法学）,035101,专业学位教育中心,323,45,45,80,80,2025
天津大学,法律（法学）,035102,专业学位教育中心,323,45,45,80,80,2025
天津大学,法律（法学）,035102,法学院,323,45,45,80,80,2025
天津大学,法学,03,不区分院系,323,45,45,80,80,2025
天津大学,教育,0451,不区分院系,355,50,50,90,90,2025
天津大学,国际中文教育,0453,不区分院系,355,50,50,90,90,2025
天津大学,应用心理,0454,不区分院系,355,50,50,180,0,2025
天津大学,教育学（不含体育学）,04,不区分院系,355,50,50,180,0,2025
天津大学,翻译,0551,不区分院系,365,50,50,90,90,2025
天津大学,新闻与传播,0552,不区分院系,365,50,50,90,90,2025
天津大学,文学,05,不区分院系,365,50,50,90,90,2025
天津大学,理学,07,不区分院系,305,45,45,75,75,2025
天津大学,建筑,0851,不区分院系,305,45,45,75,75,2025
天津大学,城乡规划,0853,不区分院系,305,45,45,75,75,2025
天津大学,电子信息,0854,不区分院系,305,45,45,75,75,2025
天津大学,机械,0855,不区分院系,305,45,45,75,75,2025
天津大学,材料与化工,0856,不区分院系,305,45,45,75,75,2025
天津大学,资源与环境,0857,不区分院系,305,45,45,75,75,2025
天津大学,能源动力,0858,不区分院系,305,45,45,75,75,2025
天津大学,土木水利,0859,不区分院系,305,45,45,75,75,2025
天津大学,生物与医药,0860,不区分院系,305,45,45,75,75,2025
天津大学,风景园林,0862,不区分院系,305,45,45,75,75,2025
天津大学,工学（不含工学照顾专业）,08,不区分院系,305,45,45,75,75,2025
天津大学,临床医学,1051,不区分院系,305,45,45,180,0,2025
天津大学,药学,1055,不区分院系,305,45,45,180,0,2025
天津大学,医学（不含中医类照顾专业）,10,不区分院系,305,45,45,180,0,2025
天津大学,工商管理,1251,不区分院系,151,35,35,70,70,2025
天津大学,公共管理,1252,不区分院系,164,38,38,76,76,2025
天津大学,会计,1253,不区分院系,194,48,48,96,96,2025
天津大学,工程管理,1256,不区分院系,162,38,38,76,76,2025
天津大学,管理学,12,不区分院系,340,45,45,90,90,2025
天津大学,设计,1357,不区分院系,365,45,45,90,90,2025
天津大学,交叉学科,14,不区分院系,305,45,45,75,75,2025
天津大学,金融,0251,不区分院系,340,50,50,85,85,2026
天津大学,经济学,02,不区分院系,340,50,50,85,85,2026
天津大学,法律（非法学）,035101,法学院,330,50,50,90,90,2026
天津大学,法律（非法学）,035101,专业学位教育中心,330,50,50,90,90,2026
天津大学,法律（法学）,035102,专业学位教育中心,330,50,50,90,90,2026
天津大学,法律（法学）,035102,法学院,330,50,50,90,90,2026
天津大学,法学,03,不区分院系,330,50,50,90,90,2026
天津大学,教育,0451,不区分院系,365,55,55,90,90,2026
天津大学,国际中文教育,0453,不区分院系,365,55,55,90,90,2026
天津大学,应用心理,0454,不区分院系,365,55,55,190,0,2026
天津大学,教育学,04,不区分院系,365,55,55,190,0,2026
天津大学,翻译,0551,不区分院系,365,55,55,90,90,2026
天津大学,新闻与传播,0552,不区分院系,365,55,55,90,90,2026
天津大学,文学,05,不区分院系,365,55,55,90,90,2026
天津大学,理学,07,不区分院系,315,50,50,80,80,2026
天津大学,建筑,0851,不区分院系,315,50,50,80,80,2026
天津大学,城乡规划,0853,不区分院系,315,50,50,80,80,2026
天津大学,电子信息,0854,不区分院系,315,50,50,80,80,2026
天津大学,机械,0855,不区分院系,315,50,50,80,80,2026
天津大学,材料与化工,0856,不区分院系,315,50,50,80,80,2026
天津大学,资源与环境,0857,不区分院系,315,50,50,80,80,2026
天津大学,能源动力,0858,不区分院系,315,50,50,80,80,2026
天津大学,土木水利,0859,不区分院系,315,50,50,80,80,2026
天津大学,生物与医药,0860,不区分院系,315,50,50,80,80,2026
天津大学,风景园林,0862,不区分院系,315,50,50,80,80,2026
天津大学,工学（不含工学照顾专业）,08,不区分院系,315,50,50,80,80,2026
天津大学,临床医学,1051,不区分院系,310,45,45,180,0,2026
天津大学,药学,1055,不区分院系,310,45,45,180,0,2026
天津大学,医学,10,不区分院系,310,45,45,180,0,2026
天津大学,工商管理,1251,不区分院系,146,35,35,70,70,2026
天津大学,公共管理,1252,不区分院系,168,39,39,78,78,2026
天津大学,会计,1253,不区分院系,199,51,51,102,102,2026
天津大学,工程管理,1256,不区分院系,166,39,39,78,78,2026
天津大学,管理学,12,不区分院系,350,50,50,90,90,2026
天津大学,设计,1357,不区分院系,365,50,50,90,90,2026
天津大学,交叉学科,14,不区分院系,315,50,50,80,80,2026
南开大学,哲学,01,不区分院系,360,60,60,90,90,2023
南开大学,金融,0251,不区分院系,370,60,60,90,90,2023
南开大学,应用统计,0252,不区分院系,370,60,60,90,90,2023
南开大学,经济学,02,不区分院系,375,60,60,95,90,2023
南开大学,法学,0301,不区分院系,350,60,60,90,90,2023
南开大学,社会工作,0352,不区分院系,350,60,60,90,90,2023
南开大学,法学,03,不区分院系,365,60,60,90,90,2023
南开大学,汉语国际教育,045300,不区分院系,360,55,55,85,85,2023
南开大学,应用心理,045400,不区分院系,360,55,55,200,0,2023
南开大学,教育学（不含体育学）,04,不区分院系,385,65,65,200,0,2023
南开大学,翻译,0551,不区分院系,375,60,60,90,90,2023
南开大学,新闻与传播,0552,不区分院系,375,60,60,90,90,2023
南开大学,出版,0553,不区分院系,375,60,60,90,90,2023
南开大学,文学,05,不区分院系,375,60,60,90,90,2023
南开大学,文物与博物馆,065100,不区分院系,345,60,60,180,0,2023
南开大学,历史学,06,不区分院系,370,60,60,200,0,2023
南开大学,理学,07,不区分院系,305,50,50,75,75,2023
南开大学,电子信息,0854,不区分院系,305,50,50,70,75,2023
南开大学,生物与医药,0860,不区分院系,305,50,50,70,75,2023
南开大学,工学（不含工学照顾专业）,08,不区分院系,325,50,50,80,80,2023
南开大学,农业,0951,不区分院系,300,50,50,75,75,2023
南开大学,农学,09,不区分院系,315,50,50,80,80,2023
南开大学,临床医学,1051,不区分院系,330,50,50,180,0,2023
南开大学,口腔医学,1052,不区分院系,330,50,50,180,0,2023
南开大学,医学（不含中医类照顾专业）,10,不区分院系,330,50,50,200,0,2023
南开大学,公共管理,125200,不区分院系,190,0,55,120,0,2023
南开大学,会计,125300,不区分院系,197,0,51,102,0,2023
南开大学,旅游管理,125400,不区分院系,175,0,50,100,0,2023
南开大学,图书情报,125500,不区分院系,198,0,52,104,0,2023
南开大学,工程管理,125601,不区分院系,178,0,44,88,0,2023
南开大学,物流工程与管理,125604,不区分院系,245,0,65,130,0,2023
南开大学,管理学,12,不区分院系,370,60,60,95,95,2023
南开大学,艺术设计,135108,不区分院系,375,50,50,90,90,2023
南开大学,艺术学,13,不区分院系,370,50,50,100,100,2023
南开大学,哲学,01,不区分院系,365,60,60,90,90,2024
南开大学,金融,025100,金融学院,370,60,60,90,90,2024
南开大学,应用统计,025200,统计与数据科学学院,370,60,60,90,90,2024
南开大学,税务,025300,经济学院,370,60,60,90,90,2024
南开大学,国际商务,025400,经济学院,370,60,60,90,90,2024
南开大学,保险,025500,金融学院,370,60,60,90,90,2024
南开大学,经济学,02,不区分院系,365,60,60,90,90,2024
南开大学,法律（非法学）,035101,法学院,350,60,60,90,90,2024
南开大学,法律（法学）,035102,法学院,350,60,60,90,90,2024
南开大学,社会工作,035200,周恩来政府管理学院,350,60,60,90,90,2024
南开大学,法学,03,不区分院系,365,60,60,90,90,2024
南开大学,国际中文教育,045300,汉语言文化学院,355,55,55,85,85,2024
南开大学,应用心理,045400,周恩来政府管理学院,395,60,60,220,0,2024
南开大学,翻译,055100,外国语学院,370,60,60,90,90,2024
南开大学,新闻与传播,055200,新闻与传播学院,370,60,60,90,90,2024
南开大学,出版,055300,新闻与传播学院,370,60,60,90,90,2024
南开大学,文学,05,不区分院系,365,60,60,90,90,2024
南开大学,历史学,06,不区分院系,370,60,60,200,0,2024
南开大学,理学,07,不区分院系,310,50,50,70,75,2024
南开大学,电子信息,085400,电子信息与光学工程学院,310,50,50,70,75,2024
南开大学,电子信息,085400,人工智能学院,310,50,50,70,75,2024
南开大学,计算机技术,085404,计算机学院,310,50,50,70,75,2024
南开大学,软件工程,085405,软件学院,310,50,50,70,75,2024
南开大学,网络与信息安全,085412,网络空间安全学院,310,50,50,70,75,2024
南开大学,材料工程,085601,材料科学与工程学院,310,50,50,70,75,2024
南开大学,化学工程,085602,化学学院,310,50,50,70,75,2024
南开大学,环境工程,085701,环境科学与工程学院,310,50,50,70,75,2024
南开大学,生物技术与工程,086001,生命科学学院,310,50,50,70,75,2024
南开大学,制药工程,086002,药学院,310,50,50,70,75,2024
南开大学,工学（不含工学照顾专业）,08,不区分院系,300,50,50,70,75,2024
南开大学,资源利用与植物保护,095132,化学学院,300,50,50,70,75,2024
南开大学,农业,0951,不区分院系,300,50,50,70,75,2024
南开大学,农学,09,不区分院系,315,50,50,75,75,2024
南开大学,临床医学,105100,医学院,340,55,55,180,0,2024
南开大学,口腔医学,105200,医学院,340,55,55,180,0,2024
南开大学,医学（不含中医类照顾专业）,10,不区分院系,310,50,50,180,0,2024
南开大学,管理学,12,不区分院系,350,60,60,85,80,2024
南开大学,艺术学,13,不区分院系,370,50,50,100,100,2024
南开大学,哲学,010100,哲学院,355,60,50,90,90,2025
南开大学,理论经济学,020100,经济学院,330,60,50,90,90,2025
南开大学,应用经济学,020200,金融学院,330,60,50,90,90,2025
南开大学,应用经济学,020200,经济学院,330,60,50,90,90,2025
南开大学,金融,025100,金融学院,365,55,55,90,90,2025
南开大学,税务,025300,经济学院,365,55,55,90,90,2025
南开大学,国际商务,025400,经济学院,365,55,55,90,90,2025
南开大学,保险,025500,金融学院,365,55,55,90,90,2025
南开大学,数字经济,025800,经济学院,323,40,40,60,60,2025
南开大学,数据科学,0259S1,统计与数据科学学院,323,40,40,60,60,2025
南开大学,技术转移,0260S1,金融学院,323,40,40,60,60,2025
南开大学,法学,030100,法学院,330,60,50,90,90,2025
南开大学,政治学,030200,周恩来政府管理学院,330,60,50,90,90,2025
南开大学,政治学,030200,马克思主义学院,330,60,50,90,90,2025
南开大学,政治学,030200,日本研究院,330,60,50,90,90,2025
南开大学,社会学,030300,社会学院,330,60,50,90,90,2025
南开大学,马克思主义理论,030500,马克思主义学院,330,60,50,90,90,2025
南开大学,法律（非法学）,035101,法学院,330,60,50,90,90,2025
南开大学,法律（法学）,035102,法学院,330,60,50,90,90,2025
南开大学,社会工作,035200,社会学院,330,60,50,90,90,2025
南开大学,社会政策,0356S1,社会学院,330,60,50,90,90,2025
南开大学,国际中文教育,045300,汉语言文化学院,345,55,50,85,85,2025
南开大学,应用心理,045400,社会学院,380,55,55,220,0,2025
南开大学,中国语言文学,050100,文学院,355,60,50,90,90,2025
南开大学,外国语言文学,050200,外国语学院,355,60,50,90,90,2025
南开大学,新闻传播学,050300,新闻与传播学院,355,60,50,90,90,2025
南开大学,翻译,055100,外国语学院,360,60,55,90,90,2025
南开大学,出版,055300,新闻与传播学院,360,60,55,90,90,2025
南开大学,考古学,060100,历史学院,360,60,60,200,0,2025
南开大学,中国史,060200,历史学院,360,60,60,200,0,2025
南开大学,世界史,060300,历史学院,360,60,60,200,0,2025
南开大学,世界史,060300,日本研究院,360,60,60,200,0,2025
南开大学,博物馆,065100,历史学院,345,60,60,180,0,2025
南开大学,数学,070100,数学科学学院,290,50,40,70,75,2025
南开大学,数学,070100,陈省身数学研究所,290,50,40,70,75,2025
南开大学,物理学,070200,泰达应用物理研究院,290,50,40,70,75,2025
南开大学,物理学,070200,物理科学学院,290,50,40,70,75,2025
南开大学,物理学,070200,陈省身数学研究所,290,50,40,70,75,2025
南开大学,化学,070300,化学学院,290,50,40,70,75,2025
南开大学,化学,070300,生命科学学院,290,50,40,70,75,2025
南开大学,生物学,071000,生命科学学院,290,50,40,70,75,2025
南开大学,生物学,071000,泰达生物技术研究院,290,50,40,70,75,2025
南开大学,生物学,071000,医学院,290,50,40,70,75,2025
南开大学,生态学,071300,环境科学与工程学院,290,50,40,70,75,2025
南开大学,统计学,071400,统计与数据科学学院,290,50,40,70,75,2025
南开大学,光学工程,080300,电子信息与光学工程学院,295,50,40,175,51,2025
南开大学,材料科学与工程,080500,材料科学与工程学院,295,50,40,175,51,2025
南开大学,电子科学与技术,080900,电子信息与光学工程学院,295,50,40,175,51,2025
南开大学,信息与通信工程,081000,电子信息与光学工程学院,295,50,40,175,51,2025
南开大学,控制科学与工程,081100,人工智能学院,295,50,40,175,51,2025
南开大学,计算机科学与技术,081200,计算机学院,295,50,40,175,51,2025
南开大学,环境科学与工程,083000,环境科学与工程学院,295,50,40,175,51,2025
南开大学,食品科学与工程,083200,医学院,295,50,40,175,51,2025
南开大学,软件工程,083500,软件学院,295,50,40,175,51,2025
南开大学,网络空间安全,083900,网络空间安全学院,295,50,40,175,51,2025
南开大学,电子信息,085400,人工智能学院,290,50,45,70,75,2025
南开大学,电子信息,085400,软件学院,290,50,45,70,75,2025
南开大学,电子信息,085400,电子信息与光学工程学院,290,50,45,70,75,2025
南开大学,电子信息,085400,网络空间安全学院,290,50,45,70,75,2025
南开大学,电子信息,085400,计算机学院,290,50,45,70,75,2025
南开大学,材料与化工,085600,材料科学与工程学院,290,50,45,70,75,2025
南开大学,材料与化工,085600,化学学院,290,50,45,70,75,2025
南开大学,资源与环境,085700,环境科学与工程学院,290,50,45,70,75,2025
南开大学,能源动力,085800,化学学院,290,50,45,70,75,2025
南开大学,生物与医药,086000,生命科学学院,290,50,45,70,75,2025
南开大学,生物与医药,086000,药学院,290,50,45,70,75,2025
南开大学,植物保护,090400,化学学院,290,50,40,75,75,2025
南开大学,农业,095100,化学学院,270,50,40,70,70,2025
南开大学,临床医学,100200,医学院,295,50,40,175,0,2025
南开大学,口腔医学,100300,医学院,295,50,40,175,0,2025
南开大学,药学,100700,药学院,295,50,40,175,0,2025
南开大学,临床医学,105100,医学院,320,55,45,180,0,2025
南开大学,口腔医学,105200,医学院,320,55,45,180,0,2025
南开大学,管理科学与工程,120100,商学院,340,60,50,85,85,2025
南开大学,工商管理学,120200,旅游与服务学院,340,60,50,85,85,2025
南开大学,工商管理学,120200,商学院,340,60,50,85,85,2025
南开大学,公共管理学,120400,周恩来政府管理学院,340,60,50,85,85,2025
南开大学,信息资源管理,120500,商学院,340,60,50,85,85,2025
南开大学,工商管理,125100,商学院,151,0,35,70,0,2025
南开大学,公共管理,125200,周恩来政府管理学院,175,0,50,100,0,2025
南开大学,会计,125300,商学院,194,0,48,96,0,2025
南开大学,旅游管理,125400,旅游与服务学院,151,0,35,70,0,2025
南开大学,图书情报,125500,商学院,191,0,48,96,0,2025
南开大学,工程管理,125600,商学院,162,0,38,76,0,2025
南开大学,工程管理,125600,经济与社会发展研究院,162,0,38,76,0,2025
南开大学,艺术学,130100,文学院,355,50,45,100,100,2025
南开大学,设计,135700,文学院,375,50,50,90,90,2025
南开大学,智能科学与技术,140500,人工智能学院,300,50,45,75,75,2025
南开大学,文物,145100,历史学院,300,50,50,75,75,2025
南开大学,密码,145200,网络空间安全学院,300,50,50,75,75,2025
山东大学,哲学,01,不区分院系,350,55,55,90,90,2023
山东大学,金融,0251,不区分院系,370,60,60,90,90,2023
山东大学,应用统计,0252,不区分院系,370,60,60,90,90,2023
山东大学,税务,0253,不区分院系,346,48,48,72,72,2023
山东大学,国际商务,0254,不区分院系,346,48,48,72,72,2023
山东大学,审计,0257,不区分院系,240,0,60,120,0,2023
山东大学,经济学,02,不区分院系,346,48,48,72,72,2023
山东大学,法律（非法学）,035101,不区分院系,340,50,50,90,90,2023
山东大学,法律（法学）,035102,不区分院系,340,50,50,90,90,2023
山东大学,社会工作,0352,不区分院系,326,45,45,68,68,2023
山东大学,法学,03,不区分院系,340,50,50,90,90,2023
山东大学,体育学,0403,不区分院系,320,45,45,180,0,2023
山东大学,体育,0452,不区分院系,320,45,45,180,0,2023
山东大学,汉语国际教育,0453,不区分院系,350,51,51,77,77,2023
山东大学,翻译,0551,不区分院系,370,60,60,90,90,2023
山东大学,新闻与传播,0552,不区分院系,380,60,60,90,90,2023
山东大学,文学,05,不区分院系,363,54,54,81,81,2023
山东大学,文物与博物馆,0651,不区分院系,360,55,55,180,0,2023
山东大学,历史学,06,不区分院系,340,50,50,180,0,2023
山东大学,理学,07,不区分院系,300,45,45,70,70,2023
山东大学,电子信息,0854,不区分院系,320,50,50,80,80,2023
山东大学,机械,0855,不区分院系,320,50,50,80,80,2023
山东大学,材料与化工,0856,不区分院系,300,45,45,70,70,2023
山东大学,资源与环境,0857,不区分院系,300,45,45,70,70,2023
山东大学,能源动力,0858,不区分院系,320,50,50,80,80,2023
山东大学,土木水利,0859,不区分院系,300,45,45,70,70,2023
山东大学,生物与医药,0860,不区分院系,320,50,50,80,80,2023
山东大学,交通运输,0861,不区分院系,300,45,45,70,70,2023
山东大学,工学（不含工学照顾专业）,08,不区分院系,300,45,45,70,70,2023
山东大学,临床医学,1051,不区分院系,320,50,50,180,0,2023
山东大学,口腔医学,1052,不区分院系,320,50,50,180,0,2023
山东大学,公共卫生,1053,不区分院系,296,39,39,117,0,2023
山东大学,护理,1054,不区分院系,320,50,50,180,0,2023
山东大学,药学,1055,不区分院系,320,50,50,180,0,2023
山东大学,医学（不含中医类照顾专业）,10,不区分院系,296,39,39,117,0,2023
山东大学,工程管理,125601,不区分院系,178,0,44,88,0,2023
山东大学,工业工程与管理,125603,不区分院系,225,0,60,120,0,2023
山东大学,工商管理,1251,不区分院系,167,0,41,82,0,2023
山东大学,公共管理,1252,不区分院系,175,0,44,88,0,2023
山东大学,会计,1253,不区分院系,240,0,60,120,0,2023
山东大学,旅游管理,1254,不区分院系,167,0,41,82,0,2023
山东大学,图书情报,1255,不区分院系,240,0,60,120,0,2023
山东大学,管理学,12,不区分院系,340,50,50,90,90,2023
山东大学,艺术,1351,不区分院系,362,40,40,60,60,2023
山东大学,艺术学,13,不区分院系,362,40,40,60,60,2023
山东大学,交叉学科,14,不区分院系,265,36,36,54,54,2023
山东大学,哲学,01,不区分院系,360,60,60,90,90,2024
山东大学,金融,0251,不区分院系,340,50,50,80,80,2024
山东大学,应用统计,0252,不区分院系,370,60,60,90,90,2024
山东大学,税务,0253,不区分院系,340,50,50,80,80,2024
山东大学,国际商务,0254,不区分院系,340,50,50,80,80,2024
山东大学,经济学,02,不区分院系,350,50,50,80,80,2024
山东大学,法律（非法学）,035101,法学院,340,50,50,90,90,2024
山东大学,法律（非法学）,035101,法学院（威海）,340,50,50,90,90,2024
山东大学,法律（法学）,035102,法学院,340,50,50,90,90,2024
山东大学,法律（法学）,035102,法学院（威海）,340,50,50,90,90,2024
山东大学,社会工作,0352,不区分院系,350,50,50,90,90,2024
山东大学,法学,03,不区分院系,350,50,50,90,90,2024
山东大学,体育学,0403,不区分院系,350,50,50,180,0,2024
山东大学,体育,0452,不区分院系,340,50,50,180,0,2024
山东大学,国际中文教育,0453,不区分院系,360,60,60,90,90,2024
山东大学,翻译,0551,不区分院系,375,60,60,90,90,2024
山东大学,新闻与传播,0552,不区分院系,375,60,60,90,90,2024
山东大学,文学,05,不区分院系,370,60,60,90,90,2024
山东大学,博物馆,0651,不区分院系,355,50,50,180,0,2024
山东大学,历史学,06,不区分院系,350,50,50,180,0,2024
山东大学,理学,07,不区分院系,300,45,45,65,65,2024
山东大学,电子信息,0854,不区分院系,300,40,40,60,60,2024
山东大学,机械,0855,不区分院系,300,40,40,60,60,2024
山东大学,材料与化工,0856,不区分院系,300,40,40,60,60,2024
山东大学,资源与环境,0857,不区分院系,300,40,40,60,60,2024
山东大学,能源动力,0858,不区分院系,300,40,40,60,60,2024
山东大学,土木水利,0859,不区分院系,300,40,40,60,60,2024
山东大学,生物与医药,0860,不区分院系,300,40,40,60,60,2024
山东大学,交通运输,0861,不区分院系,300,40,40,60,60,2024
山东大学,工学（不含工学照顾专业）,08,不区分院系,300,40,40,60,60,2024
山东大学,临床医学,1051,不区分院系,320,50,50,180,0,2024
山东大学,口腔医学,1052,不区分院系,345,50,50,180,0,2024
山东大学,公共卫生,1053,不区分院系,310,50,50,180,0,2024
山东大学,护理,1054,不区分院系,320,50,50,180,0,2024
山东大学,药学,1055,不区分院系,330,50,50,180,0,2024
山东大学,医学（不含中医类照顾专业）,10,不区分院系,305,45,45,130,0,2024
山东大学,工程管理,125601,管理学院,176,0,43,86,0,2024
山东大学,工程管理,125601,齐鲁交通学院,176,0,43,86,0,2024
山东大学,工程管理,125601,商学院,176,0,43,86,0,2024
山东大学,项目管理,125602,管理学院,176,0,43,86,0,2024
山东大学,工业工程与管理,125603,管理学院,220,0,60,120,0,2024
山东大学,工业工程与管理,125603,商学院,220,0,60,120,0,2024
山东大学,工商管理,1251,不区分院系,162,0,39,78,0,2024
山东大学,公共管理,1252,不区分院系,180,0,45,90,0,2024
山东大学,会计,1253,不区分院系,235,0,60,120,0,2024
山东大学,旅游管理,1254,不区分院系,162,0,39,78,0,2024
山东大学,图书情报,1255,不区分院系,240,0,60,120,0,2024
山东大学,审计,1257,不区分院系,245,0,60,120,0,2024
山东大学,管理学,12,不区分院系,350,50,50,80,80,2024
山东大学,音乐,1352,不区分院系,370,45,45,90,90,2024
山东大学,美术与书法,1356,不区分院系,370,45,45,90,90,2024
山东大学,设计,1357,不区分院系,365,40,40,60,60,2024
山东大学,艺术学,13,不区分院系,370,50,50,90,90,2024
山东大学,交叉学科,14,不区分院系,300,40,40,60,60,2024
山东大学,哲学,01,不区分院系,350,45,45,70,70,2025
山东大学,金融,0251,不区分院系,345,50,50,80,80,2025
山东大学,应用统计,0252,不区分院系,335,50,50,80,80,2025
山东大学,税务,0253,不区分院系,355,50,50,80,80,2025
山东大学,国际商务,0254,不区分院系,360,50,50,80,80,2025
山东大学,经济学,02,不区分院系,330,50,50,80,80,2025
山东大学,法律（非法学）,035101,法学院（威海）,325,50,50,80,80,2025
山东大学,法律（非法学）,035101,法学院,325,50,50,80,80,2025
山东大学,法律（法学）,035102,法学院（威海）,323,40,40,60,60,2025
山东大学,法律（法学）,035102,法学院,323,40,40,60,60,2025
山东大学,社会工作,0352,不区分院系,370,50,50,80,80,2025
山东大学,法学,03,不区分院系,340,50,50,80,80,2025
山东大学,体育学,0403,不区分院系,335,50,50,160,160,2025
山东大学,体育,0452,不区分院系,360,50,50,160,0,2025
山东大学,国际中文教育,0453,不区分院系,355,50,50,80,80,2025
山东大学,翻译,0551,不区分院系,385,50,50,80,80,2025
山东大学,新闻与传播,0552,不区分院系,365,50,50,80,80,2025
山东大学,文学,05,不区分院系,355,50,50,80,80,2025
山东大学,博物馆,0651,不区分院系,355,50,50,160,0,2025
山东大学,历史学,06,不区分院系,340,45,45,140,140,2025
山东大学,理学,07,不区分院系,300,40,40,60,60,2025
山东大学,电子信息,0854,不区分院系,310,40,40,60,60,2025
山东大学,机械,0855,不区分院系,310,40,40,60,60,2025
山东大学,材料与化工,0856,不区分院系,310,40,40,60,60,2025
山东大学,资源与环境,0857,不区分院系,310,40,40,60,60,2025
山东大学,能源动力,0858,不区分院系,310,40,40,60,60,2025
山东大学,土木水利,0859,不区分院系,310,40,40,60,60,2025
山东大学,生物与医药,0860,不区分院系,310,40,40,60,60,2025
山东大学,交通运输,0861,不区分院系,310,40,40,60,60,2025
山东大学,工学（不含工学照顾专业）,08,不区分院系,310,40,40,60,60,2025
山东大学,临床医学,1051,不区分院系,320,45,45,140,0,2025
山东大学,口腔医学,1052,不区分院系,325,45,45,140,0,2025
山东大学,公共卫生,1053,不区分院系,300,40,40,120,0,2025
山东大学,护理,1054,不区分院系,310,40,40,120,0,2025
山东大学,药学,1055,不区分院系,345,50,50,160,0,2025
山东大学,医学（不含中医类照顾专业）,10,不区分院系,295,40,40,120,0,2025
山东大学,工程管理,125601,商学院,162,0,38,76,0,2025
山东大学,工程管理,125601,管理学院,162,0,38,76,0,2025
山东大学,工程管理,125601,齐鲁交通学院,162,0,38,76,0,2025
山东大学,项目管理,125602,商学院,162,0,38,76,0,2025
山东大学,工业工程与管理,125603,管理学院,225,0,60,120,0,2025
山东大学,工业工程与管理,125603,商学院,225,0,60,120,0,2025
山东大学,工商管理,1251,不区分院系,151,0,35,70,0,2025
山东大学,公共管理,1252,不区分院系,175,0,45,90,0,2025
山东大学,会计,1253,不区分院系,240,0,60,120,0,2025
山东大学,旅游管理,1254,不区分院系,151,0,35,70,0,2025
山东大学,图书情报,1255,不区分院系,205,0,50,100,0,2025
山东大学,审计,1257,不区分院系,230,0,60,120,0,2025
山东大学,管理学,12,不区分院系,345,50,50,80,80,2025
山东大学,音乐,1352,不区分院系,370,45,45,70,70,2025
山东大学,美术与书法,1356,不区分院系,370,45,45,70,70,2025
山东大学,设计,1357,不区分院系,380,50,50,80,80,2025
山东大学,艺术学,13,不区分院系,370,45,45,70,70,2025
山东大学,文物,1451,不区分院系,355,50,50,80,80,2025
山东大学,交叉学科,14,不区分院系,310,40,40,60,60,2025
山东大学,哲学,01,不区分院系,360,50,50,80,80,2026
山东大学,金融,0251,不区分院系,355,50,50,80,80,2026
山东大学,应用统计,0252,不区分院系,325,40,40,60,60,2026
山东大学,税务,0253,不区分院系,360,50,50,80,80,2026
山东大学,国际商务,0254,不区分院系,370,50,50,80,80,2026
山东大学,经济学,02,不区分院系,345,50,50,80,80,2026
山东大学,法律（非法学）,035101,纪检监察学院,325,50,50,80,80,2026
山东大学,法律（非法学）,035101,法学院,325,50,50,80,80,2026
山东大学,法律（法学）,035102,纪检监察学院,325,50,50,80,80,2026
山东大学,法律（法学）,035102,法学院,325,50,50,80,80,2026
山东大学,社会工作,0352,不区分院系,355,50,50,80,80,2026
山东大学,法学,03,不区分院系,340,50,50,80,80,2026
山东大学,体育学,0403,不区分院系,350,50,50,160,0,2026
山东大学,体育,0452,不区分院系,360,50,50,160,0,2026
山东大学,国际中文教育,0453,不区分院系,350,50,50,80,80,2026
山东大学,翻译,0551,不区分院系,354,48,48,72,72,2026
山东大学,新闻与传播,0552,不区分院系,370,50,50,80,80,2026
山东大学,文学,05,不区分院系,365,50,50,80,80,2026
山东大学,博物馆,0651,不区分院系,341,45,45,135,0,2026
山东大学,历史学,06,不区分院系,355,50,50,160,0,2026
山东大学,理学,07,不区分院系,315,40,40,60,60,2026
山东大学,电子信息,0854,不区分院系,320,50,50,80,80,2026
山东大学,机械,0855,不区分院系,320,50,50,80,80,2026
山东大学,材料与化工,0856,不区分院系,320,50,50,80,80,2026
山东大学,资源与环境,0857,不区分院系,310,40,40,60,60,2026
山东大学,能源动力,0858,不区分院系,320,50,50,80,80,2026
山东大学,土木水利,0859,不区分院系,320,50,50,80,80,2026
山东大学,生物与医药,0860,不区分院系,310,40,40,60,60,2026
山东大学,交通运输,0861,不区分院系,320,50,50,80,80,2026
山东大学,工学（不含工学照顾专业）,08,不区分院系,310,40,40,60,60,2026
山东大学,临床医学,1051,不区分院系,340,50,50,160,0,2026
山东大学,口腔医学,1052,不区分院系,340,50,50,160,0,2026
山东大学,公共卫生,1053,不区分院系,320,50,50,160,0,2026
山东大学,护理,1054,不区分院系,320,50,50,160,0,2026
山东大学,药学,1055,不区分院系,350,50,50,160,0,2026
山东大学,医学,10,不区分院系,300,40,40,120,0,2026
山东大学,工程管理,125601,管理学院,170,0,40,80,0,2026
山东大学,工程管理,125601,齐鲁交通学院,170,0,40,80,0,2026
山东大学,工程管理,125601,商学院,170,0,40,80,0,2026
山东大学,项目管理,125602,商学院,166,0,39,78,0,2026
山东大学,工业工程与管理,125603,商学院,225,0,60,120,0,2026
山东大学,工业工程与管理,125603,管理学院,225,0,60,120,0,2026
山东大学,工商管理,1251,不区分院系,146,0,35,70,0,2026
山东大学,公共管理,1252,不区分院系,168,0,39,78,0,2026
山东大学,会计,1253,不区分院系,245,0,60,120,0,2026
山东大学,旅游管理,1254,不区分院系,151,0,35,70,0,2026
山东大学,图书情报,1255,不区分院系,220,0,60,120,0,2026
山东大学,审计,1257,不区分院系,240,0,60,120,0,2026
山东大学,管理学,12,不区分院系,350,50,50,80,80,2026
山东大学,音乐,1352,不区分院系,355,40,40,60,60,2026
山东大学,美术与书法,1356,不区分院系,354,38,38,57,57,2026
山东大学,设计,1357,不区分院系,355,40,40,60,60,2026
山东大学,艺术学,13,不区分院系,355,40,40,60,60,2026
山东大学,文物,1451,不区分院系,325,40,40,60,60,2026
山东大学,密码,1452,不区分院系,325,40,40,60,60,2026
山东大学,交叉学科,14,不区分院系,320,40,40,60,60,2026
西北工业大学,应用统计,0252,不区分院系,350,50,50,80,80,2023
西北工业大学,经济学,02,不区分院系,346,48,48,72,72,2023
西北工业大学,法学,03,不区分院系,340,50,50,85,85,2023
西北工业大学,教育学,0401,不区分院系,350,51,51,153,0,2023
西北工业大学,体育学,0403,不区分院系,305,39,39,117,0,2023
西北工业大学,教育,0451,不区分院系,350,51,51,77,77,2023
西北工业大学,翻译,0551,不区分院系,365,55,55,90,90,2023
西北工业大学,文学,05,不区分院系,365,55,55,85,85,2023
西北工业大学,理学,07,不区分院系,310,50,50,70,70,2023
西北工业大学,力学,0801,不区分院系,300,50,50,70,70,2023
西北工业大学,动力工程及工程热物理,0807,不区分院系,300,50,50,70,70,2023
西北工业大学,船舶与海洋工程,0824,不区分院系,300,50,50,70,70,2023
西北工业大学,航空宇航科学与技术,0825,不区分院系,300,50,50,70,70,2023
西北工业大学,兵器科学与技术,0826,不区分院系,300,50,50,70,70,2023
西北工业大学,电子信息,0854,不区分院系,310,50,50,70,70,2023
西北工业大学,机械,0855,不区分院系,310,50,50,70,70,2023
西北工业大学,材料与化工,0856,不区分院系,310,50,50,70,70,2023
西北工业大学,资源与环境,0857,不区分院系,310,50,50,70,70,2023
西北工业大学,能源动力,0858,不区分院系,310,50,50,70,70,2023
西北工业大学,土木水利,0859,不区分院系,310,50,50,70,70,2023
西北工业大学,生物与医药,0860,不区分院系,310,50,50,70,70,2023
西北工业大学,交通运输,0861,不区分院系,310,50,50,70,70,2023
西北工业大学,工学（不含工学照顾专业）,08,不区分院系,310,50,50,70,70,2023
西北工业大学,医学（不含中医类照顾专业）,10,不区分院系,315,50,50,135,0,2023
西北工业大学,工商管理,125100,不区分院系,167,0,41,82,0,2023
西北工业大学,公共管理,125200,不区分院系,175,0,44,88,0,2023
西北工业大学,会计,125300,不区分院系,197,0,51,102,0,2023
西北工业大学,工程管理,125601,不区分院系,178,0,44,88,0,2023
西北工业大学,工业工程与管理,125603,不区分院系,240,0,60,140,0,2023
西北工业大学,管理学,12,不区分院系,345,50,50,90,90,2023
西北工业大学,艺术学,13,不区分院系,362,40,40,60,60,2023
西北工业大学,交叉学科,14,不区分院系,300,50,50,70,70,2023
西北工业大学,应用统计,0252,不区分院系,360,60,60,90,90,2024
西北工业大学,经济学,02,不区分院系,338,47,47,71,71,2024
西北工业大学,法学,03,不区分院系,340,50,50,85,85,2024
西北工业大学,教育学,0401,不区分院系,350,51,51,153,0,2024
西北工业大学,体育学,0403,不区分院系,313,41,41,123,0,2024
西北工业大学,教育,0451,不区分院系,350,51,51,77,77,2024
西北工业大学,翻译,0551,不区分院系,365,55,55,90,90,2024
西北工业大学,文学,05,不区分院系,365,55,55,85,85,2024
西北工业大学,理学,07,不区分院系,310,50,50,70,70,2024
西北工业大学,力学,0801,不区分院系,300,50,50,70,70,2024
西北工业大学,动力工程及工程热物理,0807,不区分院系,300,50,50,70,70,2024
西北工业大学,船舶与海洋工程,0824,不区分院系,300,50,50,70,70,2024
西北工业大学,航空宇航科学与技术,0825,不区分院系,300,50,50,70,70,2024
西北工业大学,兵器科学与技术,0826,不区分院系,300,50,50,70,70,2024
西北工业大学,电子信息,0854,不区分院系,310,50,50,70,70,2024
西北工业大学,机械,0855,不区分院系,310,50,50,70,70,2024
西北工业大学,材料与化工,0856,不区分院系,310,50,50,70,70,2024
西北工业大学,资源与环境,0857,不区分院系,310,50,50,70,70,2024
西北工业大学,能源动力,0858,不区分院系,310,50,50,70,70,2024
西北工业大学,土木水利,0859,不区分院系,310,50,50,70,70,2024
西北工业大学,生物与医药,0860,不区分院系,310,50,50,70,70,2024
西北工业大学,交通运输,0861,不区分院系,310,50,50,70,70,2024
西北工业大学,工学（不含工学照顾专业）,08,不区分院系,310,50,50,70,70,2024
西北工业大学,医学（不含中医类照顾专业）,10,不区分院系,315,50,50,135,0,2024
西北工业大学,工程管理,125601,管理学院,176,0,43,86,0,2024
西北工业大学,工业工程与管理,125603,管理学院,235,0,60,135,0,2024
西北工业大学,工商管理,1251,不区分院系,162,0,39,78,0,2024
西北工业大学,公共管理,1252,不区分院系,173,0,43,86,0,2024
西北工业大学,会计,1253,不区分院系,201,0,52,104,0,2024
西北工业大学,管理学,12,不区分院系,350,60,60,90,90,2024
西北工业大学,文物,1451,不区分院系,300,50,50,70,70,2024
西北工业大学,交叉学科,14,不区分院系,300,50,50,70,70,2024
西北工业大学,应用统计,0252,不区分院系,350,50,50,80,80,2025
西北工业大学,经济学,02,不区分院系,335,45,45,70,70,2025
西北工业大学,法学,03,不区分院系,330,50,50,85,85,2025
西北工业大学,教育学,0401,不区分院系,341,45,45,135,135,2025
西北工业大学,体育学,0403,不区分院系,304,36,36,108,108,2025
西北工业大学,教育,0451,不区分院系,341,45,45,68,68,2025
西北工业大学,翻译,0551,不区分院系,365,55,55,90,90,2025
西北工业大学,文学,05,不区分院系,365,55,55,85,85,2025
西北工业大学,理学,07,不区分院系,310,45,45,70,70,2025
西北工业大学,力学,080100,航空学院,300,45,45,70,70,2025
西北工业大学,力学,080100,力学与土木建筑学院,300,45,45,70,70,2025
西北工业大学,力学,080100,民航学院,300,45,45,70,70,2025
西北工业大学,工程热物理,080701,动力与能源学院,300,45,45,70,70,2025
西北工业大学,热能工程,080702,航海学院,300,45,45,70,70,2025
西北工业大学,热能工程,080702,动力与能源学院,300,45,45,70,70,2025
西北工业大学,动力机械及工程,080703,动力与能源学院,300,45,45,70,70,2025
西北工业大学,流体机械及工程,080704,动力与能源学院,300,45,45,70,70,2025
西北工业大学,风能和太阳能系统及工程,0807Z1,动力与能源学院,300,45,45,70,70,2025
西北工业大学,船舶与海洋工程,082400,航海学院,300,45,45,70,70,2025
西北工业大学,航空宇航科学与技术,082500,航空学院,300,45,45,70,70,2025
西北工业大学,航空宇航科学与技术,082500,民航学院,300,45,45,70,70,2025
西北工业大学,航空宇航科学与技术,082500,航天学院,300,45,45,70,70,2025
西北工业大学,航空宇航推进理论与工程,082502,动力与能源学院,300,45,45,70,70,2025
西北工业大学,航空宇航制造工程,082503,机电学院,300,45,45,70,70,2025
西北工业大学,兵器科学与技术,082600,航海学院,300,45,45,70,70,2025
西北工业大学,电子信息,0854,不区分院系,310,45,45,70,70,2025
西北工业大学,机械,0855,不区分院系,310,45,45,70,70,2025
西北工业大学,材料与化工,0856,不区分院系,310,45,45,70,70,2025
西北工业大学,资源与环境,0857,不区分院系,310,45,45,70,70,2025
西北工业大学,能源动力,0858,不区分院系,310,45,45,70,70,2025
西北工业大学,土木水利,0859,不区分院系,310,45,45,70,70,2025
西北工业大学,生物与医药,0860,不区分院系,310,45,45,70,70,2025
西北工业大学,交通运输,0861,不区分院系,310,45,45,70,70,2025
西北工业大学,工学（不含工学照顾专业）,08,不区分院系,310,45,45,70,70,2025
西北工业大学,医学（不含中医类照顾专业）,10,不区分院系,310,45,45,135,135,2025
西北工业大学,工程管理,125601,管理学院,162,0,38,76,0,2025
西北工业大学,工业工程与管理,125603,管理学院,220,0,55,135,0,2025
西北工业大学,工商管理,1251,不区分院系,151,35,35,70,70,2025
西北工业大学,公共管理,1252,不区分院系,164,38,38,76,76,2025
西北工业大学,会计,1253,不区分院系,194,48,48,96,96,2025
西北工业大学,管理学,12,不区分院系,335,50,50,90,90,2025
西北工业大学,文物,1451,不区分院系,300,45,45,70,70,2025
西北工业大学,交叉学科,14,不区分院系,300,45,45,70,70,2025
西北工业大学,应用统计,0252,不区分院系,350,50,50,80,80,2026
西北工业大学,经济学,02,不区分院系,335,45,45,70,70,2026
西北工业大学,法学,03,不区分院系,340,50,50,85,85,2026
西北工业大学,教育学,0401,不区分院系,360,50,50,150,0,2026
西北工业大学,体育学,0403,不区分院系,310,38,38,114,0,2026
西北工业大学,教育,0451,不区分院系,347,48,48,72,72,2026
西北工业大学,翻译,0551,不区分院系,365,55,55,85,85,2026
西北工业大学,文学,05,不区分院系,365,55,55,85,85,2026
西北工业大学,理学,07,不区分院系,310,45,45,70,70,2026
西北工业大学,力学,0801,不区分院系,300,45,45,70,70,2026
西北工业大学,动力工程及工程热物理,0807,不区分院系,300,45,45,70,70,2026
西北工业大学,船舶与海洋工程,0824,不区分院系,300,45,45,70,70,2026
西北工业大学,航空宇航科学与技术,0825,不区分院系,300,45,45,70,70,2026
西北工业大学,兵器科学与技术,0826,不区分院系,300,45,45,70,70,2026
西北工业大学,电子信息,0854,不区分院系,310,45,45,70,70,2026
西北工业大学,机械,0855,不区分院系,310,45,45,70,70,2026
西北工业大学,材料与化工,0856,不区分院系,310,45,45,70,70,2026
西北工业大学,资源与环境,0857,不区分院系,310,45,45,70,70,2026
西北工业大学,能源动力,0858,不区分院系,310,45,45,70,70,2026
西北工业大学,土木水利,0859,不区分院系,310,45,45,70,70,2026
西北工业大学,生物与医药,0860,不区分院系,310,45,45,70,70,2026
西北工业大学,交通运输,0861,不区分院系,310,45,45,70,70,2026
西北工业大学,工学（不含工学照顾专业）,08,不区分院系,310,45,45,70,70,2026
西北工业大学,医学,10,不区分院系,310,45,45,135,0,2026
西北工业大学,工程管理,125601,管理学院,166,0,39,78,0,2026
西北工业大学,工业工程与管理,125603,管理学院,230,0,55,135,0,2026
西北工业大学,工商管理,1251,不区分院系,146,0,35,70,0,2026
西北工业大学,公共管理,1252,不区分院系,168,0,39,78,0,2026
西北工业大学,会计,1253,不区分院系,199,0,51,102,0,2026
西北工业大学,管理学,12,不区分院系,345,50,50,90,90,2026
西北工业大学,文物,1451,不区分院系,300,45,45,70,70,2026
西北工业大学,交叉学科,14,不区分院系,300,45,45,70,70,2026
中国农业大学,金融,0251,不区分院系,355,50,50,90,90,2023
中国农业大学,经济学,02,不区分院系,360,50,50,90,90,2023
中国农业大学,社会工作,0352,不区分院系,330,45,45,85,85,2023
中国农业大学,法学,03,不区分院系,340,50,50,85,85,2023
中国农业大学,文学,05,不区分院系,365,55,55,90,90,2023
中国农业大学,理学,07,不区分院系,305,50,50,90,90,2023
中国农业大学,力学,080100,不区分院系,300,45,45,80,80,2023
中国农业大学,水利工程,081500,不区分院系,300,45,45,80,80,2023
中国农业大学,农业工程,082800,不区分院系,300,45,45,80,80,2023
中国农业大学,电子信息,0854,不区分院系,345,55,55,90,90,2023
中国农业大学,机械,0855,不区分院系,340,55,55,90,90,2023
中国农业大学,资源与环境,0857,不区分院系,300,45,45,75,75,2023
中国农业大学,能源动力,0858,不区分院系,300,45,45,75,75,2023
中国农业大学,土木水利,0859,不区分院系,315,45,45,75,75,2023
中国农业大学,生物与医药,0860,不区分院系,310,45,45,70,70,2023
中国农业大学,工学（不含工学照顾专业）,08,不区分院系,305,50,50,90,90,2023
中国农业大学,农业,0951,不区分院系,300,45,45,75,75,2023
中国农业大学,兽医,0952,不区分院系,335,50,50,90,90,2023
中国农业大学,风景园林,0953,不区分院系,335,50,50,90,90,2023
中国农业大学,农学,09,不区分院系,315,50,50,85,85,2023
中国农业大学,工商管理,1251,不区分院系,190,0,60,115,0,2023
中国农业大学,公共管理,1252,不区分院系,175,0,45,90,0,2023
中国农业大学,会计,1253,不区分院系,230,0,65,125,0,2023
中国农业大学,图书情报,1255,不区分院系,230,0,60,120,0,2023
中国农业大学,管理学,12,不区分院系,350,50,50,90,90,2023
中国农业大学,金融,0251,不区分院系,350,50,50,90,90,2024
中国农业大学,经济学,02,不区分院系,355,50,50,90,90,2024
中国农业大学,社会工作,0352,不区分院系,340,50,50,90,90,2024
中国农业大学,法学,03,不区分院系,355,55,55,95,95,2024
中国农业大学,文学,05,不区分院系,375,60,60,95,95,2024
中国农业大学,理学,07,不区分院系,305,50,50,85,85,2024
中国农业大学,力学,0801,不区分院系,300,45,45,75,75,2024
中国农业大学,水利工程,0815,不区分院系,300,45,45,75,75,2024
中国农业大学,农业工程,0828,不区分院系,300,45,45,75,75,2024
中国农业大学,电子信息,0854,不区分院系,335,50,50,80,80,2024
中国农业大学,机械,0855,不区分院系,330,50,50,80,80,2024
中国农业大学,资源与环境,0857,不区分院系,300,45,45,70,70,2024
中国农业大学,能源动力,0858,不区分院系,300,45,45,75,75,2024
中国农业大学,土木水利,0859,不区分院系,310,45,45,70,70,2024
中国农业大学,生物与医药,0860,不区分院系,300,45,45,75,75,2024
中国农业大学,风景园林,0862,不区分院系,335,50,50,90,90,2024
中国农业大学,工学（不含工学照顾专业）,08,不区分院系,305,50,50,80,80,2024
中国农业大学,农业,0951,不区分院系,285,45,45,75,75,2024
中国农业大学,兽医,0952,不区分院系,335,50,50,90,90,2024
中国农业大学,农学,09,不区分院系,310,50,50,80,80,2024
中国农业大学,工商管理,1251,不区分院系,180,0,50,115,0,2024
中国农业大学,公共管理,1252,不区分院系,175,0,45,100,0,2024
中国农业大学,会计,1253,不区分院系,235,0,70,130,0,2024
中国农业大学,图书情报,1255,不区分院系,220,0,60,120,0,2024
中国农业大学,管理学,12,不区分院系,360,50,50,90,90,2024
中国农业大学,金融,0251,不区分院系,345,50,50,90,90,2025
中国农业大学,数字经济,0258,不区分院系,330,50,50,85,85,2025
中国农业大学,经济学,02,不区分院系,330,45,45,90,90,2025
中国农业大学,法律（法学）,035102,人文与发展学院,325,45,45,75,75,2025
中国农业大学,社会工作,0352,不区分院系,375,50,50,95,95,2025
中国农业大学,法学,03,不区分院系,330,45,45,90,90,2025
中国农业大学,文学,05,不区分院系,375,50,50,95,95,2025
中国农业大学,气象,0751,不区分院系,300,45,45,85,85,2025
中国农业大学,理学,07,不区分院系,305,45,45,85,85,2025
中国农业大学,力学,080100,理学院,290,40,40,75,75,2025
中国农业大学,水利工程,081500,水利与土木工程学院,290,40,40,75,75,2025
中国农业大学,农业工程,082800,工学院,290,40,40,75,75,2025
中国农业大学,农业机械化工程,082801,工学院,290,40,40,75,75,2025
中国农业大学,农业水土工程,082802,水利与土木工程学院,290,40,40,75,75,2025
中国农业大学,农业生物环境与能源工程,082803,水利与土木工程学院,290,40,40,75,75,2025
中国农业大学,农业电气化与自动化,082804,信息与电气工程学院,290,40,40,75,75,2025
中国农业大学,电子信息,0854,不区分院系,320,45,45,80,80,2025
中国农业大学,机械,0855,不区分院系,350,50,50,90,90,2025
中国农业大学,资源与环境,0857,不区分院系,300,45,45,75,75,2025
中国农业大学,能源动力,0858,不区分院系,320,45,45,85,85,2025
中国农业大学,土木水利,0859,不区分院系,305,45,45,70,70,2025
中国农业大学,生物与医药,0860,不区分院系,300,45,45,85,85,2025
中国农业大学,风景园林,0862,不区分院系,330,45,45,90,90,2025
中国农业大学,工学（不含工学照顾专业）,08,不区分院系,300,45,45,80,80,2025
中国农业大学,农业,0951,不区分院系,280,45,45,75,75,2025
中国农业大学,兽医,0952,不区分院系,335,50,50,90,90,2025
中国农业大学,食品与营养,0955,不区分院系,305,45,45,85,85,2025
中国农业大学,农学,09,不区分院系,310,45,45,80,80,2025
中国农业大学,工商管理,1251,不区分院系,151,0,40,90,0,2025
中国农业大学,公共管理,1252,不区分院系,175,0,45,100,0,2025
中国农业大学,会计,1253,不区分院系,230,0,65,130,0,2025
中国农业大学,图书情报,1255,不区分院系,225,0,65,130,0,2025
中国农业大学,管理学,12,不区分院系,335,45,45,90,90,2025
中国农业大学,艺术学,13,不区分院系,360,45,45,90,90,2025
中国农业大学,交叉学科,14,不区分院系,300,45,45,90,90,2025
中国农业大学,金融,0251,不区分院系,355,50,50,90,90,2026
中国农业大学,数字经济,0258,不区分院系,340,50,50,90,90,2026
中国农业大学,经济学,02,不区分院系,355,50,50,90,90,2026
中国农业大学,法律（法学）,035102,人文与发展学院,335,50,50,95,95,2026
中国农业大学,社会工作,0352,不区分院系,340,50,50,95,95,2026
中国农业大学,法学,03,不区分院系,340,50,50,90,90,2026
中国农业大学,文学,05,不区分院系,375,50,50,95,95,2026
中国农业大学,气象,0751,不区分院系,300,45,45,85,85,2026
中国农业大学,理学,07,不区分院系,305,45,45,85,85,2026
中国农业大学,力学,0801,不区分院系,280,40,40,75,75,2026
中国农业大学,冶金工程,0806,不区分院系,280,40,40,75,75,2026
中国农业大学,动力工程及工程热物理,0807,不区分院系,280,40,40,75,75,2026
中国农业大学,水利工程,0815,不区分院系,280,40,40,75,75,2026
中国农业大学,地质资源与地质工程,0818,不区分院系,280,40,40,75,75,2026
中国农业大学,矿业工程,0819,不区分院系,280,40,40,75,75,2026
中国农业大学,船舶与海洋工程,0824,不区分院系,280,40,40,75,75,2026
中国农业大学,航空宇航科学与技术,0825,不区分院系,280,40,40,75,75,2026
中国农业大学,兵器科学与技术,0826,不区分院系,280,40,40,75,75,2026
中国农业大学,核科学与技术,0827,不区分院系,280,40,40,75,75,2026
中国农业大学,农业工程,0828,不区分院系,280,40,40,75,75,2026
中国农业大学,电子信息,0854,不区分院系,320,45,45,80,80,2026
中国农业大学,机械,0855,不区分院系,370,50,50,95,95,2026
中国农业大学,资源与环境,0857,不区分院系,295,45,45,70,70,2026
中国农业大学,能源动力,0858,不区分院系,320,45,45,85,85,2026
中国农业大学,土木水利,0859,不区分院系,295,45,45,70,70,2026
中国农业大学,生物与医药,0860,不区分院系,300,45,45,85,85,2026
中国农业大学,风景园林,0862,不区分院系,345,50,50,90,90,2026
中国农业大学,工学（不含工学照顾专业）,08,不区分院系,310,50,50,80,80,2026
中国农业大学,农业,0951,不区分院系,280,45,45,75,75,2026
中国农业大学,兽医,0952,不区分院系,350,50,50,90,90,2026
中国农业大学,食品与营养,0955,不区分院系,300,45,45,80,80,2026
中国农业大学,农学,09,不区分院系,315,45,45,80,80,2026
中国农业大学,工商管理,1251,不区分院系,146,0,35,70,0,2026
中国农业大学,公共管理,1252,不区分院系,185,0,45,100,0,2026
中国农业大学,会计,1253,不区分院系,250,0,70,130,0,2026
中国农业大学,图书情报,1255,不区分院系,230,0,65,130,0,2026
中国农业大学,管理学,12,不区分院系,335,45,45,90,90,2026
中国农业大学,艺术学,13,不区分院系,360,45,45,90,90,2026
中国农业大学,交叉学科,14,不区分院系,300,45,45,85,85,2026
厦门大学,哲学,01,不区分院系,323,50,50,90,90,2023
厦门大学,金融,0251,不区分院系,360,60,60,90,90,2023
厦门大学,应用统计,0252,不区分院系,360,55,55,90,90,2023
厦门大学,税务,0253,不区分院系,360,55,55,90,90,2023
厦门大学,国际商务,0254,不区分院系,360,55,55,90,90,2023
厦门大学,保险,0255,不区分院系,360,55,55,90,90,2023
厦门大学,资产评估,0256,不区分院系,360,55,55,90,90,2023
厦门大学,审计,0257,不区分院系,250,0,60,120,0,2023
厦门大学,经济学,02,不区分院系,365,60,60,90,90,2023
厦门大学,法律（非法学）,035101,不区分院系,335,50,50,70,70,2023
厦门大学,法律（法学）,035102,不区分院系,335,50,50,70,70,2023
厦门大学,社会工作,0352,不区分院系,335,55,60,90,85,2023
厦门大学,法学,03,不区分院系,360,60,60,90,90,2023
厦门大学,汉语国际教育,0453,不区分院系,355,55,55,90,90,2023
厦门大学,教育学（不含体育学）,04,不区分院系,370,60,60,180,0,2023
厦门大学,翻译,0551,不区分院系,370,60,60,90,90,2023
厦门大学,新闻与传播,0552,不区分院系,370,60,60,90,90,2023
厦门大学,文学,05,不区分院系,370,60,60,90,90,2023
厦门大学,文物与博物馆,0651,不区分院系,365,50,50,180,0,2023
厦门大学,历史学,06,不区分院系,345,50,50,180,0,2023
厦门大学,理学,07,不区分院系,315,50,50,75,75,2023
厦门大学,建筑学,0851,不区分院系,320,50,50,75,75,2023
厦门大学,电子信息,0854,不区分院系,320,50,50,75,75,2023
厦门大学,机械,0855,不区分院系,320,50,50,75,75,2023
厦门大学,材料与化工,0856,不区分院系,320,50,50,75,75,2023
厦门大学,资源与环境,0857,不区分院系,320,50,50,75,75,2023
厦门大学,能源动力,0858,不区分院系,320,50,50,75,75,2023
厦门大学,土木水利,0859,不区分院系,320,50,50,75,75,2023
厦门大学,生物与医药,0860,不区分院系,273,40,40,60,60,2023
厦门大学,工学（不含工学照顾专业）,08,不区分院系,310,50,50,70,70,2023
厦门大学,临床医学,1051,不区分院系,310,50,50,160,0,2023
厦门大学,公共卫生,1053,不区分院系,315,50,50,170,0,2023
厦门大学,药学,1055,不区分院系,310,50,50,160,0,2023
厦门大学,医学（不含中医类照顾专业）,10,不区分院系,310,50,50,160,0,2023
厦门大学,项目管理,125602,不区分院系,195,0,55,115,0,2023
厦门大学,物流工程与管理,125604,不区分院系,235,0,75,150,0,2023
厦门大学,管理科学与工程,1201,不区分院系,355,55,55,80,80,2023
厦门大学,工商管理,1251,不区分院系,167,0,41,82,0,2023
厦门大学,公共管理,1252,不区分院系,195,0,50,100,0,2023
厦门大学,会计,1253,不区分院系,200,0,55,120,0,2023
厦门大学,旅游管理,1254,不区分院系,170,0,50,95,0,2023
厦门大学,工程管理,1256,不区分院系,195,0,55,115,0,2023
厦门大学,管理学,12,不区分院系,370,55,55,90,90,2023
厦门大学,戏剧与影视学,1303,不区分院系,370,60,60,90,90,2023
厦门大学,美术学,1304,不区分院系,365,50,45,90,90,2023
厦门大学,艺术,1351,不区分院系,362,40,40,60,60,2023
厦门大学,集成电路科学与工程,1401,不区分院系,315,50,50,70,70,2023
厦门大学,哲学,01,不区分院系,333,50,50,90,90,2024
厦门大学,金融,0251,不区分院系,360,60,60,90,90,2024
厦门大学,应用统计,0252,不区分院系,360,55,55,90,90,2024
厦门大学,税务,0253,不区分院系,360,55,55,90,90,2024
厦门大学,国际商务,0254,不区分院系,360,55,55,90,90,2024
厦门大学,保险,0255,不区分院系,360,55,55,90,90,2024
厦门大学,资产评估,0256,不区分院系,360,55,55,90,90,2024
厦门大学,经济学,02,不区分院系,370,60,60,90,90,2024
厦门大学,法律（非法学）,035101,知识产权研究院,350,60,60,90,90,2024
厦门大学,法律（非法学）,035101,法学院,350,60,60,90,90,2024
厦门大学,法律（法学）,035102,知识产权研究院,350,60,60,90,90,2024
厦门大学,法律（法学）,035102,法学院,350,60,60,90,90,2024
厦门大学,社会工作,0352,不区分院系,335,55,60,90,85,2024
厦门大学,知识产权,0354,不区分院系,350,55,55,90,90,2024
厦门大学,法学,03,不区分院系,365,60,60,90,90,2024
厦门大学,体育,0452,不区分院系,330,41,41,180,0,2024
厦门大学,国际中文教育,0453,不区分院系,355,55,55,90,90,2024
厦门大学,教育学（不含体育学）,04,不区分院系,370,60,60,180,0,2024
厦门大学,翻译,0551,不区分院系,370,60,60,90,90,2024
厦门大学,新闻与传播,0552,不区分院系,370,60,60,90,90,2024
厦门大学,文学,05,不区分院系,375,60,60,90,90,2024
厦门大学,历史学,06,不区分院系,345,50,50,180,0,2024
厦门大学,理学,07,不区分院系,315,50,50,75,75,2024
厦门大学,建筑,0851,不区分院系,315,50,50,75,75,2024
厦门大学,电子信息,0854,不区分院系,315,50,50,75,75,2024
厦门大学,机械,0855,不区分院系,315,50,50,75,75,2024
厦门大学,材料与化工,0856,不区分院系,315,50,50,75,75,2024
厦门大学,资源与环境,0857,不区分院系,315,50,50,75,75,2024
厦门大学,能源动力,0858,不区分院系,315,50,50,75,75,2024
厦门大学,土木水利,0859,不区分院系,315,50,50,75,75,2024
厦门大学,生物与医药,0860,不区分院系,275,40,40,60,60,2024
厦门大学,工学（不含工学照顾专业）,08,不区分院系,310,50,50,70,70,2024
厦门大学,临床医学,1051,不区分院系,310,50,50,160,0,2024
厦门大学,公共卫生,1053,不区分院系,315,50,50,170,0,2024
厦门大学,药学,1055,不区分院系,310,50,50,160,0,2024
厦门大学,医学（不含中医类照顾专业）,10,不区分院系,310,50,50,160,0,2024
厦门大学,物流工程与管理,125604,管理科学系,240,0,75,150,0,2024
厦门大学,管理科学与工程,1201,不区分院系,360,55,55,80,80,2024
厦门大学,工商管理,1251,不区分院系,162,0,39,78,0,2024
厦门大学,公共管理,1252,不区分院系,190,0,50,100,0,2024
厦门大学,会计,1253,不区分院系,201,0,55,120,0,2024
厦门大学,旅游管理,1254,不区分院系,162,0,45,95,0,2024
厦门大学,工程管理,1256,不区分院系,190,0,50,115,0,2024
厦门大学,审计,1257,不区分院系,255,0,60,120,0,2024
厦门大学,管理学,12,不区分院系,375,55,55,90,90,2024
厦门大学,音乐,1352,不区分院系,362,40,40,60,60,2024
厦门大学,戏剧与影视,1354,不区分院系,362,55,55,90,90,2024
厦门大学,美术与书法,1356,不区分院系,362,40,40,60,60,2024
厦门大学,设计,1357,不区分院系,362,40,40,60,60,2024
厦门大学,艺术学,13,不区分院系,365,55,55,90,90,2024
厦门大学,集成电路科学与工程,1401,不区分院系,315,50,50,70,70,2024
厦门大学,文物,1451,不区分院系,320,50,50,80,80,2024
厦门大学,马克思主义哲学,010101,哲学系,321,45,45,80,80,2025
厦门大学,中国哲学,010102,哲学系,321,45,45,80,80,2025
厦门大学,外国哲学,010103,哲学系,321,45,45,80,80,2025
厦门大学,逻辑学,010104,哲学系,321,45,45,80,80,2025
厦门大学,伦理学,010105,哲学系,321,45,45,80,80,2025
厦门大学,宗教学,010107,哲学系,321,45,45,80,80,2025
厦门大学,科学技术哲学,010108,哲学系,321,45,45,80,80,2025
厦门大学,政治经济学,020101,经济研究所,330,50,50,80,80,2025
厦门大学,政治经济学,020101,经济学系,330,50,50,80,80,2025
厦门大学,经济思想史,020102,经济学系,330,50,50,80,80,2025
厦门大学,经济史,020103,经济学系,330,50,50,80,80,2025
厦门大学,西方经济学,020104,经济学系,330,50,50,80,80,2025
厦门大学,西方经济学,020104,王亚南经济研究院,330,50,50,80,80,2025
厦门大学,世界经济,020105,国际经济与贸易系,330,50,50,80,80,2025
厦门大学,人口、资源与环境经济学,020106,经济学系,330,50,50,80,80,2025
厦门大学,人口、资源与环境经济学,020106,公共政策研究院,330,50,50,80,80,2025
厦门大学,国际经济学,0201Z1,国际经济与贸易系,330,50,50,80,80,2025
厦门大学,发展经济学,0201Z2,经济学系,330,50,50,80,80,2025
厦门大学,管理经济学,0201Z3,经济学系,330,50,50,80,80,2025
厦门大学,国民经济学,020201,统计学与数据科学系,330,50,50,80,80,2025
厦门大学,区域经济学,020202,经济研究所,330,50,50,80,80,2025
厦门大学,区域经济学,020202,王亚南经济研究院,330,50,50,80,80,2025
厦门大学,区域经济学,020202,台湾研究院,330,50,50,80,80,2025
厦门大学,财政学,020203,财政系,330,50,50,80,80,2025
厦门大学,金融学,020204,王亚南经济研究院,330,50,50,80,80,2025
厦门大学,金融学,020204,金融系,330,50,50,80,80,2025
厦门大学,产业经济学,020205,经济研究所,330,50,50,80,80,2025
厦门大学,国际贸易学,020206,国际经济与贸易系,330,50,50,80,80,2025
厦门大学,劳动经济学,020207,王亚南经济研究院,330,50,50,80,80,2025
厦门大学,数量经济学,020209,王亚南经济研究院,330,50,50,80,80,2025
厦门大学,数量经济学,020209,邹至庄经济研究院,330,50,50,80,80,2025
厦门大学,数量经济学,020209,统计学与数据科学系,330,50,50,80,80,2025
厦门大学,金融工程,0202Z1,金融系,330,50,50,80,80,2025
厦门大学,能源经济学,0202Z2,中国能源经济研究中心,330,50,50,80,80,2025
厦门大学,国际金融学,0202Z4,金融系,330,50,50,80,80,2025
厦门大学,金融,025100,金融系,330,50,50,80,80,2025
厦门大学,金融,025100,邹至庄经济研究院,330,50,50,80,80,2025
厦门大学,金融,025100,王亚南经济研究院,330,50,50,80,80,2025
厦门大学,应用统计,025200,王亚南经济研究院,350,50,50,90,90,2025
厦门大学,应用统计,025200,统计学与数据科学系,350,50,50,90,90,2025
厦门大学,税务,025300,财政系,350,50,50,90,90,2025
厦门大学,国际商务,025400,国际经济与贸易系,350,50,50,90,90,2025
厦门大学,保险,025500,金融系,350,50,50,90,90,2025
厦门大学,资产评估,025600,财政系,350,50,50,90,90,2025
厦门大学,数字经济,025800,邹至庄经济研究院,350,50,50,90,90,2025
厦门大学,统计学,027000,统计学与数据科学系,330,50,50,80,80,2025
厦门大学,法学理论,030101,法学院,330,45,45,80,80,2025
厦门大学,法律史,030102,法学院,330,45,45,80,80,2025
厦门大学,宪法学与行政法学,030103,法学院,330,45,45,80,80,2025
厦门大学,宪法学与行政法学,030103,台湾研究院,330,45,45,80,80,2025
厦门大学,刑法学,030104,法学院,330,45,45,80,80,2025
厦门大学,民商法学,030105,法学院,330,45,45,80,80,2025
厦门大学,诉讼法学,030106,法学院,330,45,45,80,80,2025
厦门大学,经济法学,030107,法学院,330,45,45,80,80,2025
厦门大学,环境与资源保护法学,030108,法学院,330,45,45,80,80,2025
厦门大学,国际法学,030109,法学院,330,45,45,80,80,2025
厦门大学,知识产权法学,0301Z1,知识产权研究院,330,45,45,80,80,2025
厦门大学,财税法学,0301Z2,法学院,330,45,45,80,80,2025
厦门大学,海洋法学,0301Z3,法学院,330,45,45,80,80,2025
厦门大学,政治学理论,030201,政治学系,330,45,45,80,80,2025
厦门大学,中外政治制度,030202,台湾研究院,330,45,45,80,80,2025
厦门大学,中外政治制度,030202,政治学系,330,45,45,80,80,2025
厦门大学,科学社会主义与国际共产主义运动,030203,政治学系,330,45,45,80,80,2025
厦门大学,国际政治,030206,政治学系,330,45,45,80,80,2025
厦门大学,社会学,030301,社会学系,330,45,45,80,80,2025
厦门大学,社会学,030301,台湾研究院,330,45,45,80,80,2025
厦门大学,人口学,030302,社会学系,330,45,45,80,80,2025
厦门大学,人类学,030303,人类学与民族学系,330,45,45,80,80,2025
厦门大学,边疆社会研究,0303Z1,社会学系,330,45,45,80,80,2025
厦门大学,民族学,030400,人类学与民族学系,330,45,45,80,80,2025
厦门大学,马克思主义理论,030500,马克思主义学院,330,45,45,80,80,2025
厦门大学,法律（非法学）,035101,法学院,330,45,45,80,80,2025
厦门大学,法律（法学）,035102,法学院,330,45,45,80,80,2025
厦门大学,社会工作,035200,社会工作系,330,45,45,80,80,2025
厦门大学,知识产权,035400,知识产权研究院,330,45,45,80,80,2025
厦门大学,课程与教学论,040102,教育研究院,341,50,50,180,0,2025
厦门大学,教育史,040103,教育研究院,341,50,50,180,0,2025
厦门大学,比较教育学,040104,教育研究院,341,50,50,180,0,2025
厦门大学,高等教育学,040106,教育研究院,341,50,50,180,0,2025
厦门大学,台湾研究,0401J7,台湾研究院,341,50,50,180,135,2025
厦门大学,教育心理学,0401Z3,教育研究院,341,50,50,180,135,2025
厦门大学,教育发展与治理,0401Z4,教育研究院,341,50,50,180,135,2025
厦门大学,体育,045200,体育教学部,340,45,45,180,0,2025
厦门大学,国际中文教育,045300,国际中文教育学院,341,50,50,90,90,2025
厦门大学,文艺学,050101,中国语言文学系,351,50,50,90,90,2025
厦门大学,语言学及应用语言学,050102,中国语言文学系,351,50,50,90,90,2025
厦门大学,语言学及应用语言学,050102,国际中文教育学院,351,50,50,90,90,2025
厦门大学,汉语言文字学,050103,中国语言文学系,351,50,50,90,90,2025
厦门大学,中国古典文献学,050104,中国语言文学系,351,50,50,90,90,2025
厦门大学,中国古代文学,050105,中国语言文学系,351,50,50,90,90,2025
厦门大学,中国现当代文学,050106,台湾研究院,351,50,50,90,90,2025
厦门大学,中国现当代文学,050106,中国语言文学系,351,50,50,90,90,2025
厦门大学,比较文学与世界文学,050108,中国语言文学系,351,50,50,90,90,2025
厦门大学,英语语言文学,050201,英语语言文学系,351,50,50,90,90,2025
厦门大学,俄语语言文学,050202,欧洲语言文学系,351,50,50,90,90,2025
厦门大学,德语语言文学,050204,欧洲语言文学系,351,50,50,90,90,2025
厦门大学,外国语言学及应用语言学,050211,外语教学部,351,50,50,90,90,2025
厦门大学,新闻学,050301,新闻传播学院,351,50,50,90,90,2025
厦门大学,传播学,050302,新闻传播学院,351,50,50,90,90,2025
厦门大学,广告学,0503Z1,新闻传播学院,351,50,50,90,90,2025
厦门大学,英语笔译,055101,英语语言文学系,351,50,50,90,90,2025
厦门大学,英语口译,055102,英语语言文学系,351,50,50,90,90,2025
厦门大学,俄语笔译,055103,欧洲语言文学系,351,50,50,90,90,2025
厦门大学,日语笔译,055105,日语语言文学系,351,50,50,90,90,2025
厦门大学,日语口译,055106,日语语言文学系,351,50,50,90,90,2025
厦门大学,新闻与传播,055200,新闻传播学院,351,50,50,90,90,2025
厦门大学,考古学,060100,历史与文化遗产学院,345,45,45,180,0,2025
厦门大学,中国史,060200,历史与文化遗产学院,345,45,45,180,0,2025
厦门大学,中国史,060200,台湾研究院,345,45,45,180,0,2025
厦门大学,世界史,060300,历史与文化遗产学院,345,45,45,180,0,2025
厦门大学,数学,070100,数学科学学院,300,45,45,65,65,2025
厦门大学,理论物理,070201,物理学系,300,45,45,65,65,2025
厦门大学,凝聚态物理,070205,物理学系,300,45,45,65,65,2025
厦门大学,光学,070207,物理学系,300,45,45,65,65,2025
厦门大学,无线电物理,070208,电子科学系,300,45,45,65,65,2025
厦门大学,健康大数据与智能医学,0702J4,医学院,300,45,45,65,65,2025
厦门大学,生物物理和软凝聚态,0702Z1,物理学系,300,45,45,65,65,2025
厦门大学,无机化学,070301,化学系,300,45,45,65,65,2025
厦门大学,分析化学,070302,化学系,300,45,45,65,65,2025
厦门大学,有机化学,070303,化学系,300,45,45,65,65,2025
厦门大学,物理化学,070304,化学系,300,45,45,65,65,2025
厦门大学,高分子化学与物理,070305,化学系,300,45,45,65,65,2025
厦门大学,智能仪器与装备,0703J1,化学系,300,45,45,65,65,2025
厦门大学,化学生物学,0703Z2,化学系,300,45,45,65,65,2025
厦门大学,天文学,070400,天文学系,300,45,45,65,65,2025
厦门大学,物理海洋学,070701,海洋与地球学院,300,45,45,65,65,2025
厦门大学,海洋化学,070702,海洋与地球学院,300,45,45,65,65,2025
厦门大学,海洋生物学,070703,海洋与地球学院,300,45,45,65,65,2025
厦门大学,海洋地质,070704,海洋与地球学院,300,45,45,65,65,2025
厦门大学,海洋事务,0707J3,海洋与海岸带发展研究院,300,45,45,65,65,2025
厦门大学,海洋物理,0707Z1,海洋与地球学院,300,45,45,65,65,2025
厦门大学,海洋生物技术,0707Z2,海洋与地球学院,300,45,45,65,65,2025
厦门大学,生物学,071000,生命科学学院,300,45,45,65,65,2025
厦门大学,生理学,071003,医学院,300,45,45,65,65,2025
厦门大学,微生物学,071005,医学院,300,45,45,65,65,2025
厦门大学,健康大数据与智能医学,0710J4,医学院,300,45,45,65,65,2025
厦门大学,转化医学,0710J6,公共卫生学院,300,45,45,65,65,2025
厦门大学,转化医学,0710J6,医学院,300,45,45,65,65,2025
厦门大学,生态学,071300,环境与生态学院,300,45,45,65,65,2025
厦门大学,统计学,071400,王亚南经济研究院,300,45,45,65,65,2025
厦门大学,统计学,071400,数学科学学院,300,45,45,65,65,2025
厦门大学,统计学,071400,统计学与数据科学系,300,45,45,65,65,2025
厦门大学,机械工程,080200,萨本栋微米纳米科学技术研究院,270,40,40,65,65,2025
厦门大学,智能仪器与装备,0802J1,公共卫生学院,270,40,40,65,65,2025
厦门大学,智能仪器与装备,0802J1,萨本栋微米纳米科学技术研究院,270,40,40,65,65,2025
厦门大学,材料物理与化学,080501,材料科学与工程系,270,40,40,65,65,2025
厦门大学,材料学,080502,材料科学与工程系,270,40,40,65,65,2025
厦门大学,材料学,080502,柔性电子（未来技术）研究院,270,40,40,65,65,2025
厦门大学,生物材料,0805Z4,生物材料系,270,40,40,65,65,2025
厦门大学,高分子材料与工程,0805Z5,材料科学与工程系,270,40,40,65,65,2025
厦门大学,物理电子学,080901,电子科学系,270,40,40,65,65,2025
厦门大学,电路与系统,080902,微电子与集成电路系,270,40,40,65,65,2025
厦门大学,电路与系统,080902,电子工程系,270,40,40,65,65,2025
厦门大学,微电子学与固体电子学,080903,微电子与集成电路系,270,40,40,65,65,2025
厦门大学,微电子学与固体电子学,080903,物理学系,270,40,40,65,65,2025
厦门大学,电磁场与微波技术,080904,电磁声学研究院,270,40,40,65,65,2025
厦门大学,光电工程,0809Z2,电子工程系,270,40,40,65,65,2025
厦门大学,光电工程,0809Z2,柔性电子（未来技术）研究院,270,40,40,65,65,2025
厦门大学,通信与信息系统,081001,信息与通信工程系,270,40,40,65,65,2025
厦门大学,信号与信息处理,081002,信息与通信工程系,270,40,40,65,65,2025
厦门大学,计算机科学与技术,081200,软件工程系,270,40,40,65,65,2025
厦门大学,计算机科学与技术,081200,计算机科学与技术系,270,40,40,65,65,2025
厦门大学,计算机科学与技术,081200,人工智能系,270,40,40,65,65,2025
厦门大学,计算机科学与技术,081200,数字媒体技术系,270,40,40,65,65,2025
厦门大学,健康大数据与智能医学,0812J4,医学院,270,40,40,65,65,2025
厦门大学,转化医学,0812J6,公共卫生学院,270,40,40,65,65,2025
厦门大学,智能科学与技术,0812Z1,人工智能系,270,40,40,65,65,2025
厦门大学,建筑学,081300,建筑系,270,40,40,65,65,2025
厦门大学,城市与区域规划,0813Z1,城市规划系,270,40,40,65,65,2025
厦门大学,土木工程,081400,土木工程系,270,40,40,65,65,2025
厦门大学,化学工程,081701,化学工程与生物工程系,270,40,40,65,65,2025
厦门大学,化学工艺,081702,化学工程与生物工程系,270,40,40,65,65,2025
厦门大学,生物化工,081703,化学工程与生物工程系,270,40,40,65,65,2025
厦门大学,应用化学,081704,柔性电子（未来技术）研究院,270,40,40,65,65,2025
厦门大学,应用化学,081704,化学系,270,40,40,65,65,2025
厦门大学,工业催化,081705,化学工程与生物工程系,270,40,40,65,65,2025
厦门大学,航空宇航科学与技术,082500,航空航天学院,270,40,40,65,65,2025
厦门大学,环境科学,083001,环境与生态学院,270,40,40,65,65,2025
厦门大学,环境工程,083002,环境与生态学院,270,40,40,65,65,2025
厦门大学,海洋事务,0830J3,海洋与海岸带发展研究院,270,40,40,65,65,2025
厦门大学,环境管理,0830Z1,环境与生态学院,270,40,40,65,65,2025
厦门大学,建筑,085100,建筑系,300,50,50,75,75,2025
厦门大学,新一代电子信息技术（含量子技术等）,085401,电子科学系,300,50,50,75,75,2025
厦门大学,新一代电子信息技术（含量子技术等）,085401,电磁声学研究院,300,50,50,75,75,2025
厦门大学,新一代电子信息技术（含量子技术等）,085401,电子工程系,300,50,50,75,75,2025
厦门大学,通信工程（含宽带网络、移动通信等）,085402,信息与通信工程系,300,50,50,75,75,2025
厦门大学,集成电路工程,085403,国家集成电路产教融合创新平台,300,50,50,75,75,2025
厦门大学,集成电路工程,085403,微电子与集成电路系,300,50,50,75,75,2025
厦门大学,集成电路工程,085403,电磁声学研究院,300,50,50,75,75,2025
厦门大学,计算机技术,085404,计算机科学与技术系,300,50,50,75,75,2025
厦门大学,软件工程,085405,软件工程系,300,50,50,75,75,2025
厦门大学,软件工程,085405,数字媒体技术系,300,50,50,75,75,2025
厦门大学,控制工程,085406,萨本栋微米纳米科学技术研究院,300,50,50,75,75,2025
厦门大学,控制工程,085406,航空航天学院,300,50,50,75,75,2025
厦门大学,仪器仪表工程,085407,航空航天学院,300,50,50,75,75,2025
厦门大学,仪器仪表工程,085407,萨本栋微米纳米科学技术研究院,300,50,50,75,75,2025
厦门大学,光电信息工程,085408,国家集成电路产教融合创新平台,300,50,50,75,75,2025
厦门大学,光电信息工程,085408,电子工程系,300,50,50,75,75,2025
厦门大学,光电信息工程,085408,物理学系,300,50,50,75,75,2025
厦门大学,光电信息工程,085408,微电子与集成电路系,300,50,50,75,75,2025
厦门大学,人工智能,085410,人工智能系,300,50,50,75,75,2025
厦门大学,人工智能,085410,人工智能研究院,300,50,50,75,75,2025
厦门大学,人工智能,085410,电子科学系,300,50,50,75,75,2025
厦门大学,人工智能,085410,信息与通信工程系,300,50,50,75,75,2025
厦门大学,网络与信息安全,085412,计算机科学与技术系,270,40,40,65,65,2025
厦门大学,机械工程,085501,萨本栋微米纳米科学技术研究院,300,50,50,75,75,2025
厦门大学,车辆工程,085502,萨本栋微米纳米科学技术研究院,300,50,50,75,75,2025
厦门大学,航空工程,085503,航空航天学院,300,50,50,75,75,2025
厦门大学,航天工程,085504,航空航天学院,300,50,50,75,75,2025
厦门大学,智能制造技术,085509,萨本栋微米纳米科学技术研究院,300,50,50,75,75,2025
厦门大学,机器人工程,085510,萨本栋微米纳米科学技术研究院,300,50,50,75,75,2025
厦门大学,材料工程,085601,柔性电子（未来技术）研究院,300,50,50,75,75,2025
厦门大学,材料工程,085601,化学化工学院,300,50,50,75,75,2025
厦门大学,材料工程,085601,物理学系,300,50,50,75,75,2025
厦门大学,材料工程,085601,材料科学与工程系,300,50,50,75,75,2025
厦门大学,化学工程,085602,化学化工学院,300,50,50,75,75,2025
厦门大学,环境工程,085701,环境与生态学院,300,50,50,75,75,2025
厦门大学,环境工程,085701,海洋与地球学院,300,50,50,75,75,2025
厦门大学,电气工程,085801,航空航天学院,300,50,50,75,75,2025
厦门大学,核能工程,085803,能源学院,300,50,50,75,75,2025
厦门大学,航空发动机工程,085804,航空航天学院,300,50,50,75,75,2025
厦门大学,清洁能源技术,085807,物理学系,300,50,50,75,75,2025
厦门大学,清洁能源技术,085807,能源学院,300,50,50,75,75,2025
厦门大学,储能技术,085808,能源学院,300,50,50,75,75,2025
厦门大学,土木工程,085901,土木工程系,300,50,50,75,75,2025
厦门大学,海洋工程,085903,土木工程系,300,50,50,75,75,2025
厦门大学,生物与医药,086000,公共卫生学院,270,40,40,65,65,2025
厦门大学,生物与医药,086000,生命科学学院,270,40,40,65,65,2025
厦门大学,先进能源,089901,能源学院,270,40,40,65,65,2025
厦门大学,免疫学,100102,医学院,295,40,40,150,0,2025
厦门大学,病理学与病理生理学,100104,医学院,295,40,40,150,0,2025
厦门大学,神经科学,1001Z1,医学院,295,40,40,150,108,2025
厦门大学,内科学,100201,医学院,295,40,40,150,0,2025
厦门大学,儿科学,100202,医学院,295,40,40,150,0,2025
厦门大学,神经病学,100204,医学院,295,40,40,150,0,2025
厦门大学,皮肤病与性病学,100206,医学院,295,40,40,150,0,2025
厦门大学,影像医学与核医学,100207,医学院,295,40,40,150,0,2025
厦门大学,临床检验诊断学,100208,医学院,295,40,40,150,0,2025
厦门大学,临床检验诊断学,100208,公共卫生学院,295,40,40,150,0,2025
厦门大学,外科学,100210,医学院,295,40,40,150,0,2025
厦门大学,妇产科学,100211,医学院,295,40,40,150,0,2025
厦门大学,眼科学,100212,医学院,295,40,40,150,0,2025
厦门大学,耳鼻咽喉科学,100213,医学院,295,40,40,150,0,2025
厦门大学,肿瘤学,100214,医学院,295,40,40,150,0,2025
厦门大学,运动医学,100216,医学院,295,40,40,150,0,2025
厦门大学,麻醉学,100217,医学院,295,40,40,150,0,2025
厦门大学,健康大数据与智能医学,1002J4,医学院,295,40,40,150,108,2025
厦门大学,转化医学,1002J6,公共卫生学院,295,40,40,150,108,2025
厦门大学,转化医学,1002J6,医学院,295,40,40,150,108,2025
厦门大学,临床护理学,1002Z1,医学院,295,40,40,150,108,2025
厦门大学,公共卫生与预防医学,100400,公共卫生学院,295,40,40,150,0,2025
厦门大学,转化医学,1004J6,公共卫生学院,295,40,40,150,108,2025
厦门大学,中医临床基础,100502,医学院,295,40,40,150,0,2025
厦门大学,中医医史文献,100503,医学院,295,40,40,150,0,2025
厦门大学,中医内科学,100506,医学院,295,40,40,150,0,2025
厦门大学,针灸推拿学,100512,医学院,295,40,40,150,0,2025
厦门大学,药学,100700,药学院,295,40,40,150,0,2025
厦门大学,药理学,100706,医学院,295,40,40,150,0,2025
厦门大学,内科学,105101,医学院,295,40,40,150,0,2025
厦门大学,儿科学,105102,医学院,295,40,40,150,0,2025
厦门大学,神经病学,105104,医学院,295,40,40,150,0,2025
厦门大学,皮肤病与性病学,105106,医学院,295,40,40,150,0,2025
厦门大学,急诊医学,105107,医学院,295,40,40,150,0,2025
厦门大学,全科医学,105109,医学院,295,40,40,150,0,2025
厦门大学,外科学,105111,医学院,295,40,40,150,0,2025
厦门大学,妇产科学,105115,医学院,295,40,40,150,0,2025
厦门大学,眼科学,105116,医学院,295,40,40,150,0,2025
厦门大学,耳鼻咽喉科学,105117,医学院,295,40,40,150,0,2025
厦门大学,麻醉学,105118,医学院,295,40,40,150,0,2025
厦门大学,临床病理,105119,医学院,295,40,40,150,0,2025
厦门大学,临床检验诊断学,105120,医学院,295,40,40,150,0,2025
厦门大学,放射影像学,105123,医学院,295,40,40,150,0,2025
厦门大学,超声医学,105124,医学院,295,40,40,150,0,2025
厦门大学,核医学,105125,医学院,295,40,40,150,0,2025
厦门大学,公共卫生,105300,公共卫生学院,295,40,40,150,0,2025
厦门大学,药学,105500,药学院,295,40,40,150,0,2025
厦门大学,中医内科学,105701,医学院,295,40,40,150,0,2025
厦门大学,中医外科学,105702,医学院,295,40,40,150,0,2025
厦门大学,中医骨伤科学,105703,医学院,295,40,40,150,0,2025
厦门大学,中医妇科学,105704,医学院,295,40,40,150,0,2025
厦门大学,中医儿科学,105705,医学院,295,40,40,150,0,2025
厦门大学,针灸推拿学,105707,医学院,295,40,40,150,0,2025
厦门大学,中西医结合临床,105709,医学院,295,40,40,150,0,2025
厦门大学,社会医学与卫生事业管理,107401,公共卫生学院,295,40,40,150,0,2025
厦门大学,管理科学与工程,120100,管理科学系,340,45,45,80,80,2025
厦门大学,健康大数据与智能医学,1201J4,医学院,340,45,45,80,80,2025
厦门大学,会计学,120201,会计学系,340,45,45,80,80,2025
厦门大学,会计学,120201,财务管理与会计研究院,340,45,45,80,80,2025
厦门大学,企业管理,120202,企业管理系,340,45,45,80,80,2025
厦门大学,旅游管理,120203,旅游与酒店管理系,340,45,45,80,80,2025
厦门大学,技术经济及管理,120204,管理科学系,340,45,45,80,80,2025
厦门大学,技术经济及管理,120204,中国能源政策研究院,340,45,45,80,80,2025
厦门大学,财务学,1202Z1,财务学系,340,45,45,80,80,2025
厦门大学,财务学,1202Z1,财务管理与会计研究院,340,45,45,80,80,2025
厦门大学,市场营销学,1202Z2,市场学系,340,45,45,80,80,2025
厦门大学,创业学,1202Z3,企业管理系,340,45,45,80,80,2025
厦门大学,行政管理,120401,公共管理系,340,45,45,80,80,2025
厦门大学,社会医学与卫生事业管理,120402,公共管理系,340,45,45,80,80,2025
厦门大学,社会保障,120404,公共管理系,340,45,45,80,80,2025
厦门大学,土地资源管理,120405,公共管理系,340,45,45,80,80,2025
厦门大学,公共政策,1204Z1,公共政策研究院,340,45,45,80,80,2025
厦门大学,认知与公共服务,1204Z2,公共政策研究院,340,45,45,80,80,2025
厦门大学,应急管理,1204Z3,公共管理系,340,45,45,80,80,2025
厦门大学,公共管理,125200,公共管理系,170,0,45,100,0,2025
厦门大学,会计,125300,会计学系,194,0,55,110,0,2025
厦门大学,旅游管理,125400,旅游与酒店管理系,151,0,40,85,0,2025
厦门大学,工程管理,125601,管理科学系,170,0,50,100,0,2025
厦门大学,项目管理,125602,管理科学系,170,0,50,100,0,2025
厦门大学,物流工程与管理,125604,管理科学系,230,0,60,120,0,2025
厦门大学,审计,125700,会计学系,230,0,60,120,0,2025
厦门大学,工商管理,1251,不区分院系,151,0,35,70,0,2025
厦门大学,艺术学,130100,音乐系,351,40,40,60,60,2025
厦门大学,艺术学,130100,戏剧影视系,351,40,40,60,60,2025
厦门大学,艺术学,130100,美术系,351,40,40,60,60,2025
厦门大学,音乐,135200,音乐系,351,40,40,60,60,2025
厦门大学,戏剧与影视,135400,戏剧影视系,351,40,40,60,60,2025
厦门大学,美术与书法,135600,美术系,351,40,40,60,60,2025
厦门大学,设计,135700,设计系,351,40,40,60,60,2025
厦门大学,集成电路科学与工程,140100,微电子与集成电路系,290,40,40,60,60,2025
厦门大学,集成电路科学与工程,140100,电子科学系,290,40,40,60,60,2025
厦门大学,集成电路科学与工程,140100,电磁声学研究院,290,40,40,60,60,2025
厦门大学,区域国别学,140700,南洋研究院,290,40,40,60,60,2025
厦门大学,文物,145100,历史与文化遗产学院,290,40,40,60,60,2025
厦门大学,哲学,01,不区分院系,326,45,45,90,90,2026
厦门大学,金融,0251,不区分院系,330,50,50,80,80,2026
厦门大学,应用统计,0252,不区分院系,330,50,50,80,80,2026
厦门大学,经济学,02,不区分院系,350,50,50,90,90,2026
厦门大学,法学,03,不区分院系,330,55,55,80,80,2026
厦门大学,体育,0452,不区分院系,340,50,50,190,0,2026
厦门大学,国际中文教育,0453,不区分院系,347,55,55,90,90,2026
厦门大学,教育学,04,不区分院系,350,55,55,180,0,2026
厦门大学,文学,05,不区分院系,354,50,50,90,90,2026
厦门大学,历史学,06,不区分院系,341,50,50,180,0,2026
厦门大学,理学,07,不区分院系,300,45,45,65,65,2026
厦门大学,网络与信息安全,085412,计算机科学与技术系,270,40,40,65,65,2026
厦门大学,生物与医药,0860,不区分院系,270,40,40,65,65,2026
厦门大学,工学（不含工学照顾专业）,08,不区分院系,300,50,50,75,75,2026
厦门大学,医学,10,不区分院系,295,45,45,150,0,2026
厦门大学,工程管理,125601,管理科学系,170,0,50,100,0,2026
厦门大学,项目管理,125602,管理科学系,170,0,50,100,0,2026
厦门大学,物流工程与管理,125604,管理科学系,240,0,75,150,0,2026
厦门大学,工商管理,1251,不区分院系,146,0,35,70,0,2026
厦门大学,公共管理,1252,不区分院系,170,0,45,100,0,2026
厦门大学,会计,1253,不区分院系,199,0,55,110,0,2026
厦门大学,旅游管理,1254,不区分院系,151,0,40,85,0,2026
厦门大学,审计,1257,不区分院系,255,0,60,120,0,2026
厦门大学,管理学,12,不区分院系,340,45,45,80,80,2026
厦门大学,艺术学,13,不区分院系,354,40,40,60,60,2026
厦门大学,交叉学科,14,不区分院系,290,40,40,60,60,2026
吉林大学,哲学,01,不区分院系,340,50,50,90,90,2023
吉林大学,金融,0251,不区分院系,370,60,60,90,90,2023
吉林大学,应用统计,0252,不区分院系,365,60,60,90,90,2023
吉林大学,税务,0253,不区分院系,365,60,60,90,90,2023
吉林大学,国际商务,0254,不区分院系,370,60,60,90,90,2023
吉林大学,保险,0255,不区分院系,365,60,60,90,90,2023
吉林大学,经济学,02,不区分院系,365,55,55,83,90,2023
吉林大学,法律（非法学）,035101,不区分院系,365,55,55,90,90,2023
吉林大学,法律（法学）,035102,不区分院系,365,55,55,90,90,2023
吉林大学,社会工作,0352,不区分院系,365,55,55,90,90,2023
吉林大学,法学,03,不区分院系,365,55,55,90,90,2023
吉林大学,体育学,0403,不区分院系,330,40,40,180,0,2023
吉林大学,体育,0452,不区分院系,330,40,40,180,0,2023
吉林大学,汉语国际教育,0453,不区分院系,370,60,60,90,90,2023
吉林大学,应用心理,0454,不区分院系,365,55,55,180,0,2023
吉林大学,教育学（不含体育学）,04,不区分院系,355,55,55,180,0,2023
吉林大学,翻译,0551,不区分院系,370,60,60,90,90,2023
吉林大学,新闻与传播,0552,不区分院系,370,60,60,90,90,2023
吉林大学,文学,05,不区分院系,370,60,60,90,90,2023
吉林大学,文物与博物馆,0651,不区分院系,350,55,55,180,0,2023
吉林大学,历史学,06,不区分院系,350,55,55,180,0,2023
吉林大学,理学,07,不区分院系,310,45,45,90,90,2023
吉林大学,电子信息,0854,不区分院系,310,45,45,68,90,2023
吉林大学,机械,0855,不区分院系,310,45,45,68,90,2023
吉林大学,材料与化工,0856,不区分院系,310,45,45,68,90,2023
吉林大学,资源与环境,0857,不区分院系,310,45,45,68,90,2023
吉林大学,能源动力,0858,不区分院系,310,45,45,68,90,2023
吉林大学,土木水利,0859,不区分院系,310,45,45,68,90,2023
吉林大学,生物与医药,0860,不区分院系,310,45,45,68,90,2023
吉林大学,交通运输,0861,不区分院系,310,45,45,68,90,2023
吉林大学,工学（不含工学照顾专业）,08,不区分院系,310,45,45,68,90,2023
吉林大学,农业,0951,不区分院系,310,45,45,90,90,2023
吉林大学,兽医,0952,不区分院系,310,45,45,90,90,2023
吉林大学,农学,09,不区分院系,310,45,45,90,90,2023
吉林大学,临床医学,1051,不区分院系,315,50,50,180,0,2023
吉林大学,口腔医学,1052,不区分院系,330,55,55,180,0,2023
吉林大学,公共卫生,1053,不区分院系,330,50,50,180,0,2023
吉林大学,护理,1054,不区分院系,320,50,50,180,0,2023
吉林大学,药学,1055,不区分院系,330,50,50,180,0,2023
吉林大学,医学（不含中医类照顾专业）,10,不区分院系,315,50,50,180,0,2023
吉林大学,公共管理,1204,不区分院系,360,55,55,90,90,2023
吉林大学,图书情报与档案管理,1205,不区分院系,360,55,55,90,90,2023
吉林大学,工商管理,1251,不区分院系,167,0,41,82,0,2023
吉林大学,公共管理,1252,不区分院系,175,0,44,88,0,2023
吉林大学,图书情报,1255,不区分院系,240,0,60,120,0,2023
吉林大学,工程管理,1256,不区分院系,178,0,44,88,0,2023
吉林大学,管理学,12,不区分院系,350,55,55,83,90,2023
吉林大学,艺术,1351,不区分院系,370,40,40,90,90,2023
吉林大学,艺术学,13,不区分院系,365,40,40,90,90,2023
吉林大学,交叉学科,14,不区分院系,365,55,55,90,90,2023
吉林大学,哲学,01,不区分院系,360,55,55,90,90,2024
吉林大学,金融,0251,不区分院系,365,60,60,90,90,2024
吉林大学,应用统计,0252,不区分院系,370,60,60,90,90,2024
吉林大学,税务,0253,不区分院系,370,60,60,90,90,2024
吉林大学,国际商务,0254,不区分院系,360,60,60,90,90,2024
吉林大学,保险,0255,不区分院系,370,60,60,90,90,2024
吉林大学,经济学,02,不区分院系,365,55,55,83,90,2024
吉林大学,法律（非法学）,035101,法学院,365,55,55,90,90,2024
吉林大学,法律（法学）,035102,法学院,370,55,55,90,90,2024
吉林大学,法律（法学）,035102,司法文明协同创新中心,370,55,55,90,90,2024
吉林大学,社会工作,0352,不区分院系,370,55,55,90,90,2024
吉林大学,法学,03,不区分院系,370,55,55,90,90,2024
吉林大学,体育学,0403,不区分院系,350,45,45,180,0,2024
吉林大学,体育,0452,不区分院系,350,45,45,180,0,2024
吉林大学,国际中文教育,0453,不区分院系,380,60,60,90,90,2024
吉林大学,应用心理,0454,不区分院系,360,55,55,180,0,2024
吉林大学,教育学（不含体育学）,04,不区分院系,360,55,55,180,0,2024
吉林大学,翻译,0551,不区分院系,380,60,60,90,90,2024
吉林大学,新闻与传播,0552,不区分院系,370,60,60,90,90,2024
吉林大学,文学,05,不区分院系,370,60,60,90,90,2024
吉林大学,博物馆,0651,不区分院系,345,55,55,180,0,2024
吉林大学,历史学,06,不区分院系,360,60,60,180,0,2024
吉林大学,理学,07,不区分院系,320,50,50,90,90,2024
吉林大学,电子信息,0854,不区分院系,320,50,50,75,90,2024
吉林大学,机械,0855,不区分院系,320,50,50,75,90,2024
吉林大学,材料与化工,0856,不区分院系,320,50,50,75,90,2024
吉林大学,资源与环境,0857,不区分院系,320,50,50,75,90,2024
吉林大学,能源动力,0858,不区分院系,320,50,50,75,90,2024
吉林大学,土木水利,0859,不区分院系,320,50,50,75,90,2024
吉林大学,生物与医药,0860,不区分院系,320,50,50,75,90,2024
吉林大学,交通运输,0861,不区分院系,320,50,50,75,90,2024
吉林大学,工学（不含工学照顾专业）,08,不区分院系,320,50,50,75,90,2024
吉林大学,农业,0951,不区分院系,320,50,50,90,90,2024
吉林大学,兽医,0952,不区分院系,320,50,50,90,90,2024
吉林大学,农学,09,不区分院系,320,50,50,90,90,2024
吉林大学,临床医学,1051,不区分院系,320,55,55,180,0,2024
吉林大学,口腔医学,1052,不区分院系,335,55,55,180,0,2024
吉林大学,公共卫生,1053,不区分院系,350,55,55,180,0,2024
吉林大学,护理,1054,不区分院系,340,55,55,180,0,2024
吉林大学,药学,1055,不区分院系,340,55,55,180,0,2024
吉林大学,医学技术,1058,不区分院系,340,55,55,180,0,2024
吉林大学,医学（不含中医类照顾专业）,10,不区分院系,320,55,55,180,0,2024
吉林大学,工商管理,1251,不区分院系,162,0,39,78,0,2024
吉林大学,公共管理,1252,不区分院系,173,0,43,86,0,2024
吉林大学,图书情报,1255,不区分院系,245,0,60,120,0,2024
吉林大学,工程管理,1256,不区分院系,176,0,43,86,0,2024
吉林大学,管理学,12,不区分院系,370,60,60,90,90,2024
吉林大学,戏剧与影视,1354,不区分院系,362,45,45,90,90,2024
吉林大学,美术与书法,1356,不区分院系,365,45,45,90,90,2024
吉林大学,设计,1357,不区分院系,362,45,45,90,90,2024
吉林大学,艺术学,13,不区分院系,370,45,45,90,90,2024
吉林大学,国家安全学,1402,不区分院系,375,55,55,90,90,2024
吉林大学,设计学,1403,不区分院系,370,45,45,90,90,2024
吉林大学,文物,1451,不区分院系,315,40,40,90,90,2024
吉林大学,哲学,01,不区分院系,350,50,50,90,90,2025
吉林大学,金融,0251,不区分院系,345,50,50,75,90,2025
吉林大学,应用统计,0252,不区分院系,360,55,55,83,90,2025
吉林大学,税务,0253,不区分院系,345,50,50,75,90,2025
吉林大学,国际商务,0254,不区分院系,345,50,50,75,90,2025
吉林大学,保险,0255,不区分院系,360,55,55,83,90,2025
吉林大学,经济学,02,不区分院系,345,50,50,75,90,2025
吉林大学,法律（非法学）,035101,法学院,340,50,50,90,90,2025
吉林大学,法律（法学）,035102,法学院,330,50,50,90,90,2025
吉林大学,法律（法学）,035102,司法文明协同创新中心,330,50,50,90,90,2025
吉林大学,社会工作,0352,不区分院系,370,50,50,90,90,2025
吉林大学,法学,03,不区分院系,360,50,50,90,90,2025
吉林大学,体育学,0403,不区分院系,330,45,45,180,0,2025
吉林大学,体育,0452,不区分院系,350,45,45,180,0,2025
吉林大学,国际中文教育,0453,不区分院系,350,55,55,90,90,2025
吉林大学,应用心理,0454,不区分院系,360,55,55,180,0,2025
吉林大学,教育学（不含体育学）,04,不区分院系,345,55,55,180,0,2025
吉林大学,翻译,0551,不区分院系,380,60,60,90,90,2025
吉林大学,新闻与传播,0552,不区分院系,370,50,50,90,90,2025
吉林大学,文学,05,不区分院系,355,50,50,90,90,2025
吉林大学,博物馆,0651,不区分院系,345,50,50,180,0,2025
吉林大学,历史学,06,不区分院系,345,50,50,180,0,2025
吉林大学,理学,07,不区分院系,310,45,45,85,85,2025
吉林大学,电子信息,0854,不区分院系,310,45,45,68,90,2025
吉林大学,机械,0855,不区分院系,310,45,45,68,90,2025
吉林大学,材料与化工,0856,不区分院系,310,45,45,68,90,2025
吉林大学,资源与环境,0857,不区分院系,310,45,45,68,90,2025
吉林大学,能源动力,0858,不区分院系,310,45,45,68,90,2025
吉林大学,土木水利,0859,不区分院系,310,45,45,68,90,2025
吉林大学,生物与医药,0860,不区分院系,310,45,45,68,90,2025
吉林大学,交通运输,0861,不区分院系,310,45,45,68,90,2025
吉林大学,工学（不含工学照顾专业）,08,不区分院系,310,45,45,68,90,2025
吉林大学,农业,0951,不区分院系,310,45,45,90,90,2025
吉林大学,兽医,0952,不区分院系,310,45,45,90,90,2025
吉林大学,农学,09,不区分院系,310,45,45,90,90,2025
吉林大学,临床医学,1051,不区分院系,310,50,50,180,0,2025
吉林大学,口腔医学,1052,不区分院系,335,55,55,180,0,2025
吉林大学,公共卫生,1053,不区分院系,350,55,55,180,0,2025
吉林大学,护理,1054,不区分院系,310,50,50,180,0,2025
吉林大学,药学,1055,不区分院系,310,50,50,180,0,2025
吉林大学,医学技术,1058,不区分院系,340,50,50,180,0,2025
吉林大学,医学（不含中医类照顾专业）,10,不区分院系,310,50,50,180,0,2025
吉林大学,公共管理学,1204,不区分院系,370,55,55,90,90,2025
吉林大学,信息资源管理,1205,不区分院系,370,55,55,90,90,2025
吉林大学,工商管理,1251,不区分院系,151,0,35,70,0,2025
吉林大学,公共管理,1252,不区分院系,164,0,38,76,0,2025
吉林大学,图书情报,1255,不区分院系,215,0,60,120,0,2025
吉林大学,工程管理,1256,不区分院系,162,0,38,76,0,2025
吉林大学,管理学,12,不区分院系,350,55,55,83,90,2025
吉林大学,戏剧与影视,1354,不区分院系,370,45,45,90,90,2025
吉林大学,美术与书法,1356,不区分院系,351,40,40,90,90,2025
吉林大学,设计,1357,不区分院系,351,40,40,90,90,2025
吉林大学,艺术学,13,不区分院系,351,40,40,90,90,2025
吉林大学,国家安全学,1402,不区分院系,375,55,55,90,90,2025
吉林大学,设计学,1403,不区分院系,315,40,40,90,90,2025
吉林大学,文物,1451,不区分院系,345,40,40,90,90,2025
吉林大学,哲学,01,不区分院系,335,50,50,90,90,2026
吉林大学,金融,0251,不区分院系,355,50,50,80,90,2026
吉林大学,应用统计,0252,不区分院系,370,50,50,75,90,2026
吉林大学,税务,0253,不区分院系,375,55,55,80,90,2026
吉林大学,国际商务,0254,不区分院系,330,50,50,80,90,2026
吉林大学,经济学,02,不区分院系,330,50,50,75,90,2026
吉林大学,法律（非法学）,035101,法学院,350,50,50,85,85,2026
吉林大学,法律（法学）,035102,法学院,350,55,55,90,90,2026
吉林大学,社会工作,0352,不区分院系,360,55,55,90,90,2026
吉林大学,法学,03,不区分院系,360,50,50,90,90,2026
吉林大学,体育学,0403,不区分院系,310,38,38,114,0,2026
吉林大学,体育,0452,不区分院系,310,38,38,114,0,2026
吉林大学,国际中文教育,0453,不区分院系,365,55,55,90,90,2026
吉林大学,应用心理,0454,不区分院系,390,60,60,180,0,2026
吉林大学,翻译,0551,不区分院系,380,60,60,90,90,2026
吉林大学,新闻与传播,0552,不区分院系,370,50,50,90,90,2026
吉林大学,文学,05,不区分院系,360,50,50,90,90,2026
吉林大学,博物馆,0651,不区分院系,345,50,50,180,0,2026
吉林大学,历史学,06,不区分院系,345,50,50,180,0,2026
吉林大学,地球物理学,0708,不区分院系,280,45,45,55,85,2026
吉林大学,地质学,0709,不区分院系,280,45,45,55,85,2026
吉林大学,理学,07,不区分院系,300,45,45,85,85,2026
吉林大学,电子信息,0854,不区分院系,300,45,45,68,80,2026
吉林大学,机械,0855,不区分院系,300,45,45,68,80,2026
吉林大学,材料与化工,0856,不区分院系,300,45,45,68,80,2026
吉林大学,资源与环境,0857,不区分院系,300,45,45,68,80,2026
吉林大学,能源动力,0858,不区分院系,300,45,45,68,80,2026
吉林大学,土木水利,0859,不区分院系,300,45,45,68,80,2026
吉林大学,生物与医药,0860,不区分院系,300,45,45,68,80,2026
吉林大学,交通运输,0861,不区分院系,300,45,45,68,80,2026
吉林大学,工学（不含工学照顾专业）,08,不区分院系,300,45,45,68,80,2026
吉林大学,农业,0951,不区分院系,300,45,45,80,80,2026
吉林大学,兽医,0952,不区分院系,300,40,40,75,80,2026
吉林大学,农学,09,不区分院系,300,45,45,80,80,2026
吉林大学,临床医学,1051,不区分院系,320,50,50,180,0,2026
吉林大学,口腔医学,1052,不区分院系,335,55,55,180,0,2026
吉林大学,公共卫生,1053,不区分院系,345,55,55,180,0,2026
吉林大学,护理,1054,不区分院系,300,45,45,180,0,2026
吉林大学,药学,1055,不区分院系,390,60,60,180,0,2026
吉林大学,医学技术,1058,不区分院系,340,50,50,180,0,2026
吉林大学,医学,10,不区分院系,300,50,50,175,0,2026
吉林大学,工商管理,1251,不区分院系,146,0,35,70,0,2026
吉林大学,公共管理,1252,不区分院系,168,0,39,78,0,2026
吉林大学,图书情报,1255,不区分院系,230,0,60,120,0,2026
吉林大学,工程管理,1256,不区分院系,166,0,39,78,0,2026
吉林大学,管理学,12,不区分院系,350,50,50,80,90,2026
吉林大学,戏剧与影视,1354,不区分院系,370,45,45,90,90,2026
吉林大学,美术与书法,1356,不区分院系,354,40,40,90,90,2026
吉林大学,设计,1357,不区分院系,360,40,40,90,90,2026
吉林大学,艺术学,13,不区分院系,354,40,40,90,90,2026
吉林大学,设计学,1403,不区分院系,345,45,45,90,90,2026
吉林大学,文物,1451,不区分院系,340,50,50,85,85,2026
吉林大学,交叉学科,14,不区分院系,350,50,50,90,90,2026
中南大学,哲学,01,不区分院系,330,55,55,90,90,2023
中南大学,金融,0251,不区分院系,370,60,60,90,90,2023
中南大学,应用统计,0252,不区分院系,370,60,60,90,90,2023
中南大学,经济学,02,不区分院系,370,60,60,90,90,2023
中南大学,法律（非法学）,035101,不区分院系,345,55,55,90,90,2023
中南大学,法律（法学）,035102,不区分院系,345,55,55,90,90,2023
中南大学,社会工作,0352,不区分院系,345,55,55,90,90,2023
中南大学,法学,03,不区分院系,340,50,50,80,80,2023
中南大学,心理学,0402,不区分院系,360,60,60,180,0,2023
中南大学,教育,0451,不区分院系,370,60,60,100,0,2023
中南大学,体育,0452,不区分院系,310,50,50,135,0,2023
中南大学,翻译,0551,不区分院系,370,60,60,90,90,2023
中南大学,新闻与传播,0552,不区分院系,370,60,60,90,90,2023
中南大学,文学,05,不区分院系,370,60,60,90,90,2023
中南大学,理学,07,不区分院系,310,50,50,80,80,2023
中南大学,力学,0801,不区分院系,310,55,55,80,80,2023
中南大学,冶金工程,0806,不区分院系,310,55,55,80,80,2023
中南大学,动力工程及工程热物理,0807,不区分院系,310,55,55,80,80,2023
中南大学,地质资源与地质工程,0818,不区分院系,310,55,55,80,80,2023
中南大学,矿业工程,0819,不区分院系,310,55,55,80,80,2023
中南大学,建筑学,0851,不区分院系,320,55,55,80,80,2023
中南大学,城市规划,0853,不区分院系,320,55,55,80,80,2023
中南大学,电子信息,0854,不区分院系,320,55,55,80,80,2023
中南大学,机械,0855,不区分院系,320,55,55,80,80,2023
中南大学,材料与化工,0856,不区分院系,320,55,55,80,80,2023
中南大学,资源与环境,0857,不区分院系,310,55,55,80,80,2023
中南大学,能源动力,0858,不区分院系,310,55,55,80,80,2023
中南大学,土木水利,0859,不区分院系,320,55,55,80,80,2023
中南大学,生物与医药,0860,不区分院系,320,55,55,80,80,2023
中南大学,交通运输,0861,不区分院系,320,55,55,80,80,2023
中南大学,工学（不含工学照顾专业）,08,不区分院系,320,55,55,80,80,2023
中南大学,基础医学,1001,不区分院系,310,50,50,150,0,2023
中南大学,口腔医学,1003,不区分院系,310,50,50,150,0,2023
中南大学,护理学,1011,不区分院系,310,50,50,150,0,2023
中南大学,临床医学,1051,不区分院系,325,50,50,150,0,2023
中南大学,口腔医学,1052,不区分院系,310,50,50,150,0,2023
中南大学,公共卫生,1053,不区分院系,325,50,50,150,0,2023
中南大学,护理,1054,不区分院系,310,50,50,150,0,2023
中南大学,药学,1055,不区分院系,325,50,50,150,0,2023
中南大学,医学（不含中医类照顾专业）,10,不区分院系,325,50,50,150,0,2023
中南大学,工商管理,1251,不区分院系,167,0,41,82,0,2023
中南大学,公共管理,1252,不区分院系,180,0,44,88,0,2023
中南大学,会计,1253,不区分院系,250,0,60,120,0,2023
中南大学,图书情报,1255,不区分院系,235,0,60,120,0,2023
中南大学,工程管理,1256,不区分院系,178,0,44,88,0,2023
中南大学,管理学,12,不区分院系,370,55,55,100,0,2023
中南大学,艺术,1351,不区分院系,370,50,50,90,90,2023
中南大学,艺术学,13,不区分院系,370,50,50,90,90,2023
中南大学,哲学,01,不区分院系,335,55,55,90,90,2024
中南大学,经济学,02,不区分院系,370,60,60,90,90,2024
中南大学,法律（非法学）,035101,法学院,345,55,55,90,90,2024
中南大学,法律（法学）,035102,法学院,345,55,55,90,90,2024
中南大学,社会工作,0352,不区分院系,345,55,55,90,90,2024
中南大学,法学,03,不区分院系,340,50,50,80,80,2024
中南大学,心理学,0402,不区分院系,360,60,60,180,180,2024
中南大学,教育,0451,不区分院系,370,60,60,100,100,2024
中南大学,体育,0452,不区分院系,315,50,50,135,135,2024
中南大学,文学,05,不区分院系,370,60,60,90,90,2024
中南大学,理学,07,不区分院系,310,50,50,80,80,2024
中南大学,工学照顾专业力学,0801,不区分院系,310,55,55,80,80,2024
中南大学,冶金工程,0806,不区分院系,310,55,55,80,80,2024
中南大学,动力工程及工程热物理,0807,不区分院系,310,55,55,80,80,2024
中南大学,地质资源与地质工程,0818,不区分院系,310,55,55,80,80,2024
中南大学,矿业工程,0819,不区分院系,310,55,55,80,80,2024
中南大学,资源与环境,0857,不区分院系,310,55,55,80,80,2024
中南大学,能源动力,0858,不区分院系,310,55,55,80,80,2024
中南大学,工学（不含工学照顾专业）,08,不区分院系,320,55,55,80,80,2024
中南大学,基础医学,1001,不区分院系,310,50,50,150,150,2024
中南大学,口腔医学,1003,不区分院系,310,50,50,150,150,2024
中南大学,护理学,1011,不区分院系,310,50,50,150,150,2024
中南大学,口腔医学,1052,不区分院系,310,50,50,150,150,2024
中南大学,护理,1054,不区分院系,310,50,50,150,150,2024
中南大学,医学（不含中医类照顾专业）,10,不区分院系,325,50,50,150,150,2024
中南大学,工商管理,1251,不区分院系,162,0,39,78,0,2024
中南大学,公共管理,1252,不区分院系,173,0,43,86,0,2024
中南大学,会计,1253,不区分院系,250,0,60,120,0,2024
中南大学,图书情报,1255,不区分院系,235,0,60,120,0,2024
中南大学,工程管理,1256,不区分院系,176,0,43,86,0,2024
中南大学,管理学,12,不区分院系,370,55,55,100,100,2024
中南大学,艺术学,13,不区分院系,370,50,50,90,90,2024
中南大学,设计学,1403,不区分院系,370,50,50,90,90,2024
中南大学,智能科学与技术,1405,不区分院系,320,55,55,80,80,2024
中南大学,哲学,01,不区分院系,330,50,50,90,90,2025
中南大学,经济学,02,不区分院系,365,55,55,90,90,2025
中南大学,法律（非法学）,035101,法学院,340,50,50,90,90,2025
中南大学,法律（法学）,035102,法学院,340,50,50,90,90,2025
中南大学,社会工作,0352,不区分院系,340,50,50,90,90,2025
中南大学,法学,03,不区分院系,335,45,45,80,80,2025
中南大学,心理学,0402,不区分院系,355,55,55,180,180,2025
中南大学,教育,0451,不区分院系,365,55,55,100,100,2025
中南大学,体育,0452,不区分院系,310,45,45,135,135,2025
中南大学,文学,05,不区分院系,365,55,55,90,90,2025
中南大学,理学,07,不区分院系,305,45,45,80,80,2025
中南大学,力学,0801,不区分院系,305,50,50,80,80,2025
中南大学,冶金工程,0806,不区分院系,305,50,50,80,80,2025
中南大学,动力工程及工程热物理,0807,不区分院系,305,50,50,80,80,2025
中南大学,地质资源与地质工程,0818,不区分院系,305,50,50,80,80,2025
中南大学,矿业工程,0819,不区分院系,305,50,50,80,80,2025
中南大学,资源与环境,0857,不区分院系,305,50,50,80,80,2025
中南大学,能源动力,0858,不区分院系,305,50,50,80,80,2025
中南大学,工学（不含工学照顾专业）,08,不区分院系,315,50,50,80,80,2025
中南大学,基础医学,1001,不区分院系,305,45,45,150,150,2025
中南大学,口腔医学,1003,不区分院系,305,45,45,150,150,2025
中南大学,护理学,1011,不区分院系,305,45,45,150,150,2025
中南大学,口腔医学,1052,不区分院系,305,45,45,150,150,2025
中南大学,护理,1054,不区分院系,305,45,45,150,150,2025
中南大学,医学（不含中医类照顾专业）,10,不区分院系,320,45,45,150,150,2025
中南大学,工商管理,1251,不区分院系,151,0,35,70,0,2025
中南大学,公共管理,1252,不区分院系,164,0,38,76,0,2025
中南大学,会计,1253,不区分院系,245,0,55,120,0,2025
中南大学,图书情报,1255,不区分院系,230,0,55,120,0,2025
中南大学,工程管理,1256,不区分院系,162,0,38,76,0,2025
中南大学,管理学,12,不区分院系,365,50,50,100,100,2025
中南大学,艺术学,13,不区分院系,365,45,45,90,90,2025
中南大学,设计学,1403,不区分院系,365,45,45,90,90,2025
中南大学,遥感科学与技术,1404,不区分院系,315,50,50,80,80,2025
中南大学,智能科学与技术,1405,不区分院系,315,50,50,80,80,2025
中南大学,哲学,01,不区分院系,330,50,50,90,90,2026
中南大学,经济学,02,不区分院系,355,55,55,90,90,2026
中南大学,法学,03,不区分院系,321,40,40,60,60,2026
中南大学,心理学,0402,不区分院系,347,55,55,180,0,2026
中南大学,教育,0451,不区分院系,347,48,48,72,72,2026
中南大学,体育,0452,不区分院系,310,45,45,135,0,2026
中南大学,文学,05,不区分院系,354,48,48,72,72,2026
中南大学,理学,07,不区分院系,295,40,40,75,75,2026
中南大学,力学,0801,不区分院系,295,45,45,75,75,2026
中南大学,冶金工程,0806,不区分院系,295,45,45,75,75,2026
中南大学,动力工程及工程热物理,0807,不区分院系,295,45,45,75,75,2026
中南大学,地质资源与地质工程,0818,不区分院系,295,45,45,75,75,2026
中南大学,矿业工程,0819,不区分院系,295,45,45,75,75,2026
中南大学,资源与环境,0857,不区分院系,295,45,45,75,75,2026
中南大学,能源动力,0858,不区分院系,295,45,45,75,75,2026
中南大学,工学（不含工学照顾专业）,08,不区分院系,305,45,45,75,75,2026
中南大学,基础医学,1001,不区分院系,295,40,40,145,0,2026
中南大学,口腔医学,1003,不区分院系,295,40,40,145,0,2026
中南大学,中西医结合,1006,不区分院系,295,40,40,145,0,2026
中南大学,护理学,1011,不区分院系,295,40,40,145,0,2026
中南大学,口腔医学,1052,不区分院系,295,40,40,145,0,2026
中南大学,护理,1054,不区分院系,295,40,40,145,0,2026
中南大学,医学,10,不区分院系,310,40,40,145,0,2026
中南大学,工商管理,1251,不区分院系,146,0,35,70,0,2026
中南大学,公共管理,1252,不区分院系,168,0,39,78,0,2026
中南大学,会计,1253,不区分院系,199,0,51,102,0,2026
中南大学,图书情报,1255,不区分院系,220,0,55,120,0,2026
中南大学,工程管理,1256,不区分院系,166,0,39,78,0,2026
中南大学,管理学,12,不区分院系,355,50,50,100,100,2026
中南大学,艺术学,13,不区分院系,355,45,45,90,90,2026
中南大学,设计学,1403,不区分院系,355,45,45,90,90,2026
中南大学,遥感科学与技术,1404,不区分院系,305,50,50,80,80,2026
中南大学,智能科学与技术,1405,不区分院系,305,50,50,80,80,2026
大连理工大学,哲学,01,不区分院系,325,50,45,80,80,2023
大连理工大学,金融,0251,不区分院系,360,55,55,85,85,2023
大连理工大学,应用统计,0252,不区分院系,360,55,55,85,85,2023
大连理工大学,经济学,02,不区分院系,360,55,55,85,85,2023
大连理工大学,法学,0301,不区分院系,340,50,50,80,80,2023
大连理工大学,马克思主义理论,0305,不区分院系,360,65,50,85,85,2023
大连理工大学,教育学,0401,不区分院系,355,55,55,180,0,2023
大连理工大学,体育学,0403,不区分院系,305,40,40,150,0,2023
大连理工大学,教育,0451,不区分院系,355,55,55,85,85,2023
大连理工大学,体育,0452,不区分院系,305,40,40,150,0,2023
大连理工大学,汉语国际教育,0453,不区分院系,355,55,55,85,85,2023
大连理工大学,翻译,0551,不区分院系,365,60,60,90,90,2023
大连理工大学,新闻与传播,0552,不区分院系,365,60,60,90,90,2023
大连理工大学,文学,05,不区分院系,365,60,60,90,90,2023
大连理工大学,理学,07,不区分院系,300,45,45,70,70,2023
大连理工大学,建筑学,0851,不区分院系,300,45,45,70,70,2023
大连理工大学,城市规划,0853,不区分院系,300,45,45,70,70,2023
大连理工大学,电子信息,0854,不区分院系,300,45,45,70,70,2023
大连理工大学,机械,0855,不区分院系,300,45,45,70,70,2023
大连理工大学,材料与化工,0856,不区分院系,300,45,45,70,70,2023
大连理工大学,资源与环境,0857,不区分院系,300,45,45,70,70,2023
大连理工大学,能源动力,0858,不区分院系,300,45,45,70,70,2023
大连理工大学,土木水利,0859,不区分院系,300,45,45,70,70,2023
大连理工大学,生物与医药,0860,不区分院系,300,45,45,70,70,2023
大连理工大学,工学（不含工学照顾专业）,08,不区分院系,300,45,45,70,70,2023
大连理工大学,医学（不含中医类照顾专业）,10,不区分院系,305,45,45,170,0,2023
大连理工大学,工商管理,1251,不区分院系,167,0,41,82,0,2023
大连理工大学,公共管理,1252,不区分院系,175,0,44,88,0,2023
大连理工大学,工程管理,1256,不区分院系,178,0,44,88,0,2023
大连理工大学,管理学,12,不区分院系,355,55,55,85,85,2023
大连理工大学,艺术,1351,不区分院系,365,40,40,75,75,2023
大连理工大学,艺术学,13,不区分院系,365,40,40,75,75,2023
大连理工大学,哲学,01,不区分院系,335,50,50,80,80,2024
大连理工大学,经济学,02,不区分院系,360,55,55,85,85,2024
大连理工大学,法学,03,不区分院系,360,65,50,85,85,2024
大连理工大学,教育学,0401,不区分院系,360,55,55,180,0,2024
大连理工大学,体育学,0403,不区分院系,313,41,41,150,0,2024
大连理工大学,教育,0451,不区分院系,360,55,55,85,85,2024
大连理工大学,体育,0452,不区分院系,313,41,41,150,0,2024
大连理工大学,国际中文教育,0453,不区分院系,360,55,55,85,85,2024
大连理工大学,文学,05,不区分院系,370,60,60,90,90,2024
大连理工大学,理学,07,不区分院系,310,45,45,70,75,2024
大连理工大学,工学（不含工学照顾专业）,08,不区分院系,310,45,45,70,75,2024
大连理工大学,医学（不含中医类照顾专业）,10,不区分院系,305,45,45,170,0,2024
大连理工大学,工商管理,1251,不区分院系,162,0,39,78,0,2024
大连理工大学,公共管理,1252,不区分院系,173,0,43,86,0,2024
大连理工大学,工程管理,1256,不区分院系,176,0,43,86,0,2024
大连理工大学,管理学,12,不区分院系,355,55,55,85,85,2024
大连理工大学,艺术学,13,不区分院系,365,40,40,75,75,2024
大连理工大学,交叉学科,14,不区分院系,365,40,40,75,75,2024
大连理工大学,哲学,01,不区分院系,335,50,50,80,80,2025
大连理工大学,经济学,02,不区分院系,350,55,55,85,85,2025
大连理工大学,法学,03,不区分院系,360,65,50,85,85,2025
大连理工大学,教育学,0401,不区分院系,350,50,50,180,0,2025
大连理工大学,体育学,0403,不区分院系,313,41,41,150,0,2025
大连理工大学,教育,0451,不区分院系,350,50,50,85,85,2025
大连理工大学,体育,0452,不区分院系,313,41,41,150,0,2025
大连理工大学,国际中文教育,0453,不区分院系,350,50,50,85,85,2025
大连理工大学,文学,05,不区分院系,360,55,55,90,90,2025
大连理工大学,理学,07,不区分院系,300,42,42,70,75,2025
大连理工大学,工学（不含工学照顾专业）,08,不区分院系,300,42,42,70,75,2025
大连理工大学,医学（不含中医类照顾专业）,10,不区分院系,300,42,42,170,0,2025
大连理工大学,会计学,120201,（主校区）经济管理学院,345,50,50,85,85,2025
大连理工大学,会计学,120201,（主校区）经济管理学院,345,50,50,85,85,2025
大连理工大学,会计学,120201,（主校区）经济管理学院,345,50,50,85,85,2025
大连理工大学,会计学,120201,（主校区）经济管理学院,345,50,50,85,85,2025
大连理工大学,会计学,120201,（主校区）经济管理学院,345,50,50,85,85,2025
大连理工大学,企业管理,120202,（盘锦校区）商学院,345,50,50,85,85,2025
大连理工大学,企业管理,120202,（主校区）经济管理学院,345,50,50,85,85,2025
大连理工大学,企业管理,120202,（主校区）经济管理学院,345,50,50,85,85,2025
大连理工大学,企业管理,120202,（主校区）经济管理学院,345,50,50,85,85,2025
大连理工大学,企业管理,120202,（主校区）经济管理学院,345,50,50,85,85,2025
大连理工大学,企业管理,120202,（主校区）经济管理学院,345,50,50,85,85,2025
大连理工大学,企业管理,120202,（盘锦校区）商学院,345,50,50,85,85,2025
大连理工大学,企业管理,120202,（主校区）经济管理学院,345,50,50,85,85,2025
大连理工大学,企业管理,120202,（盘锦校区）商学院,345,50,50,85,85,2025
大连理工大学,企业管理,120202,（主校区）经济管理学院,345,50,50,85,85,2025
大连理工大学,企业管理,120202,（盘锦校区）商学院,345,50,50,85,85,2025
大连理工大学,企业管理,120202,（主校区）经济管理学院,345,50,50,85,85,2025
大连理工大学,企业管理,120202,（盘锦校区）商学院,345,50,50,85,85,2025
大连理工大学,技术经济及管理,120204,（主校区）经济管理学院,345,50,50,85,85,2025
大连理工大学,技术经济及管理,120204,（主校区）经济管理学院,345,50,50,85,85,2025
大连理工大学,技术经济及管理,120204,（主校区）经济管理学院,345,50,50,85,85,2025
大连理工大学,技术经济及管理,120204,（主校区）经济管理学院,345,50,50,85,85,2025
大连理工大学,技术经济及管理,120204,（主校区）经济管理学院,345,50,50,85,85,2025
大连理工大学,公共管理学,120400,（主校区）公共管理学院,345,50,50,85,85,2025
大连理工大学,公共管理学,120400,（主校区）公共管理学院,345,50,50,85,85,2025
大连理工大学,公共管理学,120400,（主校区）公共管理学院,345,50,50,85,85,2025
大连理工大学,公共管理学,120400,（主校区）公共管理学院,345,50,50,85,85,2025
大连理工大学,公共管理学,120400,（主校区）公共管理学院,345,50,50,85,85,2025
大连理工大学,工商管理,1251,不区分院系,151,0,35,70,0,2025
大连理工大学,公共管理,1252,不区分院系,164,0,38,76,0,2025
大连理工大学,工程管理,1256,不区分院系,162,0,38,76,0,2025
大连理工大学,艺术学,13,不区分院系,365,40,40,75,75,2025
大连理工大学,集成电路科学与工程,1401,不区分院系,300,42,42,70,75,2025
大连理工大学,设计学,1403,不区分院系,365,40,40,75,75,2025
大连理工大学,哲学,010100,（主校区）人文学院,335,50,50,80,80,2026
大连理工大学,哲学,01,不区分院系,335,50,50,80,80,2026
大连理工大学,金融学,020204,（主校区）经济管理学院,350,55,55,85,85,2026
大连理工大学,产业经济学,020205,（主校区）经济管理学院,392,55,55,85,85,2026
大连理工大学,国际贸易学,020206,（主校区）经济管理学院,350,55,55,85,85,2026
大连理工大学,金融,025100,（主校区）经济管理学院,350,55,55,85,85,2026
大连理工大学,金融,025100,（主校区）MBA-EMBA教育中心,350,55,55,85,85,2026
大连理工大学,金融,025100,（主校区）MBA-EMBA教育中心,350,55,55,85,85,2026
大连理工大学,金融,025100,（主校区）MBA-EMBA教育中心,350,55,55,85,85,2026
大连理工大学,金融,025100,（主校区）MBA-EMBA教育中心,350,55,55,85,85,2026
大连理工大学,金融,025100,（主校区）MBA-EMBA教育中心,350,55,55,85,85,2026
大连理工大学,应用统计,025200,（主校区）数学科学学院,373,55,55,85,85,2026
大连理工大学,经济学,02,不区分院系,350,55,55,85,85,2026
大连理工大学,马克思主义理论,030500,（主校区）马克思主义学院,366,65,50,85,85,2026
大连理工大学,法学,03,不区分院系,360,65,50,85,85,2026
大连理工大学,教育学,040100,（主校区）高等教育研究院,364,65,63,224,0,2026
大连理工大学,教育学,040100,（主校区）高等教育研究院,364,65,63,224,0,2026
大连理工大学,体育学,040300,（主校区）体育与健康学院,315,45,45,150,0,2026
大连理工大学,体育学,040300,（主校区）体育与健康学院,315,45,45,150,0,2026
大连理工大学,教育管理,045101,（主校区）高等教育研究院,350,55,55,85,85,2026
大连理工大学,体育,045200,（主校区）体育与健康学院,337,45,45,150,0,2026
大连理工大学,国际中文教育,045300,（主校区）国际教育学院,350,55,55,85,85,2026
大连理工大学,教育学,0401,不区分院系,350,55,55,180,0,2026
大连理工大学,体育学,0403,不区分院系,315,45,45,150,0,2026
大连理工大学,教育,0451,不区分院系,350,55,55,85,85,2026
大连理工大学,体育,0452,不区分院系,315,45,45,150,0,2026
大连理工大学,国际中文教育,0453,不区分院系,350,55,55,85,85,2026
大连理工大学,英语语言文学,050201,（主校区）外国语学院,371,55,55,90,90,2026
大连理工大学,日语语言文学,050205,（主校区）外国语学院,387,55,55,90,90,2026
大连理工大学,外国语言学及应用语言学,050211,（主校区）外国语学院,371,55,55,90,90,2026
大连理工大学,英语笔译,055101,（主校区）外国语学院,360,55,55,90,90,2026
大连理工大学,英语笔译,055101,（主校区）外国语学院,360,55,55,90,90,2026
大连理工大学,英语笔译,055101,（主校区）外国语学院,360,55,55,90,90,2026
大连理工大学,英语笔译,055101,（主校区）外国语学院,360,55,55,90,90,2026
大连理工大学,日语笔译,055105,（主校区）外国语学院,360,55,55,90,90,2026
大连理工大学,新闻与传播,055200,（主校区）人文学院,360,55,55,90,90,2026
大连理工大学,文学,05,不区分院系,360,55,55,90,90,2026
大连理工大学,数学,070100,（主校区）数学科学学院,318,45,45,70,75,2026
大连理工大学,物理学,070200,（主校区）物理学院,300,45,45,70,75,2026
大连理工大学,物理学,070200,（主校区）物理学院,300,45,45,70,75,2026
大连理工大学,物理学,070200,（主校区）物理学院,300,45,45,70,75,2026
大连理工大学,物理学,070200,（主校区）物理学院,300,45,45,70,75,2026
大连理工大学,物理学,070200,（主校区）物理学院,300,45,45,70,75,2026
大连理工大学,凝聚态物理,070205,（主校区）大连理工大学白俄罗斯国立大学联合学院,300,45,45,70,75,2026
大连理工大学,化学,070300,（主校区）化学学院,300,45,45,70,75,2026
大连理工大学,化学,070300,（主校区）化学学院,300,45,45,70,75,2026
大连理工大学,化学,070300,（主校区）化学学院,300,45,45,70,75,2026
大连理工大学,化学,070300,（主校区）化学学院,300,45,45,70,75,2026
大连理工大学,高分子化学与物理,070305,（主校区）化工学院,300,45,45,70,75,2026
大连理工大学,生物学,071000,（盘锦校区）化工海洋与生命学院,330,45,45,70,75,2026
大连理工大学,生物学,071000,（主校区）生物工程学院,330,45,45,70,75,2026
大连理工大学,药学,078000,（主校区）化工学院,300,45,45,70,75,2026
大连理工大学,药学,078000,（主校区）医学部,300,45,45,70,75,2026
大连理工大学,理学,07,不区分院系,300,45,45,70,75,2026
大连理工大学,力学,080100,（主校区）力学与航空航天学院,335,45,45,70,75,2026
大连理工大学,工程力学,080104,（盘锦校区）化工海洋与生命学院,300,45,45,70,75,2026
大连理工大学,工程力学,080104,（主校区）大连理工大学白俄罗斯国立大学联合学院,300,45,45,70,75,2026
大连理工大学,机械工程,080200,（主校区）机械工程学院,331,45,45,70,75,2026
大连理工大学,车辆工程,080204,（主校区）机械工程学院,319,45,45,70,75,2026
大连理工大学,智能制造,0802J1,（主校区）机械工程学院,316,45,45,70,75,2026
大连理工大学,仪器科学与技术,080400,（主校区）光电工程与仪器科学学院,311,45,45,70,75,2026
大连理工大学,仪器科学与技术,080400,（主校区）光电工程与仪器科学学院,300,45,45,70,75,2026
大连理工大学,材料科学与工程,080500,（主校区）材料科学与工程学院,327,45,45,70,75,2026
大连理工大学,高分子材料,0805Z1,（主校区）化工学院,300,45,45,70,75,2026
大连理工大学,动力工程及工程热物理,080700,（主校区）能源与动力学院,300,45,45,70,75,2026
大连理工大学,化工过程机械,080706,（主校区）化工学院,300,45,45,70,75,2026
大连理工大学,电气工程,080800,（主校区）电气工程学院,331,45,45,70,75,2026
大连理工大学,信息与通信工程,081000,（主校区）信息与通信工程学院,300,45,45,70,75,2026
大连理工大学,控制科学与工程,081100,（主校区）控制科学与工程学院,317,45,45,70,75,2026
大连理工大学,系统工程,081103,（主校区）经济管理学院,358,45,45,70,75,2026
大连理工大学,计算机科学与技术,081200,（主校区）计算机科学与技术学院,300,45,45,70,75,2026
大连理工大学,建筑学,081300,（主校区）建筑与艺术学院,323,45,45,70,75,2026
大连理工大学,土木工程,081400,（主校区）建设工程学院,300,45,45,70,75,2026
大连理工大学,土木工程,081400,（主校区）建设工程学院,300,45,45,70,75,2026
大连理工大学,土木工程,081400,（主校区）建设工程学院,300,45,45,70,75,2026
大连理工大学,土木工程,081400,（主校区）建设工程学院,300,45,45,70,75,2026
大连理工大学,土木工程,081400,（主校区）建设工程学院,300,45,45,70,75,2026
大连理工大学,土木工程,081400,（主校区）建设工程学院,300,45,45,70,75,2026
大连理工大学,供热、供燃气、通风及空调工程,081404,（主校区）建设工程学院,300,45,35,70,75,2026
大连理工大学,智慧交通与运载工程,0814J3,（主校区）建设工程学院,264,35,35,53,53,2026
大连理工大学,工程管理,0814Z1,（主校区）建设工程学院,300,45,45,70,75,2026
大连理工大学,水利工程,081500,（主校区）建设工程学院,300,45,45,70,75,2026
大连理工大学,水利工程,081500,（主校区）建设工程学院,300,45,45,70,75,2026
大连理工大学,水利工程,081500,（主校区）建设工程学院,300,45,45,70,75,2026
大连理工大学,水利工程,081500,（主校区）建设工程学院,300,45,45,70,75,2026
大连理工大学,水利工程,081500,（主校区）建设工程学院,300,45,45,70,75,2026
大连理工大学,流域海岸环境生态科学与工程,0815J1,（主校区）建设工程学院,251,33,33,50,50,2026
大连理工大学,化学工程与技术,081700,（主校区）化工学院,334,45,45,70,75,2026
大连理工大学,化学工程与技术,081700,（主校区）化工学院,334,45,45,70,75,2026
大连理工大学,化学工程与技术,081700,（主校区）化工学院,334,45,45,70,75,2026
大连理工大学,化学工程与技术,081700,（主校区）化工学院,334,45,45,70,75,2026
大连理工大学,化学工程,081701,（盘锦校区）化工海洋与生命学院,300,45,45,70,75,2026
大连理工大学,智能分子材料工程,0817J1,（主校区）化工学院,312,45,45,70,75,2026
大连理工大学,智能分子材料工程,0817J1,（主校区）材料科学与工程学院,264,35,35,53,53,2026
大连理工大学,储能科学与工程,0817J2,（主校区）化工学院,300,45,45,70,75,2026
大连理工大学,船舶与海洋工程,082400,（主校区）船舶工程学院,300,45,45,70,75,2026
大连理工大学,航空宇航科学与技术,082500,（主校区）力学与航空航天学院,300,45,45,70,75,2026
大连理工大学,环境科学与工程,083000,（主校区）环境学院,300,45,45,70,75,2026
大连理工大学,环境科学与工程,083000,（盘锦校区）化工海洋与生命学院,300,45,45,70,75,2026
大连理工大学,生物医学工程,083100,（主校区）医学部,300,45,45,70,75,2026
大连理工大学,生物医学工程,083100,（主校区）医学部,300,45,45,70,75,2026
大连理工大学,软件工程,083500,（开发区校区）软件学院,328,45,45,70,75,2026
大连理工大学,生物工程,083600,（主校区）生物工程学院,328,45,45,70,75,2026
大连理工大学,安全科学与工程,083700,（主校区）化工学院,300,45,45,70,75,2026
大连理工大学,建筑,085100,（主校区）建筑与艺术学院,315,45,45,70,75,2026
大连理工大学,建筑,085100,（主校区）建筑与艺术学院,315,45,45,70,75,2026
大连理工大学,建筑,085100,（主校区）建筑与艺术学院,315,45,45,70,75,2026
大连理工大学,建筑,085100,（主校区）建筑与艺术学院,300,45,45,70,75,2026
大连理工大学,城乡规划,085300,（主校区）建筑与艺术学院,300,45,45,70,75,2026
大连理工大学,城乡规划,085300,（主校区）建筑与艺术学院,300,45,45,70,75,2026
大连理工大学,城乡规划,085300,（主校区）建筑与艺术学院,300,45,45,70,75,2026
大连理工大学,城乡规划,085300,（主校区）建筑与艺术学院,300,45,45,70,75,2026
大连理工大学,城乡规划,085300,（主校区）建筑与艺术学院,300,45,45,70,75,2026
大连理工大学,城乡规划,085300,（主校区）建筑与艺术学院,300,45,45,70,75,2026
大连理工大学,新一代电子信息技术（含量子技术等）,085401,（主校区）信息与通信工程学院,300,45,45,70,75,2026
大连理工大学,集成电路工程,085403,（开发区校区）集成电路学院,308,45,45,70,75,2026
大连理工大学,计算机技术,085404,（主校区）计算机科学与技术学院,300,45,45,70,75,2026
大连理工大学,软件工程,085405,（开发区校区）软件学院,372,45,45,70,75,2026
大连理工大学,控制工程,085406,（主校区）控制科学与工程学院,328,45,45,70,75,2026
大连理工大学,光电信息工程,085408,（主校区）光电工程与仪器科学学院,300,45,45,70,75,2026
大连理工大学,光电信息工程,085408,（主校区）光电工程与仪器科学学院,300,45,45,70,75,2026
大连理工大学,生物医学工程,085409,（主校区）医学部,325,45,45,70,75,2026
大连理工大学,生物医学工程,085409,（主校区）医学部,300,45,45,70,75,2026
大连理工大学,人工智能,085410,（主校区）计算机科学与技术学院,300,45,45,70,75,2026
大连理工大学,人工智能,085410,（主校区）计算机科学与技术学院,300,45,45,70,75,2026
大连理工大学,人工智能,085410,（主校区）计算机科学与技术学院,300,45,45,70,75,2026
大连理工大学,大数据技术与工程,085411,（主校区）经济管理学院,301,45,45,70,75,2026
大连理工大学,机械工程,085501,（主校区）机械工程学院,364,45,45,70,75,2026
大连理工大学,机械工程,085501,（主校区）力学与航空航天学院,363,45,45,70,75,2026
大连理工大学,车辆工程,085502,（主校区）机械工程学院,378,45,45,70,75,2026
大连理工大学,车辆工程,085502,（主校区）机械工程学院,300,45,45,70,75,2026
大连理工大学,航空工程,085503,（主校区）力学与航空航天学院,364,45,45,70,75,2026
大连理工大学,航空工程,085503,（主校区）力学与航空航天学院,336,45,45,70,75,2026
大连理工大学,航天工程,085504,（主校区）力学与航空航天学院,350,45,45,70,75,2026
大连理工大学,航天工程,085504,（主校区）力学与航空航天学院,300,45,45,70,75,2026
大连理工大学,船舶工程,085505,（主校区）船舶工程学院,300,45,45,70,75,2026
大连理工大学,智能制造技术,085509,（主校区）机械工程学院,336,45,45,70,75,2026
大连理工大学,材料工程,085601,（主校区）材料科学与工程学院,323,45,45,70,75,2026
大连理工大学,化学工程,085602,（盘锦校区）化工海洋与生命学院,300,45,45,70,75,2026
大连理工大学,化学工程,085602,（主校区）化工学院,331,45,45,70,75,2026
大连理工大学,化学工程,085602,（主校区）化工学院,331,45,45,70,75,2026
大连理工大学,化学工程,085602,（主校区）化工学院,331,45,45,70,75,2026
大连理工大学,化学工程,085602,（主校区）化工学院,331,45,45,70,75,2026
大连理工大学,化学工程,085602,（主校区）化工学院,300,45,45,70,75,2026
大连理工大学,化学工程,085602,（主校区）化工学院,300,45,45,70,75,2026
大连理工大学,环境工程,085701,（主校区）环境学院,300,45,45,70,75,2026
大连理工大学,环境工程,085701,（盘锦校区）化工海洋与生命学院,300,45,45,70,75,2026
大连理工大学,安全工程,085702,（主校区）化工学院,300,45,45,70,75,2026
大连理工大学,电气工程,085801,（主校区）电气工程学院,338,45,45,70,75,2026
大连理工大学,动力工程,085802,（主校区）能源与动力学院,300,45,45,70,75,2026
大连理工大学,土木工程,085901,（主校区）建设工程学院,300,45,45,70,75,2026
大连理工大学,土木工程,085901,（主校区）建设工程学院,300,45,45,70,75,2026
大连理工大学,土木工程,085901,（主校区）建设工程学院,300,45,45,70,75,2026
大连理工大学,土木工程,085901,（主校区）建设工程学院,300,45,45,70,75,2026
大连理工大学,土木工程,085901,（主校区）建设工程学院,300,45,45,70,75,2026
大连理工大学,土木工程,085901,（主校区）建设工程学院,300,45,45,70,75,2026
大连理工大学,土木工程,085901,（主校区）建设工程学院,300,45,45,70,75,2026
大连理工大学,土木工程,085901,（主校区）建设工程学院,300,45,45,70,75,2026
大连理工大学,土木工程,085901,（主校区）建设工程学院,300,45,45,70,75,2026
大连理工大学,水利工程,085902,（主校区）建设工程学院,356,45,45,70,75,2026
大连理工大学,水利工程,085902,（主校区）建设工程学院,356,45,45,70,75,2026
大连理工大学,水利工程,085902,（主校区）建设工程学院,300,45,45,70,75,2026
大连理工大学,水利工程,085902,（主校区）建设工程学院,356,45,45,70,75,2026
大连理工大学,水利工程,085902,（主校区）建设工程学院,300,45,45,70,75,2026
大连理工大学,海洋工程,085903,（主校区）建设工程学院,300,45,45,70,75,2026
大连理工大学,海洋工程,085903,（主校区）船舶工程学院,300,45,45,70,75,2026
大连理工大学,海洋工程,085903,（主校区）力学与航空航天学院,300,45,45,70,75,2026
大连理工大学,海洋工程,085903,（盘锦校区）化工海洋与生命学院,300,45,45,70,75,2026
大连理工大学,海洋工程,085903,（主校区）建设工程学院,300,45,45,70,75,2026
大连理工大学,生物技术与工程,086001,（盘锦校区）化工海洋与生命学院,313,45,45,70,75,2026
大连理工大学,生物技术与工程,086001,（主校区）生物工程学院,313,45,45,70,75,2026
大连理工大学,制药工程,086002,（主校区）化工学院,361,45,45,70,75,2026
大连理工大学,制药工程,086002,（盘锦校区）化工海洋与生命学院,300,45,45,70,75,2026
大连理工大学,道路交通运输,086102,（主校区）建设工程学院,359,45,45,70,75,2026
大连理工大学,道路交通运输,086102,（主校区）建设工程学院,300,45,45,70,75,2026
大连理工大学,管理科学与工程,087100,（主校区）经济管理学院,343,45,45,70,75,2026
大连理工大学,低空技术与工程,089901,（主校区）力学与航空航天学院,300,45,45,70,75,2026
大连理工大学,低空技术与工程,089901,（主校区）力学与航空航天学院,300,45,45,70,75,2026
大连理工大学,低空技术与工程,089901,（主校区）力学与航空航天学院,300,45,45,70,75,2026
大连理工大学,工学（不含工学照顾专业）,08,不区分院系,300,45,45,70,75,2026
大连理工大学,临床医学,100200,（主校区）医学部,300,45,45,170,0,2026
大连理工大学,内科学,105101,（主校区）医学部,300,45,45,170,0,2026
大连理工大学,儿科学,105102,（主校区）医学部,300,45,45,170,0,2026
大连理工大学,神经病学,105104,（主校区）医学部,300,45,45,170,0,2026
大连理工大学,重症医学,105108,（主校区）医学部,300,45,45,170,0,2026
大连理工大学,外科学,105111,（主校区）医学部,300,45,45,170,0,2026
大连理工大学,儿外科学,105112,（主校区）医学部,300,45,45,170,0,2026
大连理工大学,骨科学,105113,（主校区）医学部,300,45,45,170,0,2026
大连理工大学,妇产科学,105115,（主校区）医学部,300,45,45,170,0,2026
大连理工大学,眼科学,105116,（主校区）医学部,300,45,45,170,0,2026
大连理工大学,耳鼻咽喉科学,105117,（主校区）医学部,300,45,45,170,0,2026
大连理工大学,麻醉学,105118,（主校区）医学部,300,45,45,170,0,2026
大连理工大学,放射影像学,105123,（主校区）医学部,300,45,45,170,0,2026
大连理工大学,超声医学,105124,（主校区）医学部,300,45,45,170,0,2026
大连理工大学,医学,10,不区分院系,300,45,45,170,0,2026
大连理工大学,会计学,120201,（主校区）经济管理学院,340,50,50,85,85,2026
大连理工大学,企业管理,120202,（盘锦校区）商学院,340,50,50,85,85,2026
大连理工大学,企业管理,120202,（主校区）经济管理学院,340,50,50,85,85,2026
大连理工大学,技术经济及管理,120204,（主校区）经济管理学院,340,50,50,85,85,2026
大连理工大学,公共管理学,120400,（主校区）公共管理学院,340,50,50,85,85,2026
大连理工大学,工商管理,125100,（主校区）MBA-EMBA教育中心,146,0,35,70,0,2026
大连理工大学,工商管理,125100,（主校区）MBA-EMBA教育中心,146,0,35,70,0,2026
大连理工大学,工商管理,125100,（主校区）MBA-EMBA教育中心,146,0,35,70,0,2026
大连理工大学,公共管理,125200,（主校区）MPA教育中心,168,0,39,78,0,2026
大连理工大学,工程管理,125601,（主校区）MBA-EMBA教育中心,166,0,39,78,0,2026
大连理工大学,工商管理,1251,不区分院系,146,0,35,70,0,2026
大连理工大学,公共管理,1252,不区分院系,168,0,39,78,0,2026
大连理工大学,工程管理,1256,不区分院系,166,0,39,78,0,2026
大连理工大学,管理学,12,不区分院系,340,50,50,85,85,2026
大连理工大学,设计,135700,（主校区）建筑与艺术学院,381,45,45,70,75,2026
大连理工大学,设计,135700,（主校区）建筑与艺术学院,367,45,45,70,75,2026
大连理工大学,设计,135700,（主校区）建筑与艺术学院,365,45,45,70,75,2026
大连理工大学,设计,135700,（主校区）建筑与艺术学院,365,45,45,70,75,2026
大连理工大学,设计,135700,（主校区）建筑与艺术学院,365,45,45,70,75,2026
大连理工大学,设计,135700,（主校区）建筑与艺术学院,365,45,45,70,75,2026
大连理工大学,设计,135700,（主校区）建筑与艺术学院,365,45,45,70,75,2026
大连理工大学,设计,135700,（主校区）建筑与艺术学院,365,45,45,70,75,2026
大连理工大学,艺术学,13,不区分院系,365,45,45,75,75,2026
大连理工大学,集成电路科学与工程,140100,（开发区校区）集成电路学院,300,45,45,70,75,2026
大连理工大学,设计学,140300,（主校区）建筑与艺术学院,395,45,45,70,75,2026
大连理工大学,设计学,140300,（主校区）建筑与艺术学院,365,45,45,70,75,2026
大连理工大学,设计学,140300,（主校区）建筑与艺术学院,365,45,45,70,75,2026
大连理工大学,智能科学与技术,140500,（主校区）人工智能学院,300,45,45,70,75,2026
大连理工大学,智能科学与技术,140500,（主校区）人工智能学院,300,45,45,70,75,2026
大连理工大学,智能科学与技术,140500,（主校区）人工智能学院,300,45,45,70,75,2026
大连理工大学,集成电路科学与工程,1401,不区分院系,300,45,45,70,75,2026
大连理工大学,设计学,1403,不区分院系,365,45,45,75,75,2026
大连理工大学,智能科学与技术,1405,不区分院系,300,45,45,70,75,2026
华东师范大学,马克思主义哲学,010101,哲学系,362,45,45,68,68,2023
华东师范大学,中国哲学,010102,哲学系,363,45,45,68,68,2023
华东师范大学,外国哲学,010103,哲学系,373,45,45,68,68,2023
华东师范大学,逻辑学,010104,哲学系,357,45,45,68,68,2023
华东师范大学,伦理学,010105,哲学系,327,45,45,68,68,2023
华东师范大学,宗教学,010107,哲学系,352,45,45,68,68,2023
华东师范大学,科学技术哲学,010108,哲学系,325,45,45,68,68,2023
华东师范大学,金融学,020204,经济学院,354,48,48,72,72,2023
华东师范大学,产业经济学,020205,经济学院,359,48,48,72,72,2023
华东师范大学,国际贸易学,020206,经济学院,377,48,48,72,72,2023
华东师范大学,金融,025100,经济与管理学部专业学位教育中心,376,48,48,72,72,2023
华东师范大学,应用统计,025200,经济与管理学部专业学位教育中心,395,48,48,72,72,2023
华东师范大学,国际商务,025400,经济与管理学部专业学位教育中心,355,48,48,72,72,2023
华东师范大学,保险,025500,经济与管理学部专业学位教育中心,354,48,48,72,72,2023
华东师范大学,法学,030100,法学院,360,45,45,68,68,2023
华东师范大学,政治学,030200,政治与国际关系学院,361,45,45,68,68,2023
华东师范大学,中共党史,030204,马克思主义学院,338,45,45,68,68,2023
华东师范大学,社会学,030300,社会发展学院,373,45,45,68,68,2023
华东师范大学,马克思主义理论,030500,马克思主义学院,379,45,45,68,68,2023
华东师范大学,法律（非法学）,035101,法学院,327,45,45,68,68,2023
华东师范大学,法律（法学）,035102,法学院,332,45,45,68,68,2023
华东师范大学,社会工作,035200,社会发展学院,326,45,45,68,68,2023
华东师范大学,教育学,040100,教育学部,369,51,51,153,0,2023
华东师范大学,课程与教学论,040102,地理科学学院,363,51,51,153,0,2023
华东师范大学,学习心理与发展,0401Z4,教育心理学系,363,51,51,153,0,2023
华东师范大学,体育人文社会学,040301,体育与健康学院,320,39,39,117,0,2023
华东师范大学,运动人体科学,040302,体育与健康学院,321,39,39,117,0,2023
华东师范大学,体育教育训练学,040303,体育与健康学院,314,39,39,117,0,2023
华东师范大学,民族传统体育学,040304,体育与健康学院,330,39,39,117,0,2023
华东师范大学,教育管理,045101,教育管理学系,350,51,51,77,77,2023
华东师范大学,学科教学（思政）,045102,教育专业学位管理中心,350,51,51,77,77,2023
华东师范大学,学科教学（思政）,045102,教师教育学院,350,51,51,77,77,2023
华东师范大学,学科教学（语文）,045103,教育专业学位管理中心,350,51,51,77,77,2023
华东师范大学,学科教学（语文）,045103,教师教育学院,391,51,51,77,77,2023
华东师范大学,学科教学（数学）,045104,教育专业学位管理中心,350,51,51,77,77,2023
华东师范大学,学科教学（数学）,045104,教师教育学院,376,51,51,77,77,2023
华东师范大学,学科教学（物理）,045105,教育专业学位管理中心,350,51,51,77,77,2023
华东师范大学,学科教学（物理）,045105,教师教育学院,386,51,51,77,77,2023
华东师范大学,学科教学（化学）,045106,教育专业学位管理中心,350,51,51,77,77,2023
华东师范大学,学科教学（化学）,045106,教师教育学院,387,51,51,77,77,2023
华东师范大学,学科教学（生物）,045107,教育专业学位管理中心,350,51,51,77,77,2023
华东师范大学,学科教学（生物）,045107,教师教育学院,402,51,51,77,77,2023
华东师范大学,学科教学（英语）,045108,教育专业学位管理中心,359,51,51,77,77,2023
华东师范大学,学科教学（英语）,045108,教师教育学院,394,51,51,77,77,2023
华东师范大学,学科教学（历史）,045109,教育专业学位管理中心,350,51,51,77,77,2023
华东师范大学,学科教学（历史）,045109,教师教育学院,366,51,51,77,77,2023
华东师范大学,学科教学（地理）,045110,教育专业学位管理中心,350,51,51,77,77,2023
华东师范大学,学科教学（地理）,045110,教师教育学院,387,51,51,77,77,2023
华东师范大学,学科教学（音乐）,045111,教育专业学位管理中心,350,51,51,77,77,2023
华东师范大学,学科教学（音乐）,045111,教师教育学院,350,51,51,77,77,2023
华东师范大学,现代教育技术,045114,教育信息技术学系,353,51,51,77,77,2023
华东师范大学,科学与技术教育,045117,教师教育学院,395,51,51,77,77,2023
华东师范大学,特殊教育,045119,特殊教育学系,391,51,51,77,77,2023
华东师范大学,特殊教育,045119,康复科学系,352,51,51,77,77,2023
华东师范大学,体育教学,045201,体育与健康学院,335,39,39,117,0,2023
华东师范大学,运动训练,045202,体育与健康学院,307,39,39,117,0,2023
华东师范大学,社会体育指导,045204,体育与健康学院,316,39,39,117,0,2023
华东师范大学,汉语国际教育,045300,国际汉语文化学院,351,51,51,77,77,2023
华东师范大学,应用心理,045400,心理与认知科学学院,350,51,51,153,0,2023
华东师范大学,中国语言文学,050100,国际汉语文化学院,363,54,54,81,81,2023
华东师范大学,文艺学,050101,中国语言文学系,373,54,54,81,81,2023
华东师范大学,语言学及应用语言学,050102,中国语言文学系,375,54,54,81,81,2023
华东师范大学,汉语言文字学,050103,中国语言文学系,367,54,54,81,81,2023
华东师范大学,中国古典文献学,050104,中国语言文学系,366,54,54,81,81,2023
华东师范大学,中国古代文学,050105,中国语言文学系,374,54,54,81,81,2023
华东师范大学,中国现当代文学,050106,中国语言文学系,389,54,54,81,81,2023
华东师范大学,比较文学与世界文学,050108,中国语言文学系,377,54,54,81,81,2023
华东师范大学,外国语言文学,050200,外语学院,396,54,54,81,81,2023
华东师范大学,新闻传播学,050300,传播学院,372,54,54,81,81,2023
华东师范大学,英语笔译,055101,外语学院,399,54,54,81,81,2023
华东师范大学,英语口译,055102,外语学院,363,54,54,81,81,2023
华东师范大学,新闻与传播,055200,政治与国际关系学院,379,54,54,81,81,2023
华东师范大学,新闻与传播,055200,传播学院,388,54,54,81,81,2023
华东师范大学,出版,055300,传播学院,384,54,54,81,81,2023
华东师范大学,中国史,060200,历史学系,338,46,46,138,0,2023
华东师范大学,世界史,060300,历史学系,339,46,46,138,0,2023
华东师范大学,数学,070100,数学科学学院,318,38,38,57,57,2023
华东师范大学,物理学,070200,物理与电子科学学院,280,38,38,57,57,2023
华东师范大学,光学,070207,精密光谱科学与技术国家重点实验室,323,38,38,57,57,2023
华东师范大学,无机化学,070301,化学与分子工程学院,279,38,38,57,57,2023
华东师范大学,分析化学,070302,化学与分子工程学院,279,38,38,57,57,2023
华东师范大学,有机化学,070303,化学与分子工程学院,279,38,38,57,57,2023
华东师范大学,物理化学,070304,化学与分子工程学院,279,38,38,57,57,2023
华东师范大学,高分子化学与物理,070305,化学与分子工程学院,279,38,38,57,57,2023
华东师范大学,自然地理学,070501,地理科学学院,315,38,38,57,57,2023
华东师范大学,自然地理学,070501,河口海岸科学研究院,280,38,38,57,57,2023
华东师范大学,人文地理学,070502,地理科学学院,337,38,38,57,57,2023
华东师范大学,人文地理学,070502,城市与区域科学学院,320,38,38,57,57,2023
华东师范大学,地图学与地理信息系统,070503,地理科学学院,332,38,38,57,57,2023
华东师范大学,气象学,070601,地理科学学院,350,38,38,57,57,2023
华东师范大学,物理海洋学,070701,河口海岸科学研究院,280,38,38,57,57,2023
华东师范大学,海洋化学,070702,河口海岸科学研究院,280,38,38,57,57,2023
华东师范大学,海洋生物学,070703,河口海岸科学研究院,280,38,38,57,57,2023
华东师范大学,海洋地质,070704,河口海岸科学研究院,280,38,38,57,57,2023
华东师范大学,植物学,071001,生命科学学院,302,38,38,57,57,2023
华东师范大学,动物学,071002,生命科学学院,280,38,38,57,57,2023
华东师范大学,生理学,071003,生命科学学院,311,38,38,57,57,2023
华东师范大学,神经生物学,071006,生命科学学院,282,38,38,57,57,2023
华东师范大学,细胞生物学,071009,生命科学学院,303,38,38,57,57,2023
华东师范大学,生物化学与分子生物学,071010,生命科学学院,305,38,38,57,57,2023
华东师范大学,生态学,071300,生态与环境科学学院,298,38,38,57,57,2023
华东师范大学,生态学,071300,生命科学学院,326,38,38,57,57,2023
华东师范大学,生态学,071300,河口海岸科学研究院,280,38,38,57,57,2023
华东师范大学,统计学,071400,统计学院,300,38,38,57,57,2023
华东师范大学,心理学,077100,心理与认知科学学院,326,38,38,57,57,2023
华东师范大学,环境科学,077601,生态与环境科学学院,285,38,38,57,57,2023
华东师范大学,环境科学,077601,河口海岸科学研究院,280,38,38,57,57,2023
华东师范大学,教育技术学,078401,教育信息技术学系,316,38,38,57,57,2023
华东师范大学,电子科学与技术,080900,物理与电子科学学院电子科学系,305,38,38,57,57,2023
华东师范大学,信息与通信工程,081000,通信与电子工程学院,273,38,38,57,57,2023
华东师范大学,计算机科学与技术,081200,计算机科学与技术学院,333,38,38,57,57,2023
华东师范大学,港口、海岸及近海工程,081505,河口海岸科学研究院,260,35,35,53,53,2023
华东师范大学,应用化学,081704,化学与分子工程学院,273,38,38,57,57,2023
华东师范大学,环境工程,083002,生态与环境科学学院,293,38,38,57,57,2023
华东师范大学,软件工程,083500,软件工程学院,343,38,38,57,57,2023
华东师范大学,数据科学与工程,0835Z1,数据科学与工程学院,300,38,38,57,57,2023
华东师范大学,通信工程（含宽带网络、移动通信等）,085402,通信与电子工程学院,273,38,38,57,57,2023
华东师范大学,集成电路工程,085403,通信与电子工程学院,273,38,38,57,57,2023
华东师范大学,集成电路工程,085403,信息学部,273,38,38,57,57,2023
华东师范大学,计算机技术,085404,计算机科学与技术学院,273,38,38,57,57,2023
华东师范大学,软件工程,085405,软件工程学院,275,38,38,57,57,2023
华东师范大学,人工智能,085410,信息学部,273,38,38,57,57,2023
华东师范大学,大数据技术与工程,085411,数据科学与工程学院,298,38,38,57,57,2023
华东师范大学,环境工程,085701,生态与环境科学学院,321,38,38,57,57,2023
华东师范大学,测绘工程,085704,地理科学学院,327,38,38,57,57,2023
华东师范大学,生物与医药,086000,化学与分子工程学院,273,38,38,57,57,2023
华东师范大学,生物与医药,086000,生命科学学院,319,38,38,57,57,2023
华东师范大学,基础医学,100100,生命科学学院,302,39,39,117,0,2023
华东师范大学,药学,100700,化学与分子工程学院,296,39,39,117,0,2023
华东师范大学,会计学,120201,工商管理学院,403,47,47,71,71,2023
华东师范大学,企业管理,120202,工商管理学院,371,47,47,71,71,2023
华东师范大学,旅游管理,120203,工商管理学院,349,47,47,71,71,2023
华东师范大学,市场营销学,1202Z1,亚欧商学院,352,47,47,71,71,2023
华东师范大学,公共管理,120400,公共管理学院,341,47,47,71,71,2023
华东师范大学,情报学,120502,工商管理学院,354,47,47,71,71,2023
华东师范大学,商业分析,1205Z1,工商管理学院,381,47,47,71,71,2023
华东师范大学,工商管理,125100,经济与管理学部专业学位教育中心,167,0,41,82,0,2023
华东师范大学,公共管理,125200,马克思主义学院,175,0,44,88,0,2023
华东师范大学,公共管理,125200,教育管理学系,175,0,44,88,0,2023
华东师范大学,公共管理,125200,经济与管理学部专业学位教育中心,175,0,44,88,0,2023
华东师范大学,会计,125300,经济与管理学部专业学位教育中心,244,0,51,102,0,2023
华东师范大学,旅游管理,125400,经济与管理学部专业学位教育中心,167,0,41,82,0,2023
华东师范大学,图书情报,125500,经济与管理学部专业学位教育中心,233,0,52,104,0,2023
华东师范大学,工程管理,125601,上海国际首席技术官学院,178,0,44,88,0,2023
华东师范大学,音乐与舞蹈学,130200,音乐学院,362,40,40,60,60,2023
华东师范大学,戏剧与影视学,130300,传播学院,385,40,40,60,60,2023
华东师范大学,美术学,130400,美术学院,362,40,40,60,60,2023
华东师范大学,设计学,130500,设计学院,381,40,40,60,60,2023
华东师范大学,音乐,135101,音乐学院,362,40,40,60,60,2023
华东师范大学,广播电视,135105,中国语言文学系,369,40,40,60,60,2023
华东师范大学,广播电视,135105,传播学院,384,40,40,60,60,2023
华东师范大学,美术,135107,美术学院,362,40,40,60,60,2023
华东师范大学,艺术设计,135108,设计学院,386,40,40,60,60,2023
华东师范大学,集成电路科学与工程,140100,通信与电子工程学院,273,36,36,54,54,2023
华东师范大学,哲学,010100,哲学系,365,47,47,71,71,2024
华东师范大学,应用伦理,015100,哲学系,333,47,47,71,71,2024
华东师范大学,金融学,020204,经济与管理学院,367,47,47,71,71,2024
华东师范大学,产业经济学,020205,经济与管理学院,365,47,47,71,71,2024
华东师范大学,国际贸易学,020206,经济与管理学院,368,47,47,71,71,2024
华东师范大学,金融,025100,经济与管理学院,368,47,47,71,71,2024
华东师范大学,应用统计,025200,统计学院,352,47,47,71,71,2024
华东师范大学,国际商务,025400,经济与管理学院,340,47,47,71,71,2024
华东师范大学,保险,025500,统计学院,338,47,47,71,71,2024
华东师范大学,法学,030100,法学院,359,47,47,71,71,2024
华东师范大学,政治学,030200,政治与国际关系学院,375,47,47,71,71,2024
华东师范大学,社会学,030300,社会发展学院,388,47,47,71,71,2024
华东师范大学,马克思主义理论,030500,马克思主义学院,411,47,47,71,71,2024
华东师范大学,中共党史党建学,030700,马克思主义学院,381,47,47,71,71,2024
华东师范大学,法律（非法学）,035101,法学院,335,47,47,71,71,2024
华东师范大学,法律（法学）,035102,法学院,346,47,47,71,71,2024
华东师范大学,社会工作,035200,社会发展学院,333,47,47,71,71,2024
华东师范大学,国际事务,035500,政治与国际关系学院,331,47,47,71,71,2024
华东师范大学,党务管理,0356S1,马克思主义学院,331,47,47,71,71,2024
华东师范大学,教育学,040100,教育学部,376,51,51,153,0,2024
华东师范大学,学习心理与发展,0401Z4,教育心理学系,356,51,51,153,153,2024
华东师范大学,体育人文社会学,040301,体育与健康学院,367,41,41,123,0,2024
华东师范大学,运动人体科学,040302,体育与健康学院,367,41,41,123,0,2024
华东师范大学,体育教育训练学,040303,体育与健康学院,369,41,41,123,0,2024
华东师范大学,民族传统体育学,040304,体育与健康学院,349,41,41,123,0,2024
华东师范大学,教育管理,045101,教育管理学系,362,51,51,77,77,2024
华东师范大学,学科教学（思政）,045102,教育专业学位管理中心,355,51,51,77,77,2024
华东师范大学,学科教学（思政）,045102,教师教育学院,360,51,51,77,77,2024
华东师范大学,学科教学（语文）,045103,教育专业学位管理中心,350,51,51,77,77,2024
华东师范大学,学科教学（语文）,045103,教师教育学院,394,51,51,77,77,2024
华东师范大学,学科教学（数学）,045104,教育专业学位管理中心,351,51,51,77,77,2024
华东师范大学,学科教学（数学）,045104,教师教育学院,373,51,51,77,77,2024
华东师范大学,学科教学（物理）,045105,教育专业学位管理中心,351,51,51,77,77,2024
华东师范大学,学科教学（物理）,045105,教师教育学院,387,51,51,77,77,2024
华东师范大学,学科教学（化学）,045106,教育专业学位管理中心,351,51,51,77,77,2024
华东师范大学,学科教学（化学）,045106,教师教育学院,380,51,51,77,77,2024
华东师范大学,学科教学（生物）,045107,教育专业学位管理中心,358,51,51,77,77,2024
华东师范大学,学科教学（生物）,045107,教师教育学院,394,51,51,77,77,2024
华东师范大学,学科教学（英语）,045108,教育专业学位管理中心,372,51,51,77,77,2024
华东师范大学,学科教学（英语）,045108,教师教育学院,398,51,51,77,77,2024
华东师范大学,学科教学（历史）,045109,教育专业学位管理中心,367,51,51,77,77,2024
华东师范大学,学科教学（历史）,045109,教师教育学院,381,51,51,77,77,2024
华东师范大学,学科教学（地理）,045110,教育专业学位管理中心,378,51,51,77,77,2024
华东师范大学,学科教学（地理）,045110,教师教育学院,378,51,51,77,77,2024
华东师范大学,学科教学（音乐）,045111,教育专业学位管理中心,352,51,51,77,77,2024
华东师范大学,学科教学（音乐）,045111,教师教育学院,350,51,51,77,77,2024
华东师范大学,现代教育技术,045114,教育信息技术学系,350,51,51,77,77,2024
华东师范大学,科学与技术教育,045117,教师教育学院,350,51,51,77,77,2024
华东师范大学,特殊教育,045119,特殊教育学系,375,51,51,77,77,2024
华东师范大学,特殊教育,045119,康复科学系,350,51,51,77,77,2024
华东师范大学,体育教学,045201,体育与健康学院,331,41,41,123,0,2024
华东师范大学,运动训练,045202,体育与健康学院,346,41,41,123,0,2024
华东师范大学,社会体育指导,045204,体育与健康学院,324,41,41,123,0,2024
华东师范大学,国际中文教育,045300,国际汉语文化学院,362,51,51,77,77,2024
华东师范大学,应用心理,045400,心理与认知科学学院,374,51,51,153,0,2024
华东师范大学,高校管理,0455S1,高等教育研究所,350,51,51,153,0,2024
华东师范大学,文艺学,050101,中国语言文学系,409,55,55,83,83,2024
华东师范大学,语言学及应用语言学,050102,中国语言文学系,416,55,55,83,83,2024
华东师范大学,汉语言文字学,050103,中国语言文学系,374,55,55,83,83,2024
华东师范大学,中国古典文献学,050104,中国语言文学系,410,55,55,83,83,2024
华东师范大学,中国古代文学,050105,中国语言文学系,404,55,55,83,83,2024
华东师范大学,中国现当代文学,050106,中国语言文学系,399,55,55,83,83,2024
华东师范大学,比较文学与世界文学,050108,中国语言文学系,412,55,55,83,83,2024
华东师范大学,外国语言文学,050200,外语学院,399,55,55,83,83,2024
华东师范大学,新闻传播学,050300,传播学院,380,55,55,83,83,2024
华东师范大学,翻译,055100,外语学院,388,55,55,83,83,2024
华东师范大学,新闻与传播,055200,政治与国际关系学院,374,55,55,83,83,2024
华东师范大学,新闻与传播,055200,传播学院,372,55,55,83,83,2024
华东师范大学,出版,055300,传播学院,387,55,55,83,83,2024
华东师范大学,创意写作,0554S1,中国语言文学系,380,55,55,83,83,2024
华东师范大学,中国史,060200,历史学系,362,49,49,147,0,2024
华东师范大学,世界史,060300,历史学系,361,49,49,147,0,2024
华东师范大学,数学,070100,数学科学学院,340,41,41,62,62,2024
华东师范大学,物理学,070200,物理与电子科学学院,288,41,41,62,62,2024
华东师范大学,光学,070207,精密光谱科学与技术国家重点实验室,326,41,41,62,62,2024
华东师范大学,化学,070300,化学与分子工程学院,337,41,41,62,62,2024
华东师范大学,自然地理学,070501,地理科学学院,311,41,41,62,62,2024
华东师范大学,自然地理学,070501,河口海岸学国家重点实验室（河口海岸科学研究院）,310,41,41,62,62,2024
华东师范大学,人文地理学,070502,地理科学学院,312,41,41,62,62,2024
华东师范大学,地图学与地理信息系统,070503,地理科学学院,367,41,41,62,62,2024
华东师范大学,气象学,070601,地理科学学院,288,41,41,62,62,2024
华东师范大学,物理海洋学,070701,河口海岸学国家重点实验室（河口海岸科学研究院）,295,41,41,62,62,2024
华东师范大学,海洋化学,070702,河口海岸学国家重点实验室（河口海岸科学研究院）,290,41,41,62,62,2024
华东师范大学,海洋生物学,070703,河口海岸学国家重点实验室（河口海岸科学研究院）,290,41,41,62,62,2024
华东师范大学,海洋地质,070704,河口海岸学国家重点实验室（河口海岸科学研究院）,330,41,41,62,62,2024
华东师范大学,生物学,071000,生命科学学院,302,41,41,62,62,2024
华东师范大学,生态学,071300,生态与环境科学学院,348,41,41,62,62,2024
华东师范大学,生态学,071300,河口海岸学国家重点实验室（河口海岸科学研究院）,325,41,41,62,62,2024
华东师范大学,心理学,077100,心理与认知科学学院,350,41,41,62,62,2024
华东师范大学,教育技术学,078401,教育信息技术学系,350,41,41,62,62,2024
华东师范大学,电子科学与技术,080900,物理与电子科学学院电子科学系,353,51,51,153,56,2024
华东师范大学,信息与通信工程,081000,通信与电子工程学院,273,37,37,56,56,2024
华东师范大学,计算机科学与技术,081200,计算机科学与技术学院,340,37,37,56,56,2024
华东师范大学,港口、海岸及近海工程,081505,河口海岸学国家重点实验室（河口海岸科学研究院）,280,37,37,56,56,2024
华东师范大学,应用化学,081704,化学与分子工程学院,273,37,37,56,56,2024
华东师范大学,环境科学与工程,083000,生态与环境科学学院,281,37,37,56,56,2024
华东师范大学,软件工程,083500,软件工程学院,322,37,37,56,56,2024
华东师范大学,通信工程（含宽带网络、移动通信等）,085402,通信与电子工程学院,273,37,37,56,56,2024
华东师范大学,集成电路工程,085403,通信与电子工程学院,273,37,37,56,56,2024
华东师范大学,计算机技术,085404,计算机科学与技术学院,273,37,37,56,56,2024
华东师范大学,软件工程,085405,软件工程学院,273,37,37,56,56,2024
华东师范大学,光电信息工程,085408,精密光谱科学与技术国家重点实验室,273,37,37,56,56,2024
华东师范大学,人工智能,085410,信息学部,273,37,37,56,56,2024
华东师范大学,大数据技术与工程,085411,数据科学与工程学院,274,37,37,56,56,2024
华东师范大学,环境工程,085701,生态与环境科学学院,302,37,37,56,56,2024
华东师范大学,测绘工程,085704,地理科学学院,321,37,37,56,56,2024
华东师范大学,生物与医药,086000,化学与分子工程学院,273,37,37,56,56,2024
华东师范大学,生物与医药,086000,生命科学学院,273,37,37,56,56,2024
华东师范大学,数据科学与工程,089901,数据科学与工程学院,276,37,37,56,56,2024
华东师范大学,基础医学,100100,生命科学学院,304,42,42,126,0,2024
华东师范大学,药学,100700,化学与分子工程学院,304,42,42,126,0,2024
华东师范大学,会计学,120201,经济与管理学院,355,49,49,74,74,2024
华东师范大学,企业管理,120202,经济与管理学院,370,49,49,74,74,2024
华东师范大学,旅游管理,120203,经济与管理学院,350,49,49,74,74,2024
华东师范大学,市场营销学,1202Z1,亚欧商学院,356,49,49,74,74,2024
华东师范大学,公共管理学,120400,公共管理学院,373,49,49,74,74,2024
华东师范大学,信息资源管理,120500,经济与管理学院,391,49,49,74,74,2024
华东师范大学,工商管理,125100,经济与管理学院,162,0,39,78,0,2024
华东师范大学,公共管理,125200,教育管理学系,173,0,43,86,0,2024
华东师范大学,公共管理,125200,公共管理学院,173,0,43,86,0,2024
华东师范大学,会计,125300,经济与管理学院,249,0,52,104,0,2024
华东师范大学,旅游管理,125400,经济与管理学院,162,0,39,78,0,2024
华东师范大学,图书情报,125500,经济与管理学院,239,0,51,102,0,2024
华东师范大学,工程管理,125601,上海国际首席技术官学院,176,0,43,86,0,2024
华东师范大学,艺术学,130100,美术学院,378,40,40,60,60,2024
华东师范大学,艺术学,130100,音乐学院,387,40,40,60,60,2024
华东师范大学,音乐,135200,音乐学院,369,40,40,60,60,2024
华东师范大学,戏剧与影视,135400,传播学院,380,40,40,60,60,2024
华东师范大学,美术与书法,135600,美术学院,367,40,40,60,60,2024
华东师范大学,设计,135700,设计学院,362,40,40,60,60,2024
华东师范大学,集成电路科学与工程,140100,通信与电子工程学院,275,39,39,59,59,2024
华东师范大学,设计学,140300,设计学院,365,39,39,59,59,2024
华东师范大学,哲学,010100,哲学系,336,39,39,59,59,2025
华东师范大学,应用伦理,015100,哲学系,321,39,39,59,59,2025
华东师范大学,金融学,020204,经济与管理学院,377,40,40,60,60,2025
华东师范大学,产业经济学,020205,经济与管理学院,323,40,40,60,60,2025
华东师范大学,国际贸易学,020206,经济与管理学院,323,40,40,60,60,2025
华东师范大学,金融,025100,经济与管理学院,351,40,40,60,60,2025
华东师范大学,应用统计,025200,统计学院,360,40,40,60,60,2025
华东师范大学,国际商务,025400,经济与管理学院,357,40,40,60,60,2025
华东师范大学,保险,025500,统计学院,360,40,40,60,60,2025
华东师范大学,法学,030100,法学院,338,40,40,60,60,2025
华东师范大学,政治学,030200,政治与国际关系学院,350,40,40,60,60,2025
华东师范大学,社会学,030300,社会发展学院,352,40,40,60,60,2025
华东师范大学,马克思主义理论,030500,马克思主义学院,351,40,40,60,60,2025
华东师范大学,中共党史党建学,030700,马克思主义学院,363,40,40,60,60,2025
华东师范大学,法律（非法学）,035101,法学院,323,40,40,60,60,2025
华东师范大学,法律（法学）,035102,法学院,323,40,40,60,60,2025
华东师范大学,社会工作,035200,社会发展学院,323,40,40,60,60,2025
华东师范大学,国际事务,035500,政治与国际关系学院,336,40,40,60,60,2025
华东师范大学,党务管理,0356S1,马克思主义学院,323,0,0,0,0,2025
华东师范大学,教育学,040100,教育学部,343,45,45,135,0,2025
华东师范大学,课程与教学论,040102,地理科学学院,341,45,45,135,0,2025
华东师范大学,学习心理与发展,0401Z4,教育心理学系,341,45,45,135,135,2025
华东师范大学,体育人文社会学,040301,体育与健康学院,351,36,36,108,0,2025
华东师范大学,运动人体科学,040302,体育与健康学院,363,36,36,108,0,2025
华东师范大学,体育教育训练学,040303,体育与健康学院,379,36,36,108,0,2025
华东师范大学,民族传统体育学,040304,体育与健康学院,304,36,36,108,0,2025
华东师范大学,教育,045100,中国语言文学系,341,45,45,68,68,2025
华东师范大学,教育,045100,历史学系,349,45,45,68,68,2025
华东师范大学,教育,045100,马克思主义学院,355,45,45,68,68,2025
华东师范大学,教育,045100,外语学院,360,45,45,68,68,2025
华东师范大学,教育,045100,教育信息技术学系,341,45,45,68,68,2025
华东师范大学,教育,045100,数学科学学院,341,45,45,68,68,2025
华东师范大学,教育,045100,物理与电子科学学院,341,45,45,68,68,2025
华东师范大学,教育,045100,化学与分子工程学院,355,45,45,68,68,2025
华东师范大学,教育,045100,地理科学学院,342,45,45,68,68,2025
华东师范大学,教育,045100,生命科学学院,360,45,45,68,68,2025
华东师范大学,教育管理,045101,教育管理学系,365,45,45,68,68,2025
华东师范大学,学科教学（思政）,045102,马克思主义学院,352,45,45,68,68,2025
华东师范大学,学科教学（语文）,045103,中国语言文学系,358,45,45,68,68,2025
华东师范大学,学科教学（数学）,045104,数学科学学院,389,45,45,68,68,2025
华东师范大学,学科教学（物理）,045105,物理与电子科学学院,370,45,45,68,68,2025
华东师范大学,学科教学（化学）,045106,化学与分子工程学院,387,45,45,68,68,2025
华东师范大学,学科教学（生物）,045107,生命科学学院,373,45,45,68,68,2025
华东师范大学,学科教学（英语）,045108,外语学院,388,45,45,68,68,2025
华东师范大学,学科教学（历史）,045109,历史学系,358,45,45,68,68,2025
华东师范大学,学科教学（地理）,045110,地理科学学院,364,45,45,68,68,2025
华东师范大学,现代教育技术,045114,教育信息技术学系,345,45,45,68,68,2025
华东师范大学,科学与技术教育,045117,教育学部,354,45,45,68,68,2025
华东师范大学,特殊教育,045119,康复科学系,363,45,45,68,68,2025
华东师范大学,特殊教育,045119,特殊教育学系,341,45,45,68,68,2025
华东师范大学,体育教学,045201,体育与健康学院,331,36,36,108,0,2025
华东师范大学,运动训练,045202,体育与健康学院,332,36,36,108,0,2025
华东师范大学,社会体育指导,045204,体育与健康学院,318,36,36,108,0,2025
华东师范大学,国际中文教育,045300,国际汉语文化学院,341,45,45,68,68,2025
华东师范大学,应用心理,045400,心理与认知科学学院,341,45,45,135,0,2025
华东师范大学,高校管理,0455S1,高等教育研究所,341,0,0,0,0,2025
华东师范大学,文艺学,050101,中国语言文学系,351,47,47,71,71,2025
华东师范大学,语言学及应用语言学,050102,中国语言文学系,351,47,47,71,71,2025
华东师范大学,汉语言文字学,050103,中国语言文学系,351,47,47,71,71,2025
华东师范大学,中国古典文献学,050104,中国语言文学系,378,47,47,71,71,2025
华东师范大学,中国古代文学,050105,中国语言文学系,372,47,47,71,71,2025
华东师范大学,中国现当代文学,050106,中国语言文学系,375,47,47,71,71,2025
华东师范大学,比较文学与世界文学,050108,中国语言文学系,362,47,47,71,71,2025
华东师范大学,外国语言文学,050200,外语学院,390,47,47,71,71,2025
华东师范大学,新闻传播学,050300,传播学院,373,47,47,71,71,2025
华东师范大学,翻译,055100,外语学院,371,47,47,71,71,2025
华东师范大学,新闻与传播,055200,政治与国际关系学院,368,47,47,71,71,2025
华东师范大学,新闻与传播,055200,传播学院,373,47,47,71,71,2025
华东师范大学,出版,055300,传播学院,352,47,47,71,71,2025
华东师范大学,创意写作,0554S1,中国语言文学系,362,0,0,0,0,2025
华东师范大学,中国史,060200,历史学系,336,43,43,129,0,2025
华东师范大学,世界史,060300,历史学系,360,43,43,129,0,2025
华东师范大学,数学,070100,数学科学学院,274,34,34,51,51,2025
华东师范大学,物理学,070200,物理与电子科学学院,298,34,34,51,51,2025
华东师范大学,光学,070207,精密光谱科学与技术国家重点实验室,298,34,34,51,51,2025
华东师范大学,化学,070300,化学与分子工程学院,276,34,34,51,51,2025
华东师范大学,自然地理学,070501,地理科学学院,299,34,34,51,51,2025
华东师范大学,自然地理学,070501,河口海岸学国家重点实验室（河口海岸科学研究院）,307,34,34,51,51,2025
华东师范大学,人文地理学,070502,地理科学学院,309,34,34,51,51,2025
华东师范大学,地图学与地理信息系统,070503,地理科学学院,274,34,34,51,51,2025
华东师范大学,海洋科学,070700,河口海岸学国家重点实验室（河口海岸科学研究院）,295,34,34,51,51,2025
华东师范大学,生物学,071000,生命科学学院,305,34,34,51,51,2025
华东师范大学,生态学,071300,生态与环境科学学院,329,34,34,51,51,2025
华东师范大学,生态学,071300,河口海岸学国家重点实验室（河口海岸科学研究院）,274,34,34,51,51,2025
华东师范大学,气象,075100,地理科学学院,274,34,34,51,51,2025
华东师范大学,心理学,077100,心理与认知科学学院,357,34,34,51,51,2025
华东师范大学,教育技术学,078401,教育信息技术学系,282,0,0,0,0,2025
华东师范大学,电子科学与技术,080900,物理与电子科学学院电子科学系,260,34,34,51,51,2025
华东师范大学,信息与通信工程,081000,通信与电子工程学院,310,34,34,51,51,2025
华东师范大学,计算机科学与技术,081200,计算机科学与技术学院,325,34,34,51,51,2025
华东师范大学,港口、海岸及近海工程,081505,河口海岸学国家重点实验室（河口海岸科学研究院）,251,33,33,50,50,2025
华东师范大学,环境科学与工程,083000,生态与环境科学学院,294,34,34,51,51,2025
华东师范大学,软件工程,083500,软件工程学院,316,34,34,51,51,2025
华东师范大学,通信工程（含宽带网络、移动通信等）,085402,通信与电子工程学院,260,34,34,51,51,2025
华东师范大学,集成电路工程,085403,通信与电子工程学院,260,34,34,51,51,2025
华东师范大学,计算机技术,085404,计算机科学与技术学院,260,34,34,51,51,2025
华东师范大学,软件工程,085405,软件工程学院,260,34,34,51,51,2025
华东师范大学,光电信息工程,085408,精密光谱科学与技术国家重点实验室,260,34,34,51,51,2025
华东师范大学,人工智能,085410,信息学部,260,34,34,51,51,2025
华东师范大学,人工智能,085410,地理科学学院,260,34,34,51,51,2025
华东师范大学,大数据技术与工程,085411,数据科学与工程学院,260,34,34,51,51,2025
华东师范大学,材料与化工,085600,化学与分子工程学院,260,34,34,51,51,2025
华东师范大学,环境工程,085701,生态与环境科学学院,317,34,34,51,51,2025
华东师范大学,测绘工程,085704,地理科学学院,317,34,34,51,51,2025
华东师范大学,生物与医药,086000,化学与分子工程学院,260,34,34,51,51,2025
华东师范大学,生物与医药,086000,生命科学学院,283,34,34,51,51,2025
华东师范大学,生物与医药,086000,药学院,260,34,34,51,51,2025
华东师范大学,激光工程,0863S1,精密光谱科学与技术国家重点实验室,260,34,34,51,51,2025
华东师范大学,先进仪器技术与应用,0864S1,物理与电子科学学院,260,0,0,0,0,2025
华东师范大学,数据科学与工程,089901,数据科学与工程学院,280,0,0,0,0,2025
华东师范大学,基础医学,100100,生命科学学院,293,36,36,108,0,2025
华东师范大学,药学,100700,药学院,305,36,36,108,0,2025
华东师范大学,会计学,120201,经济与管理学院,333,41,41,62,62,2025
华东师范大学,企业管理,120202,经济与管理学院,333,41,41,62,62,2025
华东师范大学,旅游管理,120203,经济与管理学院,333,41,41,62,62,2025
华东师范大学,市场营销学,1202Z1,亚欧商学院,333,41,41,62,62,2025
华东师范大学,公共管理学,120400,公共管理学院,370,41,41,62,62,2025
华东师范大学,信息资源管理,120500,经济与管理学院,333,41,41,62,62,2025
华东师范大学,工商管理,125100,经济与管理学院,151,0,35,70,0,2025
华东师范大学,公共管理,125200,教育管理学系,164,0,38,76,0,2025
华东师范大学,公共管理,125200,公共管理学院,164,0,38,76,0,2025
华东师范大学,会计,125300,经济与管理学院,194,0,48,96,0,2025
华东师范大学,旅游管理,125400,经济与管理学院,151,0,35,70,0,2025
华东师范大学,图书情报,125500,经济与管理学院,228,0,48,96,0,2025
华东师范大学,工程管理,125601,上海国际首席技术官学院,162,0,38,76,0,2025
华东师范大学,艺术学,130100,美术学院,360,37,37,56,56,2025
华东师范大学,艺术学,130100,音乐学院,351,37,37,56,56,2025
华东师范大学,音乐,135200,音乐学院,369,37,37,56,56,2025
华东师范大学,戏剧与影视,135400,传播学院,381,37,37,56,56,2025
华东师范大学,美术与书法,135600,美术学院,360,37,37,56,56,2025
华东师范大学,设计,135700,设计学院,380,37,37,56,56,2025
华东师范大学,集成电路科学与工程,140100,通信与电子工程学院,266,34,34,51,51,2025
华东师范大学,设计学,140300,设计学院,380,34,34,51,51,2025
华东师范大学,密码,145200,软件工程学院,266,34,34,51,51,2025
华东师范大学,哲学,010100,哲学系,368,41,41,62,62,2026
华东师范大学,应用伦理,015100,哲学系,368,41,41,62,62,2026
华东师范大学,金融学,020204,经济与管理学院,360,40,40,60,60,2026
华东师范大学,产业经济学,020205,经济与管理学院,364,40,40,60,60,2026
华东师范大学,国际贸易学,020206,经济与管理学院,362,40,40,60,60,2026
华东师范大学,金融,025100,经济与管理学院,357,40,40,60,60,2026
华东师范大学,应用统计,025200,统计学院,392,40,40,60,60,2026
华东师范大学,国际商务,025400,经济与管理学院,349,40,40,60,60,2026
华东师范大学,保险,025500,统计学院,349,40,40,60,60,2026
华东师范大学,数字经济,025800,经济与管理学院,353,40,40,60,60,2026
华东师范大学,法学,030100,法学院,356,40,40,60,60,2026
华东师范大学,社会学,030300,社会发展学院,329,40,40,60,60,2026
华东师范大学,法律（非法学）,035101,法学院,323,40,40,60,60,2026
华东师范大学,法律（法学）,035102,法学院,338,40,40,60,60,2026
华东师范大学,社会工作,035200,社会发展学院,321,40,40,60,60,2026
华东师范大学,国际事务,035500,政治与国际关系学院,331,40,40,60,60,2026
华东师范大学,党务管理,0356S1,马克思主义学院,321,40,40,60,60,2026
华东师范大学,教育学,040100,教育学部,365,48,48,144,0,2026
华东师范大学,体育人文社会学,040301,体育与健康学院,395,38,38,114,0,2026
华东师范大学,运动人体科学,040302,体育与健康学院,386,38,38,114,0,2026
华东师范大学,体育教育训练学,040303,体育与健康学院,405,38,38,114,0,2026
华东师范大学,民族传统体育学,040304,体育与健康学院,349,38,38,114,0,2026
华东师范大学,教育,045100,中国语言文学系,353,48,48,72,72,2026
华东师范大学,教育,045100,历史学系,358,48,48,72,72,2026
华东师范大学,教育,045100,马克思主义学院,372,48,48,72,72,2026
华东师范大学,教育,045100,外语学院,360,48,48,72,72,2026
华东师范大学,教育,045100,物理与电子科学学院,348,48,48,72,72,2026
华东师范大学,教育,045100,化学与分子工程学院,347,48,48,72,72,2026
华东师范大学,教育,045100,地理科学学院,353,48,48,72,72,2026
华东师范大学,教育,045100,生命科学学院,347,48,48,72,72,2026
华东师范大学,教育,045100,教育学部,368,48,48,72,72,2026
华东师范大学,教育管理,045101,教育学部,370,48,48,72,72,2026
华东师范大学,学科教学（思政）,045102,马克思主义学院,363,48,48,72,72,2026
华东师范大学,学科教学（语文）,045103,中国语言文学系,353,48,48,72,72,2026
华东师范大学,学科教学（数学）,045104,数学科学学院,370,48,48,72,72,2026
华东师范大学,学科教学（物理）,045105,物理与电子科学学院,395,48,48,72,72,2026
华东师范大学,学科教学（化学）,045106,化学与分子工程学院,366,48,48,72,72,2026
华东师范大学,学科教学（生物）,045107,生命科学学院,377,48,48,72,72,2026
华东师范大学,学科教学（英语）,045108,外语学院,382,48,48,72,72,2026
华东师范大学,学科教学（历史）,045109,历史学系,362,48,48,72,72,2026
华东师范大学,学科教学（地理）,045110,地理科学学院,383,48,48,72,72,2026
华东师范大学,体育教学,045201,体育与健康学院,364,38,38,114,0,2026
华东师范大学,运动训练,045202,体育与健康学院,359,38,38,114,0,2026
华东师范大学,社会体育指导,045204,体育与健康学院,349,38,38,114,0,2026
华东师范大学,国际中文教育,045300,国际汉语文化学院,347,48,48,72,72,2026
华东师范大学,应用心理,045400,心理与认知科学学院,347,48,48,144,0,2026
华东师范大学,高校管理,0455S1,教育学部,347,48,48,72,72,2026
华东师范大学,中国语言文学,050100,中国语言文学系,376,48,48,72,72,2026
华东师范大学,外国语言文学,050200,外语学院,364,48,48,72,72,2026
华东师范大学,新闻传播学,050300,传播学院,367,48,48,72,72,2026
华东师范大学,翻译,055100,外语学院,385,48,48,72,72,2026
华东师范大学,新闻与传播,055200,政治与国际关系学院,364,48,48,72,72,2026
华东师范大学,新闻与传播,055200,传播学院,370,48,48,72,72,2026
华东师范大学,出版,055300,传播学院,370,48,48,72,72,2026
华东师范大学,创意写作,0554S1,中国语言文学系,380,48,48,72,72,2026
华东师范大学,中国史,060200,历史学系,361,45,45,135,0,2026
华东师范大学,世界史,060300,历史学系,365,45,45,135,0,2026
华东师范大学,数学,070100,数学科学学院,286,35,35,53,53,2026
华东师范大学,物理学,070200,物理与电子科学学院,327,35,35,53,53,2026
华东师范大学,光学,070207,精密光谱科学与技术高等研究院,349,35,35,53,53,2026
华东师范大学,化学,070300,化学与分子工程学院,326,35,35,53,53,2026
华东师范大学,地理学,070500,地理科学学院,325,35,35,53,53,2026
华东师范大学,地理学,070500,河口海岸全国重点实验室（河口海岸科学研究院）,275,35,35,53,53,2026
华东师范大学,海洋科学,070700,河口海岸全国重点实验室（河口海岸科学研究院）,340,35,35,53,53,2026
华东师范大学,生物学,071000,生命科学学院,350,35,35,53,53,2026
华东师范大学,生态学,071300,生态与环境科学学院,346,35,35,53,53,2026
华东师范大学,气象,075100,地理科学学院,327,35,35,53,53,2026
华东师范大学,心理学,077100,心理与认知科学学院,334,35,35,53,53,2026
华东师范大学,电子科学与技术,080900,物理与电子科学学院电子科学系,300,35,35,53,53,2026
华东师范大学,环境科学与工程,083000,生态与环境科学学院,305,35,35,53,53,2026
华东师范大学,电子信息,085400,卓越工程师学院,285,35,35,53,53,2026
华东师范大学,通信工程（含宽带网络、移动通信等）,085402,通信与电子工程学院,264,35,35,53,53,2026
华东师范大学,通信工程（含宽带网络、移动通信等）,085402,卓越工程师学院,293,35,35,53,53,2026
华东师范大学,集成电路工程,085403,通信与电子工程学院,264,35,35,53,53,2026
华东师范大学,集成电路工程,085403,卓越工程师学院,279,35,35,53,53,2026
华东师范大学,计算机技术,085404,计算机科学与技术学院,264,35,35,53,53,2026
华东师范大学,软件工程,085405,软件工程学院（滴水湖国际软件学院）,264,35,35,53,53,2026
华东师范大学,软件工程,085405,卓越工程师学院,318,35,35,53,53,2026
华东师范大学,光电信息工程,085408,精密光谱科学与技术高等研究院,264,35,35,53,53,2026
华东师范大学,人工智能,085410,空间人工智能学院,264,35,35,53,53,2026
华东师范大学,人工智能,085410,卓越工程师学院,321,35,35,53,53,2026
华东师范大学,人工智能,085410,上海智能教育研究院,310,35,35,53,53,2026
华东师范大学,大数据技术与工程,085411,数据科学与工程学院,264,35,35,53,53,2026
华东师范大学,材料与化工,085600,化学与分子工程学院,264,35,35,53,53,2026
华东师范大学,环境工程,085701,生态与环境科学学院,332,35,35,53,53,2026
华东师范大学,测绘工程,085704,地理科学学院,333,35,35,53,53,2026
华东师范大学,测绘工程,085704,空间人工智能学院,264,35,35,53,53,2026
华东师范大学,土木水利,085900,河口海岸全国重点实验室（河口海岸科学研究院）,264,35,35,53,53,2026
华东师范大学,生物与医药,086000,生命科学学院,282,35,35,53,53,2026
华东师范大学,生物与医药,086000,药学院,292,35,35,53,53,2026
华东师范大学,先进仪器技术与应用,0864S1,物理与电子科学学院,264,35,35,53,53,2026
华东师范大学,基础医学,100100,生命科学学院,294,36,36,108,0,2026
华东师范大学,药学,100700,药学院,301,36,36,108,0,2026
华东师范大学,会计学,120201,经济与管理学院,334,41,41,62,62,2026
华东师范大学,企业管理,120202,经济与管理学院,343,41,41,62,62,2026
华东师范大学,旅游管理,120203,经济与管理学院,351,41,41,62,62,2026
华东师范大学,市场营销学,1202Z1,上海国际首席技术官学院（亚欧商学院）,332,41,41,62,62,2026
华东师范大学,公共管理学,120400,公共管理学院,368,41,41,62,62,2026
华东师范大学,信息资源管理,120500,经济与管理学院,332,41,41,62,62,2026
华东师范大学,工商管理,125100,经济与管理学院,146,0,35,70,0,2026
华东师范大学,公共管理,125200,教育学部,168,0,39,78,0,2026
华东师范大学,公共管理,125200,公共管理学院,168,0,39,78,0,2026
华东师范大学,会计,125300,经济与管理学院,240,0,51,102,0,2026
华东师范大学,旅游管理,125400,经济与管理学院,151,0,35,70,0,2026
华东师范大学,图书情报,125500,经济与管理学院,257,0,51,102,0,2026
华东师范大学,工程管理,125601,上海国际首席技术官学院（亚欧商学院）,166,0,39,78,0,2026
华东师范大学,艺术学,130100,美术学院,354,38,38,57,57,2026
华东师范大学,艺术学,130100,音乐学院,361,38,38,57,57,2026
华东师范大学,音乐,135200,音乐学院,381,38,38,57,57,2026
华东师范大学,戏剧与影视,135400,传播学院,387,38,38,57,57,2026
华东师范大学,美术与书法,135600,美术学院,361,38,38,57,57,2026
华东师范大学,设计,135700,设计学院,354,38,38,57,57,2026
华东师范大学,设计学,140300,设计学院,266,35,35,53,53,2026
华东师范大学,密码,145200,软件工程学院（滴水湖国际软件学院）,266,35,35,53,53,2026
南方科技大学,金融,025100,金融系,346,48,48,72,72,2023
南方科技大学,数学,070100,量子科学与工程研究院,279,38,38,57,57,2023
南方科技大学,数学,070100,统计与数据科学系,279,38,38,57,57,2023
南方科技大学,数学,070100,数学系,279,38,38,57,57,2023
南方科技大学,商务智能与大数据管理,0701Z1,信息系统与管理工程系,279,38,38,57,57,2023
南方科技大学,物理学,070200,物理系,279,38,38,57,57,2023
南方科技大学,量子科学与工程,0702Z1,量子科学与工程研究院,279,38,38,57,57,2023
南方科技大学,化学,070300,化学系,279,38,38,57,57,2023
南方科技大学,化学,070300,环境科学与工程学院,300,38,38,57,57,2023
南方科技大学,化学,070300,海洋科学与工程系,279,38,38,57,57,2023
南方科技大学,地球物理学,070800,环境科学与工程学院,279,38,38,57,57,2023
南方科技大学,地球物理学,070800,海洋科学与工程系,279,38,38,57,57,2023
南方科技大学,地球物理学,070800,地球与空间科学系,279,38,38,57,57,2023
南方科技大学,生物学,071000,生命科学学院,290,38,38,57,57,2023
南方科技大学,生物学,071000,环境科学与工程学院,279,38,38,57,57,2023
南方科技大学,生物学,071000,海洋科学与工程系,279,38,38,57,57,2023
南方科技大学,生物学,071000,生物医学工程系,279,38,38,57,57,2023
南方科技大学,生物学,071000,医学院（含附属医院）,279,38,38,57,57,2023
南方科技大学,力学,080100,海洋科学与工程系,273,38,38,57,57,2023
南方科技大学,力学,080100,力学与航空航天工程系,260,35,35,53,53,2023
南方科技大学,力学,080100,系统设计与智能制造学院,260,35,35,53,53,2023
南方科技大学,智能制造与机器人,0801Z1,系统设计与智能制造学院,260,35,35,53,53,2023
南方科技大学,智能制造与机器人,0801Z1,机械与能源工程系,298,35,35,53,53,2023
南方科技大学,材料科学与工程,080500,材料科学与工程系,320,38,38,57,57,2023
南方科技大学,材料科学与工程,080500,机械与能源工程系,273,38,38,57,57,2023
南方科技大学,电子科学与技术,080900,机械与能源工程系,300,38,38,57,57,2023
南方科技大学,电子科学与技术,080900,计算机科学与工程系,273,38,38,57,57,2023
南方科技大学,电子科学与技术,080900,生物医学工程系,273,38,38,57,57,2023
南方科技大学,电子科学与技术,080900,深港微电子学院,273,38,38,57,57,2023
南方科技大学,电子科学与技术,080900,量子科学与工程研究院,273,38,38,57,57,2023
南方科技大学,电子科学与技术,080900,电子与电气工程系,273,38,38,57,57,2023
南方科技大学,电子信息,085400,计算机科学与工程系,273,38,38,57,57,2023
南方科技大学,电子信息,085400,生物医学工程系,273,38,38,57,57,2023
南方科技大学,电子信息,085400,创新创业学院,273,38,38,57,57,2023
南方科技大学,电子信息,085400,系统设计与智能制造学院,273,38,38,57,57,2023
南方科技大学,电子信息,085400,量子科学与工程研究院,273,38,38,57,57,2023
南方科技大学,电子信息,085400,电子与电气工程系,273,38,38,57,57,2023
南方科技大学,集成电路工程,085403,深港微电子学院,273,38,38,57,57,2023
南方科技大学,机械,085500,力学与航空航天工程系,273,38,38,57,57,2023
南方科技大学,机械,085500,机械与能源工程系,273,38,38,57,57,2023
南方科技大学,机械,085500,创新创业学院,273,38,38,57,57,2023
南方科技大学,工业设计工程,085507,系统设计与智能制造学院,273,38,38,57,57,2023
南方科技大学,材料与化工,085600,材料科学与工程系,300,38,38,57,57,2023
南方科技大学,材料与化工,085600,物理系,273,38,38,57,57,2023
南方科技大学,材料与化工,085600,创新创业学院,273,38,38,57,57,2023
南方科技大学,材料与化工,085600,深港微电子学院,273,38,38,57,57,2023
南方科技大学,材料与化工,085600,系统设计与智能制造学院,273,38,38,57,57,2023
南方科技大学,资源与环境,085700,环境科学与工程学院,273,38,38,57,57,2023
南方科技大学,资源与环境,085700,海洋科学与工程系,273,38,38,57,57,2023
南方科技大学,资源与环境,085700,地球与空间科学系,273,38,38,57,57,2023
南方科技大学,生物与医药,086000,生物医学工程系,273,38,38,57,57,2023
南方科技大学,生物与医药,086000,医学院（含附属医院）,273,38,38,57,57,2023
南方科技大学,临床医学,105100,医学院（含附属医院）,296,39,39,117,0,2023
南方科技大学,金融,025100,商学院,338,47,47,71,71,2024
南方科技大学,数学,070100,数学系,288,41,41,62,62,2024
南方科技大学,数学,070100,统计与数据科学系,288,41,41,62,62,2024
南方科技大学,商务智能与大数据管理,0701Z1,商学院,288,41,41,62,62,2024
南方科技大学,物理学,070200,物理系,288,41,41,62,62,2024
南方科技大学,量子科学与工程,0702Z1,量子科学与工程研究院,288,41,41,62,62,2024
南方科技大学,化学,070300,化学系,288,41,41,62,62,2024
南方科技大学,化学,070300,环境科学与工程学院,288,41,41,62,62,2024
南方科技大学,化学,070300,海洋科学与工程系,288,41,41,62,62,2024
南方科技大学,地球物理学,070800,环境科学与工程学院,288,41,41,62,62,2024
南方科技大学,地球物理学,070800,地球与空间科学系,288,41,41,62,62,2024
南方科技大学,海洋地球物理学,0708Z1,海洋科学与工程系,288,41,41,62,62,2024
南方科技大学,生物学,071000,生命科学学院,288,41,41,62,62,2024
南方科技大学,生物学,071000,海洋科学与工程系,288,41,41,62,62,2024
南方科技大学,生物学,071000,生物医学工程系,288,41,41,62,62,2024
南方科技大学,生物学,071000,医学院,288,41,41,62,62,2024
南方科技大学,生物学,071000,公共卫生及应急管理学院,288,41,41,62,62,2024
南方科技大学,力学,080100,海洋科学与工程系,260,35,35,53,53,2024
南方科技大学,力学,080100,力学与航空航天工程系,260,35,35,53,53,2024
南方科技大学,力学,080100,系统设计与智能制造学院,260,35,35,53,53,2024
南方科技大学,智能制造与机器人,0801Z1,机械与能源工程系,260,35,35,53,53,2024
南方科技大学,智能制造与机器人,0801Z1,系统设计与智能制造学院,260,35,35,53,53,2024
南方科技大学,智能制造与机器人,0801Z1,创新创意设计学院,260,35,35,53,53,2024
南方科技大学,材料科学与工程,080500,材料科学与工程系,273,37,37,56,56,2024
南方科技大学,材料科学与工程,080500,机械与能源工程系,273,37,37,56,56,2024
南方科技大学,电子科学与技术,080900,电子与电气工程系,273,37,37,56,56,2024
南方科技大学,电子科学与技术,080900,计算机科学与工程系,273,37,37,56,56,2024
南方科技大学,电子科学与技术,080900,生物医学工程系,273,37,37,56,56,2024
南方科技大学,电子信息,085400,电子与电气工程系,273,37,37,56,56,2024
南方科技大学,电子信息,085400,计算机科学与工程系,273,37,37,56,56,2024
南方科技大学,电子信息,085400,生物医学工程系,273,37,37,56,56,2024
南方科技大学,电子信息,085400,创新创业学院,273,37,37,56,56,2024
南方科技大学,电子信息,085400,系统设计与智能制造学院,273,37,37,56,56,2024
南方科技大学,电子信息,085400,深圳理工大学（筹）联合培养,273,37,37,56,56,2024
南方科技大学,集成电路工程,085403,深港微电子学院,273,37,37,56,56,2024
南方科技大学,集成电路工程,085403,深圳理工大学（筹）联合培养,273,37,37,56,56,2024
南方科技大学,机械,085500,力学与航空航天工程系,273,37,37,56,56,2024
南方科技大学,机械,085500,机械与能源工程系,273,37,37,56,56,2024
南方科技大学,工业设计工程,085507,系统设计与智能制造学院,273,37,37,56,56,2024
南方科技大学,工业设计工程,085507,创新创意设计学院,273,37,37,56,56,2024
南方科技大学,材料与化工,085600,化学系,273,37,37,56,56,2024
南方科技大学,材料与化工,085600,材料科学与工程系,273,37,37,56,56,2024
南方科技大学,材料与化工,085600,创新创业学院,273,37,37,56,56,2024
南方科技大学,材料与化工,085600,系统设计与智能制造学院,273,37,37,56,56,2024
南方科技大学,材料与化工,085600,深圳理工大学（筹）联合培养,273,37,37,56,56,2024
南方科技大学,资源与环境,085700,环境科学与工程学院,273,37,37,56,56,2024
南方科技大学,资源与环境,085700,海洋科学与工程系,273,37,37,56,56,2024
南方科技大学,资源与环境,085700,地球与空间科学系,273,37,37,56,56,2024
南方科技大学,生物与医药,086000,生物医学工程系,273,37,37,56,56,2024
南方科技大学,生物与医药,086000,深圳理工大学（筹）联合培养,273,37,37,56,56,2024
南方科技大学,生物与医药,086000,公共卫生及应急管理学院,273,37,37,56,56,2024
南方科技大学,集成电路科学与工程,087300,深港微电子学院,273,37,37,56,56,2024
南方科技大学,临床医学,105100,医学院,304,42,42,126,0,2024
南方科技大学,临床医学,105100,医学院,304,42,42,126,0,2024
南方科技大学,临床医学,105100,医学院,304,42,42,126,0,2024
南方科技大学,临床医学,105100,医学院,304,42,42,126,0,2024
南方科技大学,临床医学,105100,医学院,304,42,42,126,0,2024
南方科技大学,临床医学,105100,医学院,304,42,42,126,0,2024
南方科技大学,临床医学,105100,医学院,304,42,42,126,0,2024
南方科技大学,临床医学,105100,医学院,304,42,42,126,0,2024
南方科技大学,临床医学,105100,医学院,304,42,42,126,0,2024
南方科技大学,临床医学,105100,医学院,304,42,42,126,0,2024
南方科技大学,临床医学,105100,医学院,304,42,42,126,0,2024
南方科技大学,临床医学,105100,医学院,304,42,42,126,0,2024
南方科技大学,临床医学,105100,医学院,304,42,42,126,0,2024
南方科技大学,临床医学,105100,医学院,304,42,42,126,0,2024
南方科技大学,金融,025100,商学院,323,40,40,60,60,2025
南方科技大学,数学,070100,大湾区大学（筹）联合培养,274,34,34,51,51,2025
南方科技大学,数学,070100,数学系,274,34,34,51,51,2025
南方科技大学,数学,070100,统计与数据科学系,274,34,34,51,51,2025
南方科技大学,物理学,070200,物理系,274,34,34,51,51,2025
南方科技大学,物理学,070200,大湾区大学（筹）联合培养,274,34,34,51,51,2025
南方科技大学,量子科学与工程,0702Z1,量子科学与工程研究院,274,34,34,51,51,2025
南方科技大学,化学,070300,化学系,274,34,34,51,51,2025
南方科技大学,化学,070300,海洋科学与工程系,274,34,34,51,51,2025
南方科技大学,地球物理学,070800,地球与空间科学系,274,34,34,51,51,2025
南方科技大学,海洋地球物理学,0708Z1,海洋科学与工程系,274,34,34,51,51,2025
南方科技大学,生物学,071000,公共卫生及应急管理学院,274,34,34,51,51,2025
南方科技大学,生物学,071000,生命科学学院,274,34,34,51,51,2025
南方科技大学,生物学,071000,海洋科学与工程系,274,34,34,51,51,2025
南方科技大学,生物学,071000,医学院,274,34,34,51,51,2025
南方科技大学,力学,080100,海洋科学与工程系,251,33,33,50,50,2025
南方科技大学,力学,080100,力学与航空航天工程系,251,33,33,50,50,2025
南方科技大学,智能制造与机器人,0801Z1,机械与能源工程系,251,33,33,50,50,2025
南方科技大学,智能制造与机器人,0801Z1,创新创意设计学院,251,33,33,50,50,2025
南方科技大学,智能制造与机器人,0801Z1,大湾区大学（筹）联合培养,251,33,33,50,50,2025
南方科技大学,材料科学与工程,080500,材料科学与工程系,260,34,34,51,51,2025
南方科技大学,材料科学与工程,080500,机械与能源工程系,260,34,34,51,51,2025
南方科技大学,电子科学与技术,080900,电子与电气工程系,260,34,34,51,51,2025
南方科技大学,控制科学与工程,081100,系统设计与智能制造学院,260,34,34,51,51,2025
南方科技大学,控制科学与工程,081100,机械与能源工程系,260,34,34,51,51,2025
南方科技大学,计算机科学与技术,081200,计算机科学与工程系,260,34,34,51,51,2025
南方科技大学,环境科学与工程,083000,环境科学与工程学院,260,34,34,51,51,2025
南方科技大学,生物医学工程,083100,生物医学工程系,260,34,34,51,51,2025
南方科技大学,电子信息,085400,国家卓越工程师学院,260,34,34,51,51,2025
南方科技大学,电子信息,085400,电子与电气工程系,260,34,34,51,51,2025
南方科技大学,电子信息,085400,创新创业学院,260,34,34,51,51,2025
南方科技大学,电子信息,085400,大湾区大学（筹）联合培养,260,34,34,51,51,2025
南方科技大学,电子信息,085400,系统设计与智能制造学院,260,34,34,51,51,2025
南方科技大学,电子信息,085400,深圳理工大学联合培养,260,34,34,51,51,2025
南方科技大学,集成电路工程,085403,深港微电子学院,260,34,34,51,51,2025
南方科技大学,集成电路工程,085403,深圳理工大学联合培养,260,34,34,51,51,2025
南方科技大学,机械,085500,量子科学与工程研究院,260,34,34,51,51,2025
南方科技大学,机械,085500,力学与航空航天工程系,260,34,34,51,51,2025
南方科技大学,机械,085500,机械与能源工程系,260,34,34,51,51,2025
南方科技大学,机械,085500,国家卓越工程师学院,260,34,34,51,51,2025
南方科技大学,工业设计工程,085507,创新创意设计学院,260,34,34,51,51,2025
南方科技大学,材料与化工,085600,国家卓越工程师学院,260,34,34,51,51,2025
南方科技大学,材料与化工,085600,创新创业学院,260,34,34,51,51,2025
南方科技大学,材料与化工,085600,化学系,260,34,34,51,51,2025
南方科技大学,材料与化工,085600,系统设计与智能制造学院,260,34,34,51,51,2025
南方科技大学,材料与化工,085600,深港微电子学院,260,34,34,51,51,2025
南方科技大学,材料与化工,085600,物理系,260,34,34,51,51,2025
南方科技大学,材料与化工,085600,深圳理工大学联合培养,260,34,34,51,51,2025
南方科技大学,材料与化工,085600,大湾区大学（筹）联合培养,260,34,34,51,51,2025
南方科技大学,材料与化工,085600,材料科学与工程系,260,34,34,51,51,2025
南方科技大学,资源与环境,085700,海洋科学与工程系,260,34,34,51,51,2025
南方科技大学,资源与环境,085700,环境科学与工程学院,260,34,34,51,51,2025
南方科技大学,资源与环境,085700,地球与空间科学系,260,34,34,51,51,2025
南方科技大学,生物与医药,086000,生物医学工程系,260,34,34,51,51,2025
南方科技大学,生物与医药,086000,深圳理工大学联合培养,260,34,34,51,51,2025
南方科技大学,生物与医药,086000,医学院,260,34,34,51,51,2025
南方科技大学,生物与医药,086000,创新创业学院,260,34,34,51,51,2025
南方科技大学,集成电路科学与工程,087300,深港微电子学院,260,34,34,51,51,2025
南方科技大学,临床医学,100200,医学院,293,36,36,108,0,2025
南方科技大学,临床医学,105100,医学院,293,36,36,108,0,2025
南方科技大学,临床医学,105100,医学院,293,36,36,108,0,2025
南方科技大学,临床医学,105100,医学院,293,36,36,108,0,2025
南方科技大学,临床医学,105100,医学院,293,36,36,108,0,2025
南方科技大学,临床医学,105100,医学院,293,36,36,108,0,2025
南方科技大学,管理科学与工程,120100,商学院,333,41,41,62,62,2025
南方科技大学,工商管理,125100,商学院,151,0,35,70,0,2025
南方科技大学,金融,025100,商学院,324,40,40,60,60,2026
南方科技大学,数学,070100,大湾区大学联合培养,275,35,35,53,53,2026
南方科技大学,数学,070100,数学系,345,35,35,53,53,2026
南方科技大学,数学,070100,统计与数据科学系,310,35,35,53,53,2026
南方科技大学,物理学,070200,大湾区大学联合培养,275,35,35,53,53,2026
南方科技大学,物理学,070200,物理系,275,35,35,53,53,2026
南方科技大学,化学,070300,海洋科学与工程系,275,35,35,53,53,2026
南方科技大学,化学,070300,化学系,275,35,35,53,53,2026
南方科技大学,地球物理学,070800,地球与空间科学系,275,35,35,53,53,2026
南方科技大学,海洋地球物理学,0708Z1,海洋科学与工程系,275,35,35,53,53,2026
南方科技大学,生物学,071000,公共卫生及应急管理学院,290,35,35,53,53,2026
南方科技大学,生物学,071000,海洋科学与工程系,275,35,35,53,53,2026
南方科技大学,生物学,071000,医学院,294,35,35,53,53,2026
南方科技大学,生物学,071000,生命科学学院,316,35,35,53,53,2026
南方科技大学,力学,080100,海洋科学与工程系,251,33,33,50,50,2026
南方科技大学,力学,080100,力学与航空航天工程系,251,33,33,50,50,2026
南方科技大学,智能制造与机器人,0801Z1,大湾区大学联合培养,251,33,33,50,50,2026
南方科技大学,智能制造与机器人,0801Z1,机械与能源工程系,285,33,33,50,50,2026
南方科技大学,智能制造与机器人,0801Z1,创新创意设计学院,251,33,33,50,50,2026
南方科技大学,低空技术与工程,0801Z2,力学与航空航天工程系,251,33,33,50,50,2026
南方科技大学,材料科学与工程,080500,材料科学与工程系,325,35,35,53,53,2026
南方科技大学,材料科学与工程,080500,机械与能源工程系,264,35,35,53,53,2026
南方科技大学,材料科学与工程,080500,自动化与智能制造学院,264,35,35,53,53,2026
南方科技大学,电子科学与技术,080900,电子与电气工程系,264,35,35,53,53,2026
南方科技大学,控制科学与工程,081100,机械与能源工程系,264,35,35,53,53,2026
南方科技大学,控制科学与工程,081100,自动化与智能制造学院,264,35,35,53,53,2026
南方科技大学,计算机科学与技术,081200,大湾区大学联合培养,302,35,35,53,53,2026
南方科技大学,计算机科学与技术,081200,计算机科学与工程系,313,35,35,53,53,2026
南方科技大学,计算机科学与技术,081200,创新创意设计学院,264,35,35,53,53,2026
南方科技大学,环境科学与工程,083000,环境科学与工程学院,264,35,35,53,53,2026
南方科技大学,生物医学工程,083100,生物医学工程系,264,35,35,53,53,2026
南方科技大学,生物医学工程,083100,生物医学工程系,264,35,35,53,53,2026
南方科技大学,生物医学工程,083100,公共卫生及应急管理学院,264,35,35,53,53,2026
南方科技大学,电子信息,085400,创新创业学院,264,35,35,53,53,2026
南方科技大学,电子信息,085400,大湾区大学联合培养,321,35,35,53,53,2026
南方科技大学,电子信息,085400,电子与电气工程系,300,35,35,53,53,2026
南方科技大学,电子信息,085400,国家卓越工程师学院,318,35,35,53,53,2026
南方科技大学,电子信息,085400,深圳理工大学联合培养,318,35,35,53,53,2026
南方科技大学,电子信息,085400,生物医学工程系,264,35,35,53,53,2026
南方科技大学,电子信息,085400,自动化与智能制造学院,264,35,35,53,53,2026
南方科技大学,集成电路工程,085403,深港微电子学院,300,35,35,53,53,2026
南方科技大学,集成电路工程,085403,深圳理工大学联合培养,316,35,35,53,53,2026
南方科技大学,机械,085500,国家卓越工程师学院,264,35,35,53,53,2026
南方科技大学,机械,085500,机械与能源工程系,285,35,35,53,53,2026
南方科技大学,机械,085500,力学与航空航天工程系,264,35,35,53,53,2026
南方科技大学,材料与化工,085600,材料科学与工程系,290,35,35,53,53,2026
南方科技大学,材料与化工,085600,创新创业学院,264,35,35,53,53,2026
南方科技大学,材料与化工,085600,大湾区大学联合培养,339,35,35,53,53,2026
南方科技大学,材料与化工,085600,大湾区大学联合培养,264,35,53,53,53,2026
南方科技大学,材料与化工,085600,国家卓越工程师学院,336,35,35,53,53,2026
南方科技大学,材料与化工,085600,化学系,264,35,35,53,53,2026
南方科技大学,材料与化工,085600,深圳理工大学联合培养,300,35,35,53,53,2026
南方科技大学,材料与化工,085600,物理系,264,35,35,53,53,2026
南方科技大学,资源与环境,085700,地球与空间科学系,264,35,35,53,53,2026
南方科技大学,资源与环境,085700,环境科学与工程学院,264,35,35,53,53,2026
南方科技大学,生物与医药,086000,创新创业学院,264,35,35,53,53,2026
南方科技大学,生物与医药,086000,深圳理工大学联合培养,264,35,35,53,53,2026
南方科技大学,生物与医药,086000,生物医学工程系,264,35,35,53,53,2026
南方科技大学,集成电路科学与工程,087300,深港微电子学院,300,35,35,53,53,2026
南方科技大学,临床医学,100200,医学院,306,36,36,108,0,2026
南方科技大学,临床医学,100200,公共卫生及应急管理学院,294,36,36,108,0,2026
南方科技大学,临床医学,105100,医学院,330,36,36,108,0,2026
南方科技大学,管理科学与工程,120100,商学院,350,41,41,62,62,2026
南方科技大学,管理科学与工程,120100,公共卫生及应急管理学院,332,41,41,62,62,2026
南方科技大学,工商管理,125100,商学院,146,0,35,70,0,2026
湖南大学,哲学,01,不区分院系,330,45,45,90,90,2023
湖南大学,金融,0251,不区分院系,360,55,55,90,90,2023
湖南大学,应用统计,0252,不区分院系,360,55,55,90,90,2023
湖南大学,税务,0253,不区分院系,360,55,55,90,90,2023
湖南大学,国际商务,0254,不区分院系,360,55,55,90,90,2023
湖南大学,保险,0255,不区分院系,360,55,55,90,90,2023
湖南大学,经济学,02,不区分院系,350,55,55,90,90,2023
湖南大学,法律（非法学）,035101,不区分院系,330,45,45,90,90,2023
湖南大学,法律（法学）,035102,不区分院系,330,45,45,90,90,2023
湖南大学,法学,03,不区分院系,375,50,50,90,90,2023
湖南大学,教育,0451,不区分院系,350,51,51,90,90,2023
湖南大学,汉语国际教育,0453,不区分院系,365,55,55,90,90,2023
湖南大学,教育学（不含体育学）,04,不区分院系,350,51,51,180,0,2023
湖南大学,翻译,0551,不区分院系,370,55,55,90,90,2023
湖南大学,新闻与传播,0552,不区分院系,375,60,60,90,90,2023
湖南大学,文学,05,不区分院系,365,60,60,90,90,2023
湖南大学,文物与博物馆,0651,不区分院系,380,60,60,180,0,2023
湖南大学,历史学,06,不区分院系,350,55,55,180,0,2023
湖南大学,理学,07,不区分院系,340,50,50,85,85,2023
湖南大学,建筑学,0851,不区分院系,310,50,50,80,80,2023
湖南大学,城市规划,0853,不区分院系,310,50,50,80,80,2023
湖南大学,电子信息,0854,不区分院系,310,50,50,80,80,2023
湖南大学,机械,0855,不区分院系,310,50,50,80,80,2023
湖南大学,材料与化工,0856,不区分院系,310,50,50,80,80,2023
湖南大学,资源与环境,0857,不区分院系,310,50,50,80,80,2023
湖南大学,能源动力,0858,不区分院系,310,50,50,80,80,2023
湖南大学,土木水利,0859,不区分院系,310,50,50,80,80,2023
湖南大学,生物与医药,0860,不区分院系,273,38,38,57,57,2023
湖南大学,工学（不含工学照顾专业）,08,不区分院系,310,50,50,80,80,2023
湖南大学,医学（不含中医类照顾专业）,10,不区分院系,310,50,50,180,0,2023
湖南大学,工商管理,1251,不区分院系,167,0,41,82,0,2023
湖南大学,公共管理,1252,不区分院系,180,0,45,90,0,2023
湖南大学,会计,1253,不区分院系,200,0,55,110,0,2023
湖南大学,工程管理,1256,不区分院系,178,0,44,88,0,2023
湖南大学,管理学,12,不区分院系,345,50,50,90,90,2023
湖南大学,艺术,1351,不区分院系,380,60,60,100,100,2023
湖南大学,艺术学,13,不区分院系,370,60,60,100,100,2023
湖南大学,哲学,01,不区分院系,380,50,50,90,90,2024
湖南大学,金融,0251,不区分院系,350,55,55,80,80,2024
湖南大学,应用统计,0252,不区分院系,350,55,55,80,80,2024
湖南大学,税务,0253,不区分院系,350,55,55,80,80,2024
湖南大学,国际商务,0254,不区分院系,350,55,55,80,80,2024
湖南大学,保险,0255,不区分院系,350,55,55,80,80,2024
湖南大学,经济学,02,不区分院系,345,55,55,80,80,2024
湖南大学,法律（非法学）,035101,法学院,331,47,47,71,71,2024
湖南大学,法律（法学）,035102,法学院,331,47,47,71,71,2024
湖南大学,法学,03,不区分院系,360,50,50,90,90,2024
湖南大学,教育,0451,不区分院系,350,51,51,77,77,2024
湖南大学,国际中文教育,0453,不区分院系,375,60,60,90,90,2024
湖南大学,教育学（不含体育学）,04,不区分院系,350,55,55,180,0,2024
湖南大学,翻译,0551,不区分院系,365,55,55,83,83,2024
湖南大学,新闻与传播,0552,不区分院系,375,60,60,90,90,2024
湖南大学,文学,05,不区分院系,385,60,60,90,90,2024
湖南大学,历史学,06,不区分院系,345,55,55,180,0,2024
湖南大学,理学,07,不区分院系,335,50,50,85,85,2024
湖南大学,建筑,0851,不区分院系,305,50,50,80,80,2024
湖南大学,城乡规划,0853,不区分院系,305,50,50,80,80,2024
湖南大学,电子信息,0854,不区分院系,305,50,50,80,80,2024
湖南大学,机械,0855,不区分院系,305,50,50,80,80,2024
湖南大学,材料与化工,0856,不区分院系,305,50,50,80,80,2024
湖南大学,资源与环境,0857,不区分院系,305,50,50,80,80,2024
湖南大学,能源动力,0858,不区分院系,305,50,50,80,80,2024
湖南大学,土木水利,0859,不区分院系,305,50,50,80,80,2024
湖南大学,生物与医药,0860,不区分院系,305,50,50,80,80,2024
湖南大学,工学（不含工学照顾专业）,08,不区分院系,300,50,50,70,70,2024
湖南大学,医学（不含中医类照顾专业）,10,不区分院系,304,42,42,126,0,2024
湖南大学,公共管理,1252,不区分院系,175,0,45,90,0,2024
湖南大学,会计,1253,不区分院系,215,0,55,110,0,2024
湖南大学,工程管理,1256,不区分院系,176,0,43,86,0,2024
湖南大学,管理学,12,不区分院系,360,50,50,90,90,2024
湖南大学,设计,1357,不区分院系,380,60,60,100,100,2024
湖南大学,文物,1451,不区分院系,325,55,55,90,90,2024
湖南大学,交叉学科,14,不区分院系,355,60,60,90,90,2024
湖南大学,哲学,01,不区分院系,360,55,55,90,90,2025
湖南大学,金融,0251,不区分院系,345,55,55,80,80,2025
湖南大学,应用统计,0252,不区分院系,345,55,55,80,80,2025
湖南大学,税务,0253,不区分院系,345,55,55,80,80,2025
湖南大学,国际商务,0254,不区分院系,345,55,55,80,80,2025
湖南大学,保险,0255,不区分院系,345,55,55,80,80,2025
湖南大学,数字经济,0258,不区分院系,345,55,55,80,80,2025
湖南大学,经济学,02,不区分院系,345,55,55,80,80,2025
湖南大学,法律（非法学）,035101,法学院,323,40,40,60,60,2025
湖南大学,法律（法学）,035102,法学院,323,40,40,60,60,2025
湖南大学,法学,03,不区分院系,330,45,45,85,85,2025
湖南大学,教育,0451,不区分院系,341,50,50,80,80,2025
湖南大学,国际中文教育,0453,不区分院系,365,55,55,90,90,2025
湖南大学,教育学（不含体育学）,04,不区分院系,345,50,50,180,180,2025
湖南大学,翻译,0551,不区分院系,370,60,60,90,90,2025
湖南大学,新闻与传播,0552,不区分院系,360,50,50,80,80,2025
湖南大学,文学,05,不区分院系,351,55,55,90,90,2025
湖南大学,历史学,06,不区分院系,359,60,60,180,180,2025
湖南大学,理学,07,不区分院系,310,45,45,80,80,2025
湖南大学,建筑,0851,不区分院系,305,50,50,80,80,2025
湖南大学,城乡规划,0853,不区分院系,305,50,50,80,80,2025
湖南大学,电子信息,0854,不区分院系,305,50,50,80,80,2025
湖南大学,机械,0855,不区分院系,305,50,50,80,80,2025
湖南大学,材料与化工,0856,不区分院系,305,50,50,80,80,2025
湖南大学,资源与环境,0857,不区分院系,305,50,50,80,80,2025
湖南大学,能源动力,0858,不区分院系,305,50,50,80,80,2025
湖南大学,土木水利,0859,不区分院系,305,50,50,80,80,2025
湖南大学,生物与医药,0860,不区分院系,305,50,50,80,80,2025
湖南大学,工学（不含工学照顾专业）,08,不区分院系,300,50,50,70,70,2025
湖南大学,医学（不含中医类照顾专业）,10,不区分院系,293,36,36,108,108,2025
湖南大学,工商管理,1251,不区分院系,151,35,35,70,70,2025
湖南大学,公共管理,1252,不区分院系,165,38,38,76,76,2025
湖南大学,会计,1253,不区分院系,200,48,48,96,96,2025
湖南大学,工程管理,1256,不区分院系,162,38,38,76,76,2025
湖南大学,管理学,12,不区分院系,340,45,45,90,90,2025
湖南大学,设计,1357,不区分院系,378,55,55,100,100,2025
湖南大学,文物,1451,不区分院系,355,60,60,90,90,2025
湖南大学,交叉学科,14,不区分院系,320,45,45,90,90,2025
湖南大学,哲学,01,不区分院系,340,50,50,75,75,2026
湖南大学,经济学,02,不区分院系,340,50,50,75,75,2026
湖南大学,法学,03,不区分院系,325,50,50,75,75,2026
湖南大学,教育,0451,不区分院系,350,50,50,75,75,2026
湖南大学,国际中文教育,0453,不区分院系,350,50,50,75,75,2026
湖南大学,教育学,04,不区分院系,350,50,50,150,0,2026
湖南大学,文学,05,不区分院系,355,50,50,75,75,2026
湖南大学,历史学,06,不区分院系,350,50,50,150,0,2026
湖南大学,理学,07,不区分院系,310,50,50,75,75,2026
湖南大学,工学（不含工学照顾专业）,08,不区分院系,305,50,50,75,75,2026
湖南大学,农学,09,不区分院系,300,50,50,75,75,2026
湖南大学,医学,10,不区分院系,300,50,50,150,0,2026
湖南大学,工商管理,1251,不区分院系,146,35,35,70,70,2026
湖南大学,公共管理,1252,不区分院系,168,39,39,78,78,2026
湖南大学,会计,1253,不区分院系,259,0,51,102,0,2026
湖南大学,工程管理,1256,不区分院系,166,0,39,78,0,2026
湖南大学,管理学,12,不区分院系,340,50,50,75,75,2026
湖南大学,艺术学,13,不区分院系,360,50,50,75,75,2026
湖南大学,交叉学科,14,不区分院系,320,50,50,75,75,2026
华南理工大学,金融,0251,不区分院系,360,60,60,90,90,2023
华南理工大学,国际商务,0254,不区分院系,360,60,60,90,90,2023
华南理工大学,经济学,02,不区分院系,350,55,55,90,90,2023
华南理工大学,法律（非法学）,035101,不区分院系,335,55,55,85,85,2023
华南理工大学,法律（法学）,035102,不区分院系,335,55,55,85,85,2023
华南理工大学,社会工作,0352,不区分院系,340,50,50,90,90,2023
华南理工大学,法学,03,不区分院系,340,60,60,80,80,2023
华南理工大学,体育学,0403,不区分院系,345,50,50,200,0,2023
华南理工大学,体育,0452,不区分院系,345,50,50,200,0,2023
华南理工大学,翻译,0551,不区分院系,370,60,60,90,90,2023
华南理工大学,新闻与传播,0552,不区分院系,370,60,60,90,90,2023
华南理工大学,文学,05,不区分院系,370,60,60,90,90,2023
华南理工大学,理学,07,不区分院系,310,50,50,70,70,2023
华南理工大学,设计学,087200,不区分院系,362,40,40,90,90,2023
华南理工大学,建筑学,0851,不区分院系,310,50,50,70,70,2023
华南理工大学,城市规划,0853,不区分院系,340,60,60,90,90,2023
华南理工大学,电子信息,0854,不区分院系,310,50,50,70,70,2023
华南理工大学,机械,0855,不区分院系,310,50,50,70,70,2023
华南理工大学,材料与化工,0856,不区分院系,310,50,50,70,70,2023
华南理工大学,资源与环境,0857,不区分院系,310,50,50,70,70,2023
华南理工大学,能源动力,0858,不区分院系,310,50,50,70,70,2023
华南理工大学,土木水利,0859,不区分院系,310,50,50,70,70,2023
华南理工大学,生物与医药,0860,不区分院系,310,50,50,70,70,2023
华南理工大学,交通运输,0861,不区分院系,310,50,50,70,70,2023
华南理工大学,工学（不含工学照顾专业）,08,不区分院系,310,50,50,70,70,2023
华南理工大学,风景园林,0953,不区分院系,340,60,60,90,90,2023
华南理工大学,临床医学,1051,不区分院系,315,50,50,180,0,2023
华南理工大学,药学,1055,不区分院系,340,60,60,180,0,2023
华南理工大学,医学（不含中医类照顾专业）,10,不区分院系,315,50,50,180,0,2023
华南理工大学,工程管理,125601,不区分院系,195,0,50,100,0,2023
华南理工大学,项目管理,125602,不区分院系,195,0,50,100,0,2023
华南理工大学,工业工程与管理,125603,不区分院系,245,0,60,120,0,2023
华南理工大学,物流工程与管理,125604,不区分院系,245,0,60,120,0,2023
华南理工大学,工商管理,1251,不区分院系,167,0,41,82,0,2023
华南理工大学,公共管理,1252,不区分院系,195,0,50,100,0,2023
华南理工大学,会计,1253,不区分院系,245,0,60,120,0,2023
华南理工大学,管理学,12,不区分院系,355,60,60,85,85,2023
华南理工大学,艺术,1351,不区分院系,362,40,40,90,90,2023
华南理工大学,艺术学,13,不区分院系,362,40,40,90,90,2023
华南理工大学,经济学,02,不区分院系,360,60,60,90,90,2024
华南理工大学,法律（非法学）,035101,法学院,340,55,55,85,85,2024
华南理工大学,社会工作,0352,不区分院系,331,50,50,90,90,2024
华南理工大学,法学,03,不区分院系,350,60,60,90,90,2024
华南理工大学,体育学,0403,不区分院系,330,50,50,190,0,2024
华南理工大学,体育,0452,不区分院系,330,50,50,190,0,2024
华南理工大学,文学,05,不区分院系,370,60,60,90,90,2024
华南理工大学,理学,07,不区分院系,310,50,50,70,70,2024
华南理工大学,设计学,087200,设计学院,362,40,40,90,90,2024
华南理工大学,建筑,0851,不区分院系,340,60,60,90,90,2024
华南理工大学,城乡规划,0853,不区分院系,340,60,60,90,90,2024
华南理工大学,风景园林,0862,不区分院系,340,60,60,90,90,2024
华南理工大学,工学（不含工学照顾专业）,08,不区分院系,310,50,50,70,70,2024
华南理工大学,药学,1055,不区分院系,330,60,60,180,0,2024
华南理工大学,医学（不含中医类照顾专业）,10,不区分院系,315,50,50,180,0,2024
华南理工大学,工程管理,125601,土木与交通学院,180,0,50,100,0,2024
华南理工大学,工程管理,125601,工商管理学院,180,0,50,100,0,2024
华南理工大学,工程管理,125601,经济与金融学院,180,0,50,100,0,2024
华南理工大学,工程管理,125601,旅游管理系,180,0,50,100,0,2024
华南理工大学,工程管理,125601,电子商务系,180,0,50,100,0,2024
华南理工大学,工业工程与管理,125603,工商管理学院,245,0,60,120,0,2024
华南理工大学,物流工程与管理,125604,电子商务系,245,0,60,120,0,2024
华南理工大学,工商管理,1251,不区分院系,162,0,39,78,0,2024
华南理工大学,公共管理,1252,不区分院系,175,0,50,100,0,2024
华南理工大学,会计,1253,不区分院系,245,0,60,120,0,2024
华南理工大学,管理学,12,不区分院系,355,60,60,85,85,2024
华南理工大学,艺术学,13,不区分院系,362,40,40,90,90,2024
华南理工大学,交叉学科,14,不区分院系,310,50,50,70,70,2024
华南理工大学,经济学,02,不区分院系,350,60,60,90,90,2025
华南理工大学,法学,03,不区分院系,325,50,50,80,80,2025
华南理工大学,体育,0452,不区分院系,315,40,40,180,180,2025
华南理工大学,文学,05,不区分院系,355,55,55,80,80,2025
华南理工大学,理学,07,不区分院系,310,45,45,70,70,2025
华南理工大学,工学（不含工学照顾专业）,08,不区分院系,300,45,45,70,70,2025
华南理工大学,药学,1055,不区分院系,330,60,60,180,180,2025
华南理工大学,医学（不含中医类照顾专业）,10,不区分院系,300,45,45,170,170,2025
华南理工大学,工程管理,125601,经济与金融学院,162,0,38,76,0,2025
华南理工大学,工程管理,125601,电子商务系,162,0,38,76,0,2025
华南理工大学,工程管理,125601,旅游管理系,162,0,38,76,0,2025
华南理工大学,工程管理,125601,工商管理学院,162,0,38,76,0,2025
华南理工大学,工程管理,125601,土木与交通学院,162,0,38,76,0,2025
华南理工大学,工业工程与管理,125603,工商管理学院,210,0,60,120,0,2025
华南理工大学,物流工程与管理,125604,电子商务系,210,0,60,120,0,2025
华南理工大学,工商管理,1251,不区分院系,151,0,35,70,0,2025
华南理工大学,公共管理,1252,不区分院系,164,0,38,76,0,2025
华南理工大学,会计,1253,不区分院系,230,0,60,120,0,2025
华南理工大学,管理学,12,不区分院系,335,55,55,80,80,2025
华南理工大学,艺术学,13,不区分院系,351,37,37,90,90,2025
华南理工大学,交叉学科,14,不区分院系,310,45,45,70,70,2025
华南理工大学,经济学,02,不区分院系,340,60,60,90,90,2026
华南理工大学,法学,03,不区分院系,325,55,55,80,80,2026
华南理工大学,体育,0452,不区分院系,320,50,50,180,0,2026
华南理工大学,文学,05,不区分院系,355,60,60,90,90,2026
华南理工大学,理学,07,不区分院系,310,50,50,70,70,2026
华南理工大学,工学（不含工学照顾专业）,08,不区分院系,305,50,50,70,70,2026
华南理工大学,医学,10,不区分院系,300,50,50,175,0,2026
华南理工大学,工程管理,125601,工商管理学院,166,0,39,78,0,2026
华南理工大学,工程管理,125601,旅游管理系,166,0,39,78,0,2026
华南理工大学,工程管理,125601,经济与金融学院,166,0,39,78,0,2026
华南理工大学,工程管理,125601,土木与交通学院,166,0,39,78,0,2026
华南理工大学,工程管理,125601,电子商务系,166,0,39,78,0,2026
华南理工大学,工程管理,125601,化学与化工学院,166,0,39,78,0,2026
华南理工大学,工程管理,125601,电力学院,166,0,39,78,0,2026
华南理工大学,工业工程与管理,125603,工商管理学院,220,0,60,120,0,2026
华南理工大学,物流工程与管理,125604,电子商务系,220,0,60,120,0,2026
华南理工大学,工商管理,1251,不区分院系,146,0,35,70,0,2026
华南理工大学,公共管理,1252,不区分院系,168,0,39,78,0,2026
华南理工大学,会计,1253,不区分院系,220,0,60,120,0,2026
华南理工大学,管理学,12,不区分院系,335,55,55,80,80,2026
华南理工大学,艺术学,13,不区分院系,355,40,40,90,90,2026
华南理工大学,交叉学科,14,不区分院系,320,50,50,75,75,2026
电子科技大学,金融,0251,不区分院系,360,60,60,90,90,2023
电子科技大学,经济学,02,不区分院系,360,50,50,75,75,2023
电子科技大学,法学,03,不区分院系,370,60,60,90,90,2023
电子科技大学,教育学（不含体育学）,04,不区分院系,355,60,60,180,0,2023
电子科技大学,外国语言文学,0502,不区分院系,385,65,65,98,98,2023
电子科技大学,新闻传播学,0503,不区分院系,375,60,60,90,90,2023
电子科技大学,翻译,0551,不区分院系,363,54,54,81,81,2023
电子科技大学,新闻与传播,0552,不区分院系,375,60,60,90,90,2023
电子科技大学,理学,07,不区分院系,300,50,50,70,70,2023
电子科技大学,航空宇航科学与技术,0825,不区分院系,300,50,50,70,70,2023
电子科技大学,电子信息,0854,不区分院系,285,50,50,75,75,2023
电子科技大学,机械,0855,不区分院系,285,50,50,75,75,2023
电子科技大学,材料与化工,0856,不区分院系,285,50,50,75,75,2023
电子科技大学,交通运输,0861,不区分院系,285,50,50,75,75,2023
电子科技大学,工学（不含工学照顾专业）,08,不区分院系,315,50,50,75,75,2023
电子科技大学,临床医学,1051,不区分院系,320,50,50,150,0,2023
电子科技大学,护理,1054,不区分院系,320,50,50,150,0,2023
电子科技大学,药学,1055,不区分院系,320,50,50,150,0,2023
电子科技大学,医学（不含中医类照顾专业）,10,不区分院系,300,45,45,135,0,2023
电子科技大学,工商管理,1251,不区分院系,167,0,41,82,0,2023
电子科技大学,公共管理,1252,不区分院系,180,0,50,100,0,2023
电子科技大学,管理学,12,不区分院系,360,60,60,90,90,2023
电子科技大学,集成电路科学与工程,1401,不区分院系,305,50,50,70,70,2023
电子科技大学,金融,0251,不区分院系,360,60,60,90,90,2024
电子科技大学,经济学,02,不区分院系,360,50,50,75,75,2024
电子科技大学,法学,03,不区分院系,385,60,60,90,90,2024
电子科技大学,教育学（不含体育学）,04,不区分院系,390,60,60,180,0,2024
电子科技大学,翻译,0551,不区分院系,375,60,60,90,90,2024
电子科技大学,新闻与传播,0552,不区分院系,395,60,60,90,90,2024
电子科技大学,文学,05,不区分院系,375,60,60,90,90,2024
电子科技大学,理学,07,不区分院系,310,50,50,75,75,2024
电子科技大学,航空宇航科学与技术,082500,航空航天学院,300,50,50,75,75,2024
电子科技大学,电子信息,0854,不区分院系,285,50,50,70,70,2024
电子科技大学,机械,0855,不区分院系,285,50,50,70,70,2024
电子科技大学,材料与化工,0856,不区分院系,285,50,50,70,70,2024
电子科技大学,交通运输,0861,不区分院系,285,50,50,70,70,2024
电子科技大学,工学（不含工学照顾专业）,08,不区分院系,315,50,50,75,75,2024
电子科技大学,临床医学,1051,不区分院系,320,50,50,150,0,2024
电子科技大学,护理,1054,不区分院系,325,50,50,150,0,2024
电子科技大学,药学,1055,不区分院系,305,50,50,150,0,2024
电子科技大学,医学（不含中医类照顾专业）,10,不区分院系,350,55,55,165,0,2024
电子科技大学,管理科学与工程,1201,不区分院系,385,60,60,90,90,2024
电子科技大学,工商管理学,1202,不区分院系,355,60,60,90,90,2024
电子科技大学,公共管理学,1204,不区分院系,370,65,65,98,98,2024
电子科技大学,工商管理,1251,不区分院系,165,0,40,80,0,2024
电子科技大学,公共管理,1252,不区分院系,190,0,50,100,0,2024
电子科技大学,交叉学科,14,不区分院系,300,50,50,75,75,2024
电子科技大学,金融,0251,不区分院系,330,50,50,75,75,2025
电子科技大学,经济学,02,不区分院系,330,40,40,60,60,2025
电子科技大学,法学,03,不区分院系,360,55,55,83,83,2025
电子科技大学,教育学（不含体育学）,04,不区分院系,341,45,45,135,0,2025
电子科技大学,翻译,0551,不区分院系,365,60,60,90,90,2025
电子科技大学,新闻与传播,0552,不区分院系,355,50,50,75,75,2025
电子科技大学,文学,05,不区分院系,365,55,55,83,83,2025
电子科技大学,理学,07,不区分院系,300,45,45,68,68,2025
电子科技大学,航空宇航科学与技术,0825,不区分院系,300,50,50,75,75,2025
电子科技大学,电子信息,0854,不区分院系,285,50,50,75,75,2025
电子科技大学,机械,0855,不区分院系,285,50,50,75,75,2025
电子科技大学,材料与化工,0856,不区分院系,285,50,50,75,75,2025
电子科技大学,交通运输,0861,不区分院系,285,50,50,75,75,2025
电子科技大学,工学（不含工学照顾专业）,08,不区分院系,310,50,50,75,75,2025
电子科技大学,临床医学,1051,不区分院系,300,40,40,120,0,2025
电子科技大学,护理,1054,不区分院系,310,50,50,150,0,2025
电子科技大学,药学,1055,不区分院系,305,50,50,150,0,2025
电子科技大学,医学（不含中医类照顾专业）,10,不区分院系,293,36,36,108,0,2025
电子科技大学,工商管理,1251,不区分院系,151,0,35,70,0,2025
电子科技大学,公共管理,1252,不区分院系,170,0,40,80,0,2025
电子科技大学,管理学,12,不区分院系,355,50,50,75,75,2025
电子科技大学,密码,1452,不区分院系,285,50,50,75,75,2025
电子科技大学,交叉学科,14,不区分院系,310,50,50,75,75,2025
电子科技大学,金融,0251,不区分院系,325,40,40,60,60,2026
电子科技大学,经济学,02,不区分院系,325,40,40,60,60,2026
电子科技大学,法学,03,不区分院系,340,45,45,68,68,2026
电子科技大学,教育学,04,不区分院系,360,50,50,150,0,2026
电子科技大学,外国语言文学,0502,不区分院系,354,48,48,72,72,2026
电子科技大学,新闻传播学,0503,不区分院系,360,60,60,90,90,2026
电子科技大学,翻译,0551,不区分院系,360,50,50,75,75,2026
电子科技大学,新闻与传播,0552,不区分院系,360,60,60,90,90,2026
电子科技大学,理学,07,不区分院系,310,50,50,75,75,2026
电子科技大学,航空宇航科学与技术,0825,不区分院系,305,50,50,75,75,2026
电子科技大学,电子信息,0854,不区分院系,300,50,50,75,75,2026
电子科技大学,机械,0855,不区分院系,300,50,50,75,75,2026
电子科技大学,材料与化工,0856,不区分院系,300,50,50,75,75,2026
电子科技大学,交通运输,0861,不区分院系,300,50,50,75,75,2026
电子科技大学,工学（不含工学照顾专业）,08,不区分院系,315,50,50,75,75,2026
电子科技大学,临床医学,1051,不区分院系,305,40,40,120,0,2026
电子科技大学,护理,1054,不区分院系,295,40,40,120,0,2026
电子科技大学,药学,1055,不区分院系,305,50,50,150,0,2026
电子科技大学,医学,10,不区分院系,320,40,40,120,0,2026
电子科技大学,工商管理,1251,不区分院系,146,0,35,70,0,2026
电子科技大学,公共管理,1252,不区分院系,180,0,50,100,0,2026
电子科技大学,管理学,12,不区分院系,355,50,50,75,75,2026
电子科技大学,密码,1452,不区分院系,300,50,50,75,75,2026
电子科技大学,交叉学科,14,不区分院系,315,50,50,75,75,2026
